ACC,PDB
A0A075TRK9,8BXL
A0A097PTA8,2MN5
A0A0A0V662,5FZV
A0A0A0VBR5,5FZW
A0A0A0VBX4,4X9Z
A0A0A7EQR3,6RTV
A0A0A7EQR3,6RU1
A0A0A7EQR3,6RU2
A0A0A7EQR3,6RV7
A0A0A7EQR3,6RV8
A0A0A7EQR3,6RV9
A0A0B4J1U3,6MID
A0A0B4J1V1,6APD
A0A0B4J2H0,5WKZ
A0A0B5AC95,5JYQ
A0A0B5AC95,6VEQ
A0A0B5L781,8XTE
A0A0B5L781,8XTF
A0A0B5L781,8XTG
A0A0B5LB55,7DBI
A0A0B5LB55,7DBL
A0A0B7P9G0,8CT8
A0A0C4DH41,7CZW
A0A0C4DH41,7D03
A0A0D1DWQ2,6FPF
A0A0D1DWQ2,6FPG
A0A0D1DWQ2,6TI2
A0A0D1DWZ5,7PZE
A0A0D1DWZ5,8S6N
A0A0D1DWZ5,8S6O
A0A0D1E015,8S6U
A0A0E3SVE7,6PPC
A0A0F7YZQ7,8F04
A0A0G2KTI4,6NPH
A0A0G2KTI4,6NPJ
A0A0G2KTI4,6NPK
A0A0G2KTI4,6NPL
A0A0M3KKW3,4QNN
A0A0N7CSQ4,2MVA
A0A0P0XII1,7VS7
A0A0R4I951,2MVT
A0A0R4IMY7,6DRJ
A0A0R4IMY7,6DRK
A0A0R4IMY7,6PKV
A0A0R4IMY7,6PKW
A0A0R4IMY7,6PKX
A0A0R4IMY7,7AOV
A0A0U2UYC4,9H3I
A0A0U2UYC4,9H4E
A0A0U2UYC4,9H4G
A0A0U2UYC4,9H4H
A0A140H546,6BXR
A0A140H546,6BXW
A0A161CFW5,8AP9
A0A166U5H3,5XOH
A0A193AUK9,6BXS
A0A193AUK9,6BXT
A0A1B1FHP3,8B27
A0A1L8F5J9,3QEK
A0A1L8F5J9,3QEL
A0A1L8F5J9,3QEM
A0A1L8F5J9,4TLL
A0A1L8F5J9,4TLM
A0A1L8F5J9,5B3J
A0A1L8F5J9,5EWJ
A0A1L8F5J9,5EWL
A0A1L8F5J9,5EWM
A0A1L8F5J9,5IOU
A0A1L8F5J9,5IOV
A0A1L8F5J9,5IPQ
A0A1L8F5J9,5IPR
A0A1L8F5J9,5IPS
A0A1L8F5J9,5IPT
A0A1L8F5J9,5IPU
A0A1L8F5J9,5IPV
A0A1L8F5J9,5TPW
A0A1L8F5J9,5TPZ
A0A1L8F5J9,5TQ0
A0A1L8F5J9,5TQ2
A0A1L8F5J9,5UN1
A0A1L8F5J9,5UOW
A0A1L8F5J9,5UP2
A0A1L8F5J9,6E7R
A0A1L8F5J9,6E7S
A0A1L8F5J9,6E7T
A0A1L8F5J9,6E7U
A0A1L8F5J9,6E7V
A0A1L8F5J9,6E7W
A0A1L8F5J9,6E7X
A0A1L8F5J9,7TE6
A0A1Z0YU59,5M4V
A0A2H1VE33,4H0N
A0A2L0ART2,5X0S
A0A2P1GIW2,6RT8
A0A2P1GIW3,6RS4
A0A384E129,6CEG
A0A3B6UES5,6BFI
A0A3G5BIB1,6PX8
A0A3G5BIC2,6PX7
A0A452E9Y6,2E9E
A0A452E9Y6,2EFB
A0A452E9Y6,2EHA
A0A452E9Y6,2OJV
A0A452E9Y6,2R5L
A0A452E9Y6,3N8F
A0A452E9Y6,3NAK
A0A452E9Y6,3NIU
A0A452E9Y6,3QF1
A0A452E9Y6,3R55
A0A452E9Y6,3RKE
A0A452E9Y6,3SXV
A0A452E9Y6,4MSF
A0A452E9Y6,4OEK
A0A452E9Y6,4QJQ
A0A452E9Y6,5FF1
A0A452E9Y6,5HPW
A0A452E9Y6,6LF7
A0A452E9Y6,8ING
A0A480NP79,9CPC
A0A509AHB6,3Q5I
A0A515MEM9,6K2G
A0FGR8,2DMG
A0FGR8,4NPJ
A0FGR8,4NPK
A0FGR8,4P42
A0JNT9,6F1T
A0JNT9,6F1U
A0JNT9,6ZNM
A0JNT9,7Z8F
A0JNT9,7Z8I
A0JNT9,7Z8J
A0JNT9,7Z8K
A0JNT9,7Z8M
A0JNT9,9DGT
A0JNT9,9DGU
A0S864,2H7Z
A0ZT93,2ZIB
A1A6H3,6ILR
A1A6H3,6ILS
A1A6H3,6ILT
A1IKL2,2MAR
A1L314,6SB1
A1L314,6SB3
A1L314,6SB4
A1L314,6SB5
A1L314,8A1D
A1L314,8A1S
A1L3X0,6Y7F
A1XBS5,8CEG
A1XQU5,3J7O
A1XQU5,3J7P
A1XQU5,3J7Q
A1XQU5,3J7R
A1Z6E0,2FNJ
A1Z6E0,2IHS
A1Z9P3,3THF
A2A259,5Z1W
A2A259,7D7E
A2A259,7D7F
A2AR95,7N1H
A2ASQ1,3PVE
A2QTU5,6DRU
A2R2V4,4C5Y
A2R2V4,4C60
A2R2V4,4C65
A2RT67,6B3Y
A2T2X4,8BD7
A2T2X4,8RUY
A2XDA1,5MOG
A3RFZ7,6MJ3
A3RFZ7,6MJO
A3RFZ7,7KCZ
A4D126,4CVH
A4D1P6,6VYC
A4D1P6,8KB8
A4D1P6,8KB9
A4D1P6,8SHJ
A4D1P6,8T55
A4D1P6,9DTA
A4D1P6,9DTB
A4D1P6,9EJO
A4D1P6,9EJP
A4D1P6,9MK7
A4D2B0,4V0H
A4GRC6,5MF1
A4GRC6,6DBS
A4GRC6,6E18
A4Q9E8,6VZQ
A4Q9E8,6VZR
A4Q9E8,6VZS
A4Q9E8,6VZT
A4Q9E8,6VZU
A4Q9E8,6VZV
A4Q9E8,6VZW
A4Q9E8,8T42
A4Q9E8,8U3Z
A4QUT2,3UT2
A4QUT2,5CJH
A4QUT2,5JHX
A4QUT2,5JHY
A4QUT2,5JHZ
A4ZDL6,3A2E
A4ZDL6,4XRE
A5JUY8,2GJM
A5JUY8,2O86
A5JUY8,2Z5Z
A5JUY8,3ERH
A5JUY8,3FAQ
A5JUY8,3FNL
A5JUY8,4Y55
A5K302,4ZL4
A5K302,6C4G
A5K302,8TYF
A5K302,8TYG
A6H782,7RRO
A6H782,8OTZ
A6H782,9CPB
A6H782,9FQR
A6NGQ2,8X7V
A6NGQ2,8X7W
A6NI73,2D3V
A6NJ78,8IPI
A6NJ78,8IPK
A6NJ78,8IPL
A6NJ78,8IPM
A7T1N0,6CO7
A7T1N0,9JJE
A7T1N0,9JJF
A8D8P8,5GUH
A8HN58,2YC2
A8HN58,2YC4
A8I4E9,8GLV
A8JB22,7JU4
A8JF70,6U42
A8JF70,7KZM
A8JF70,7KZO
A8JGB0,5ZME
A8JGB0,5ZMF
A8K2U0,7Q1Y
A8K2U0,7Q5Z
A8K2U0,7Q60
A8K2U0,7Q61
A8K2U0,7Q62
A8K7I4,6PYO
A8K7I4,6PYX
A8K8P3,2K2I
A8MTJ3,8RQL
A8MTJ3,8VY9
A8MTJ3,8XQP
A8MTJ3,8YKY
A8MTZ0,6XT9
A8R7E6,4EBY
A8R7E6,4EBZ
A9LNK9,5ZUU
A9XFZ7,2LN4
A9YTQ3,5Y7Y
B0F481,4A0F
B0F481,4A0G
B0F481,4A0H
B0F481,4A0R
B0V2N1,3SR9
B1AL88,6XIW
B1AL88,7CM3
B1AL88,7SX3
B1AL88,7SX4
B1AL88,7WJI
B1P0S1,4KE2
B1P1F7,8CIQ
B1P1F7,8CJP
B1P1F7,8CJQ
B1P1F7,8CJR
B1P1F7,8CJS
B1P1F7,8CJT
B1Q236,4OF0
B1Q236,4OF3
B1Q236,4OF6
B1Q236,4OF7
B1Q236,4OFY
B2GUB3,5VLQ
B2KPN7,2JQB
B2KPN7,2JQC
B2KPN7,2YYF
B2RXS4,5E6P
B2RXS4,7KDC
B3A0S5,3U7B
B3EWH0,2MZF
B3EWH0,2MZG
B3EWH9,3VTS
B3H5J1,5HZ3
B3H5K9,9NBI
B4FUP5,6H3P
B4UN32,7O9O
B4UN32,7O9P
B4XT64,7Y77
B4XT64,8HAS
B4XT64,8HAT
B4XT64,8PMG
B4XT64,8PMI
B4XT64,8PML
B4XT64,8PMM
B4XT64,8PN1
B4XT64,8PN2
B5DF11,2KZY
B5DF11,2L00
B6KAM0,2X2Z
B6KAM0,2Y8R
B6KAM0,2Y8S
B6KAM0,2Y8T
B6KAM0,4YIV
B6KAM0,4YIZ
B6KAS6,6B4A
B8XX90,6A03
B8XX90,6A04
B8XX90,6A05
B8XX90,6A06
B8XX90,6IYF
B8Y6I0,4M57
B8Y6I0,4M59
B8Y6I0,4OE1
B8ZXI1,6FV5
B8ZXI1,7B2I
B8ZXI1,7OV9
B8ZXI1,7OVO
B8ZXI1,7OVS
B8ZXI1,7OWZ
B8ZXI1,9HN7
B8ZXI1,9HN9
B9DFX7,5LBK
B9W5G6,3LIM
B9W5G6,3VWI
B9W5G6,3W9P
B9W5G6,3ZWG
B9W5G6,3ZWJ
B9W5G6,4TSL
B9W5G6,4TSN
B9W5G6,4TSO
B9W5G6,4TSP
B9W5G6,4TSQ
B9W5G6,4TSY
B9W5G6,4WDC
B9W5G6,5BPG
B9W5G6,5GWF
C0HJD7,4LFT
C0HJD7,8DA0
C0HJT5,4ZQY
C0HK26,5LAH
C0HK69,6VXW
C0HLB2,6A5I
C0HLG4,6OFA
C0LGQ5,6S6Q
C0LGW6,5XJO
C0LGW6,5XJX
C0LGW6,5XKJ
C1ITJ8,4IIQ
C1ITJ8,4L8S
C1ITJ8,4L9L
C1ITJ8,4LCC
C1ITJ8,7RNO
C4N147,3PP6
C4N147,3PPT
C5H429,5DXX
C5H429,5DXY
C5H429,5DY2
C5H429,5DY3
C6KFA3,6V55
C7AJA4,3HIY
C7AJA4,3HJ1
C7AJA4,3HJ4
C7F6X3,3UYU
C7F6X3,3UYV
C7F6X3,4NU3
C7F6X3,4NUH
C8VTS4,4N6R
C8VTV4,9I2S
C9XI66,2PN5
C9XI66,4D94
D0E0C2,5X0M
D0E0C2,6A90
D0E0C2,6A91
D0E0C2,6A95
D0E0C2,6NT3
D0E0C2,6NT4
D0E0C2,8F0P
D0E0C2,8F0Q
D0E0C2,8F0R
D0E0C2,8F0S
D0E0C2,8VQC
D0EXD3,2NC2
D0EXD3,9IID
D0N0Z8,8PQ7
D0N6D2,6GU1
D0NBE6,5L7S
D0NBE6,9F2M
D0NIN5,3ZRG
D0NTY1,7XP9
D0NTY1,7XPC
D0NVF3,9RDC
D0NVF3,9RIA
D0PX84,2LMZ
D0VWU3,2H5U
D0VWU3,3DIV
D2Y1X6,1NIX
D2Y1X6,2MQF
D2Y1X6,2MXO
D2Y1X9,2JTB
D2Y232,1NIY
D2Y232,1RYG
D2Y232,1RYV
D3GDK4,5H4U
D3KZG3,7USW
D3KZG3,7USX
D3KZG3,7USY
D3W0D1,4IOP
D3Z7H4,5WEK
D3Z7H4,5WEL
D3Z7H4,5WEM
D3Z7H4,5WEN
D3Z7P3,3SS3
D3Z7P3,3SS4
D3Z7P3,3SS5
D3Z7P3,4JKT
D3Z7P3,5W2J
D3Z7P3,8EC6
D3ZK93,5VHW
D3ZK93,5VHX
D3ZK93,5VHY
D3ZK93,5VHZ
D3ZMK9,6EWX
D4P3R7,7N6G
D4P3R7,7SQC
E2DWQ7,2NAR
E2RU97,4F7R
E2RU97,4ZQ0
E2RU97,5BY9
E7EZF3,6B9M
E7F4N7,6MYD
E9AE57,5L2R
E9AE57,6MSN
E9AE57,6UNZ
E9AE57,6UO0
E9AE57,6UOI
E9AE57,6UOJ
E9AE57,6UP9
E9AE57,6UPM
E9AE57,6UPO
E9AE57,6UQ8
E9AE57,6UQ9
E9AE57,6UQB
E9AE57,6UQL
E9AE57,6UQM
E9AE57,6UQN
E9P8D2,3W6S
E9P8D2,3W6X
E9P8D2,3W91
E9Q7R9,9D2F
F1LQ48,2MQL
F1LQ48,2MQM
F1LQ48,2MQN
F1LQ48,2MQO
F1LQ48,2MQP
F1LQ48,2MQQ
F1LQ48,4QPT
F1LW30,4V2B
F1LW30,7ZA1
F1LW30,7ZA2
F1LW30,7ZA3
F1NCD6,7MJS
F1NJ67,7BC6
F1NJ67,7BC7
F1NWE3,2YD4
F1NWE3,4PBV
F1NWE3,4PBW
F1PJP5,6FTG
F1PJP5,6FTI
F1PJP5,6FTJ
F1QGH7,2Z6G
F1QXD3,6BMS
F1RAX4,5K8Q
F1RAX4,5SY1
F4JP36,5OW3
F4K5J1,7KFL
F6RG56,5W3S
F7BJB9,5IX1
F7BJB9,5IX2
F7J0N2,5ZNE
F7J0N2,5ZNG
F7J0N2,7DV8
F7J0N2,7DVG
F7J0N2,8B2R
F7J0N2,9IMU
F7J0N2,9IP6
F8J4S0,2L3I
F8QQG5,3U3L
F8QQG5,3U3N
F8QQG5,3U3U
G0RUP7,8KEU
G0Y276,5XMZ
G2QG48,5K8E
G2QG48,5L6F
G2QG48,5L6G
G2TRN4,6AKJ
G2TRN4,6S2W
G3V7P1,2NPS
G3X982,3ZYV
G3XP38,4C5Z
G4MQL4,8XGL
G4ZHR2,7DRC
G4ZHR2,7W3V
G5A8M1,6J8L
G5EBR3,3RHW
G5EBR3,3RI5
G5EBR3,3RIA
G5EBR3,3RIF
G5EBR3,4TNV
G5EBR3,4TNW
G5EC68,5IX5
G5ED35,3UAF
G5ED39,5MZ6
G5EDW2,8SUF
G5EEM5,2OF3
G5EF60,3TER
G5EF60,6PW7
G5EG88,8ZFK
G5EG88,8ZFL
G5EG88,8ZFM
G7JND3,9KCU
G7JND3,9KCV
G9MQD3,7CWJ
G9MQD3,7CWP
G9MQD3,7ESW
H2B3G5,5X7Y
H2B3G5,6NRE
H2B3G5,8AEJ
H9IUR0,5FIQ
H9IUR0,5FIS
H9JD76,5VQG
H9JD76,5VQH
H9JD76,5VY1
I1SB12,3RJ8
I1SB12,3RJA
I4CHP3,4E7N
I6L8L6,4DCF
I6L8L6,4K06
I6RU32,2M35
I6WU39,5B08
I6WU39,5B09
I6WU39,5B0A
I6WU39,5B0B
I6WU39,5B0C
I6WU39,5B0D
I6WU39,5B0E
I6WU39,5B0F
I6WU39,5B0G
I6WU39,7W6D
I6WU39,7W6E
I6WU39,7W6F
J7MFT5,5XN9
J7MFT5,5XNA
K7N5K9,2LL1
K7N5L0,2LT8
K7WDL7,5COA
K7WDL7,5COB
K7WDL7,5DBF
K7WDL7,5DBG
K7WDL7,5DBI
K7WDL7,5DCU
K7WDL7,5DCW
K7WDL7,5DCY
K7WDL7,5DF1
K7WDL7,5EMH
K9M1U5,9BPU
L7N6F8,4ZCE
M1C146,5L83
M4B6G6,3RMR
M4B6G6,7CRB
M4B6G6,7CRC
M4I1C6,6YPB
M4I1C6,6YPF
M5A8F1,8OUI
N1JJ94,6FMB
O00148,8IJU
O00151,1X62
O00151,2PKT
O00154,2QQ2
O00159,4BYF
O00167,3GEB
O00167,3HB0
O00167,3HB1
O00167,4EGC
O00167,5ZMA
O00167,7F8G
O00167,7F8H
O00175,1EIG
O00175,1EIH
O00180,3UKM
O00182,2EAK
O00182,2EAL
O00182,2YY1
O00182,2ZHK
O00182,2ZHL
O00182,2ZHM
O00182,2ZHN
O00182,3LSD
O00182,3LSE
O00182,3NV1
O00182,3NV2
O00182,3NV3
O00182,3NV4
O00182,3WLU
O00182,3WV6
O00189,3L81
O00189,4MDR
O00194,2F7S
O00204,1Q1Q
O00204,1Q1Z
O00204,1Q20
O00204,1Q22
O00206,2Z62
O00206,2Z63
O00206,2Z65
O00206,2Z66
O00206,3FXI
O00206,3UL7
O00206,3UL8
O00206,3UL9
O00206,3ULA
O00206,4G8A
O00206,5NAM
O00206,5NAO
O00206,8WO1
O00206,8WTA
O00206,9J03
O00212,2J1L
O00213,2E45
O00213,2HO2
O00213,2IDH
O00213,2OEI
O00213,3D8D
O00213,3D8E
O00213,3D8F
O00213,5NQH
O00214,2YRO
O00214,2YV8
O00214,2YXS
O00214,3AP4
O00214,3AP5
O00214,3AP6
O00214,3AP7
O00214,3AP9
O00214,3APB
O00214,3OJB
O00214,3VKL
O00214,3VKM
O00214,3VKN
O00214,3VKO
O00214,4BMB
O00214,4BME
O00214,4FQZ
O00214,5GZC
O00214,5GZD
O00214,5GZE
O00214,5GZF
O00214,5GZG
O00214,5T7I
O00214,5T7S
O00214,5T7T
O00214,5T7U
O00214,5VWG
O00214,6W4Z
O00214,6Z6Y
O00214,7AEN
O00214,7ALS
O00214,7P1M
O00214,8HL9
O00214,9FXZ
O00214,9FYJ
O00220,5CIR
O00241,2D9C
O00241,2JJU
O00253,1HYK
O00253,1MR0
O00258,6SO5
O00258,8CQZ
O00258,8CR1
O00258,8CR2
O00264,4X8Y
O00294,2FIM
O00294,3C5N
O00299,1K0M
O00299,1K0N
O00299,1K0O
O00299,1RK4
O00299,3O3T
O00299,3P8W
O00299,3P90
O00299,3QR6
O00299,3SWL
O00299,3TGZ
O00299,3UVH
O00299,4IQA
O00299,4JZQ
O00299,4K0G
O00299,4K0N
O00299,7F8R
O00299,7FBQ
O00327,4H10
O00327,8RW6
O00327,8RW8
O00329,5DXU
O00329,5M6U
O00329,5T8F
O00329,5UBT
O00329,5VLR
O00329,6G6W
O00329,6OCO
O00329,6OCU
O00329,6PYR
O00329,6PYU
O00329,7JIS
O00329,7LM2
O00329,7LQ1
O00329,8BCY
O00329,8S3R
O00329,9GCF
O00329,9GDI
O00329,9L3R
O00391,3LLI
O00391,3LLK
O00391,3Q6O
O00391,4IJ3
O00399,3TV0
O00401,2FF3
O00401,2LNH
O00401,2VCP
O00401,4CC2
O00401,4CC7
O00401,9DLX
O00408,1Z1L
O00408,3IBJ
O00408,3ITM
O00408,3ITU
O00408,4C1I
O00408,4D08
O00408,4D09
O00408,4HTX
O00408,4HTZ
O00408,4JIB
O00408,5TZ3
O00408,5TZA
O00408,5TZC
O00408,5TZH
O00408,5TZW
O00408,5TZX
O00408,5TZZ
O00408,5U00
O00408,5U7D
O00408,5U7I
O00408,5U7J
O00408,5U7K
O00408,5U7L
O00408,5VP0
O00408,5VP1
O00408,5XKM
O00408,6B96
O00408,6B97
O00408,6B98
O00408,6BLF
O00408,6C7D
O00408,6C7E
O00408,6C7F
O00408,6C7G
O00408,6C7I
O00408,6C7J
O00408,6CYB
O00408,6CYC
O00408,6CYD
O00408,6EZF
O00408,6ZND
O00408,6ZQZ
O00422,2HDE
O00423,4CI8
O00425,2E44
O00425,6FQ1
O00425,6FQR
O00425,6GQE
O00425,6GX6
O00429,3W6N
O00429,3W6O
O00429,3W6P
O00429,4BEJ
O00429,4H1U
O00429,4H1V
O00429,5WP9
O00429,8T1H
O00429,8V8T
O00443,2AR5
O00443,2IWL
O00443,2REA
O00443,2RED
O00443,6BTY
O00443,6BTZ
O00443,6BU0
O00443,6BUB
O00444,2N19
O00444,3COK
O00444,4JXF
O00444,4N7V
O00444,4N7Z
O00444,4N9J
O00444,4YUR
O00444,4YYP
O00444,5LHY
O00444,5LHZ
O00444,6N45
O00444,6N46
O00444,6W38
O00444,6W3I
O00444,6W3J
O00444,8XPG
O00444,9O63
O00463,7L3L
O00478,4F8T
O00478,5ZZ3
O00478,6J0G
O00478,6J0K
O00478,6J0L
O00478,8ZYR
O00478,9II6
O00481,4F80
O00481,4F9L
O00481,4F9P
O00481,4JKW
O00481,4K55
O00481,4N7I
O00481,4N7U
O00481,4V1P
O00481,5HM7
O00481,5LYG
O00481,5LYK
O00481,5ZXK
O00481,6ISM
O00481,6ITA
O00481,6J06
O00481,6XLQ
O00481,8DFX
O00481,8IXV
O00481,8IZE
O00481,8IZG
O00481,8JYC
O00481,8JYE
O00481,8ZA9
O00481,8ZAA
O00481,8ZAB
O00481,9J5J
O00481,9J5M
O00488,1ZR9
O00488,6LSS
O00488,6LU8
O00488,8FL2
O00488,8FL3
O00488,8FL4
O00488,8FL6
O00488,8FL7
O00488,8FL9
O00488,8FLA
O00488,8FLB
O00488,8FLC
O00488,8FLD
O00488,8FLE
O00488,8FLF
O00488,8IDT
O00488,8IDY
O00488,8IE3
O00488,8INE
O00488,8INF
O00488,8INK
O00488,8IPD
O00488,8IPX
O00488,8IPY
O00488,8IR3
O00488,8RL2
O00499,1MUZ
O00499,1MV0
O00499,1MV3
O00499,2FIC
O00499,2RMY
O00499,2RND
O00499,5I22
O00506,2XIK
O00506,3W8H
O00506,4NZW
O00506,7Z4V
O00560,1N99
O00560,1NTE
O00560,1OBX
O00560,1OBY
O00560,1OBZ
O00560,1R6J
O00560,1V1T
O00560,1W9E
O00560,1W9O
O00560,1W9Q
O00560,1YBO
O00560,4Z33
O00560,6R9H
O00560,6RLC
O00560,7FSG
O00560,7FSH
O00560,7FSI
O00560,7FSJ
O00560,7FSK
O00560,7FSL
O00560,7FSM
O00560,7FSN
O00560,7FSO
O00560,7FSP
O00560,7FSQ
O00560,7FSR
O00560,7FSS
O00560,7FST
O00560,7FSU
O00560,7FSV
O00560,7FSW
O00560,7FSX
O00560,7FSY
O00560,7FSZ
O00560,7FT0
O00560,7FT1
O00560,7FT2
O00560,7FT3
O00560,7FT4
O00560,7FT5
O00560,7FT6
O00560,7FT7
O00560,7FT8
O00560,7FT9
O00560,7FTA
O00560,7FTB
O00560,7FTC
O00560,7FTD
O00560,8AAI
O00560,8AAK
O00560,8AAO
O00560,8AAP
O00560,8BLU
O00560,8BLV
O00560,8HCK
O00571,2I4I
O00571,2JGN
O00571,3JRV
O00571,4PX9
O00571,4PXA
O00571,5E7I
O00571,5E7J
O00571,5E7M
O00571,6CZ5
O00571,6O5F
O00571,7LIU
O00571,7YMF
O00571,8SSW
O00584,3T0O
O00602,2D39
O00602,2JHH
O00602,2JHI
O00602,2JHK
O00602,2JHL
O00602,2JHM
O00602,2WNP
O00625,1J1L
O00625,3ACL
O00625,4ERO
O00625,4EWA
O00625,4EWD
O00625,4EWE
O00625,4GUL
O00625,4HLT
O00625,5JCT
O00625,6H1H
O00625,6H1I
O00625,6N0J
O00625,6N0K
O00746,1EHW
O00755,4UZQ
O00764,2AJP
O00764,2F7K
O00764,2YXT
O00764,2YXU
O00764,3FHX
O00764,3FHY
O00764,3KEU
O00764,4EN4
O00764,4EOH
O00764,8WR2
O00767,4ZYO
O00934,5VT9
O00934,6TJ5
O00934,6TJ6
O00934,6TJ7
O01583,7Z6E
O02372,1OOF
O02372,1OOG
O02372,1OOH
O02372,1OOI
O02372,1T14
O02372,2GTE
O02372,2QDI
O02372,3B6X
O02372,3B7A
O02372,3B86
O02372,3B87
O02372,3B88
O02696,7MEZ
O02696,8SO9
O02696,8SOA
O02696,8SOB
O02696,8SOC
O02696,8SOD
O02696,8SOE
O02810,5EUQ
O04073,1FC6
O04073,1FC7
O04073,1FC9
O04073,1FCF
O04147,1FSI
O04147,1JH6
O04147,1JH7
O04379,3VNA
O04379,3VNB
O04379,4G0P
O04379,4G0Q
O04379,4G0X
O04379,4G0Y
O04379,4G0Z
O08573,2D6K
O08573,2D6L
O08573,2D6M
O08573,2D6N
O08573,2D6O
O08573,2D6P
O08582,1KJ2
O08582,1KJ3
O08583,1NO8
O08603,1JFM
O08604,4G59
O08679,1Y8G
O08679,1ZMU
O08679,1ZMV
O08679,1ZMW
O08679,2R0I
O08679,2WZJ
O08689,3HH2
O08689,3SEK
O08689,5JI1
O08722,3G5B
O08785,4F3L
O08785,5VJI
O08785,5VJX
O08785,8OSJ
O08785,8OSK
O08785,8OSL
O08808,1V9D
O08808,1Z2C
O08808,2BAP
O08808,2BNX
O08808,2F31
O08808,2V8F
O08808,3O4X
O08808,3OBV
O08808,4UWX
O08808,8RU2
O08808,9B27
O08808,9B3D
O08816,1MKE
O08816,2IFS
O08816,8S5T
O08839,1BB9
O08967,1FGY
O08967,1FGZ
O08967,1FHW
O08967,1FHX
O08967,1U2B
O08967,2R09
O08967,2R0D
O08967,6BBP
O08967,6BBQ
O09053,2E6L
O09053,2E6M
O09118,4OVE
O09118,8SNP
O09127,8J1I
O09171,1UMY
O13024,2BFX
O13024,2BFY
O13024,2VGO
O13024,2VGP
O13024,2VRX
O13024,3ZTX
O13024,4B8L
O13024,4B8M
O13024,4C2V
O13024,4C2W
O13024,5EYK
O13024,5K3Y
O13154,4BNE
O13154,8RSW
O13516,3J6X
O13516,3J6Y
O13516,3J77
O13516,3J78
O13516,4U3M
O13516,4U3N
O13516,4U3U
O13516,4U4N
O13516,4U4O
O13516,4U4Q
O13516,4U4R
O13516,4U4U
O13516,4U4Y
O13516,4U4Z
O13516,4U50
O13516,4U51
O13516,4U52
O13516,4U53
O13516,4U55
O13516,4U56
O13516,4U6F
O13516,4V4B
O13516,4V6I
O13516,4V7R
O13516,4V88
O13516,4V8Y
O13516,4V8Z
O13516,4V92
O13516,5DAT
O13516,5DC3
O13516,5DGE
O13516,5DGF
O13516,5DGV
O13516,5FCI
O13516,5FCJ
O13516,5I4L
O13516,5JPQ
O13516,5JUO
O13516,5JUP
O13516,5JUS
O13516,5JUT
O13516,5JUU
O13516,5LL6
O13516,5LYB
O13516,5M1J
O13516,5MC6
O13516,5MEI
O13516,5NDG
O13516,5NDV
O13516,5NDW
O13516,5OBM
O13516,5ON6
O13516,5TBW
O13516,5TGA
O13516,5TGM
O13516,5TZS
O13516,5WLC
O13516,5WYJ
O13516,5WYK
O13516,6EML
O13516,6FAI
O13516,6GQ1
O13516,6GQB
O13516,6GQV
O13516,6HHQ
O13516,6I7O
O13516,6KE6
O13516,6LQP
O13516,6LQQ
O13516,6LQR
O13516,6LQS
O13516,6LQT
O13516,6LQU
O13516,6LQV
O13516,6Q8Y
O13516,6RBD
O13516,6RBE
O13516,6S47
O13516,6SNT
O13516,6SV4
O13516,6T4Q
O13516,6T7I
O13516,6T7T
O13516,6T83
O13516,6TB3
O13516,6TNU
O13516,6WDR
O13516,6XIQ
O13516,6XIR
O13516,6Y7C
O13516,6Z6J
O13516,6Z6K
O13516,6ZCE
O13516,6ZQA
O13516,6ZQB
O13516,6ZQC
O13516,6ZQD
O13516,6ZQE
O13516,6ZQF
O13516,6ZQG
O13516,6ZU9
O13516,6ZVI
O13516,7A1G
O13516,7AJT
O13516,7AJU
O13516,7B7D
O13516,7D4I
O13516,7D5S
O13516,7D5T
O13516,7D63
O13516,7MPI
O13516,7MPJ
O13516,7N8B
O13516,7NRC
O13516,7NRD
O13516,7SUK
O13516,7WTL
O13516,7WTM
O13516,7WTN
O13516,7WTO
O13516,7WTP
O13516,7WTQ
O13516,7WTR
O13516,7ZPQ
O13516,7ZRS
O13516,7ZUW
O13516,7ZUX
O13516,7ZW0
O13516,8BN3
O13516,8BQD
O13516,8BQX
O13516,8C00
O13516,8C01
O13516,8C83
O13516,8CAH
O13516,8CAS
O13516,8CBJ
O13516,8CCS
O13516,8CDL
O13516,8CDR
O13516,8CEH
O13516,8CF5
O13516,8CG8
O13516,8CGN
O13516,8CIV
O13516,8CKU
O13516,8CMJ
O13516,8EUB
O13516,8EVP
O13516,8EVQ
O13516,8EVR
O13516,8EVS
O13516,8EVT
O13516,8EWB
O13516,8EWC
O13516,8K2D
O13516,8K82
O13516,8P4V
O13516,8P85
O13516,8P9A
O13516,8PNN
O13516,8T2X
O13516,8T2Y
O13516,8T2Z
O13516,8T30
O13516,8T3A
O13516,8T3B
O13516,8T3C
O13516,8T3D
O13516,8T3E
O13516,8T3F
O13516,8UT0
O13516,8UTI
O13516,8XU8
O13516,8Y0U
O13516,8YLD
O13516,8YLR
O13516,8Z70
O13516,8Z71
O13516,8ZGR
O13516,8ZGY
O13516,8ZH3
O13516,8ZHB
O13516,8ZHC
O13516,9F9S
O13516,9G33
O13563,2Z4D
O13563,3JCO
O13563,3JCP
O13563,4CR2
O13563,4CR3
O13563,4CR4
O13563,5MPB
O13563,5MPC
O13563,5MPD
O13563,5MPE
O13563,5WVI
O13563,5WVK
O13563,6FVT
O13563,6FVU
O13563,6FVV
O13563,6FVW
O13563,6FVX
O13563,6FVY
O13563,6J2C
O13563,6J2N
O13563,6J2Q
O13563,6J2X
O13563,6J30
O13563,7QO3
O13610,5YZ4
O13658,6E33
O13658,6O19
O13710,5MG8
O13716,8YFH
O13728,5BVR
O13795,6TZN
O13795,6U7V
O13828,2A6T
O13828,2QKL
O13828,2QKM
O13828,4A54
O13828,5J3T
O13828,5J3Y
O13828,5KQ1
O13828,5KQ4
O13828,5N2V
O13833,4E7X
O13833,4E80
O13833,4E8F
O13833,4EP7
O13833,4FH3
O13833,4FH5
O13833,4FHP
O13833,4FHV
O13833,4FHW
O13833,4FHX
O13833,4FHY
O13833,4NKT
O13833,4NKU
O13833,4UD4
O13833,4UD5
O13852,5WE0
O13852,5WE1
O13852,5WE2
O13852,5XXE
O13852,5XXF
O13979,7OIY
O13985,2Z3F
O13998,1NI3
O14036,3JB9
O14036,9ESH
O14036,9ESI
O14040,4RO1
O14040,9CY7
O14079,4S3H
O14079,6HM4
O14079,7P0J
O14079,7P0L
O14104,3TY3
O14104,3TY4
O14368,3W1Z
O14492,1Q2H
O14493,5B2G
O14493,7KP4
O14493,7TDM
O14493,7TDN
O14493,8U4V
O14493,8U5B
O14493,9CMH
O14493,9CMI
O14520,6KXW
O14520,6N1G
O14520,6QZI
O14520,6QZJ
O14520,8AMW
O14520,8AMX
O14520,8C9H
O14520,8Y8V
O14523,5TOD
O14558,4JUS
O14558,4JUT
O14558,5LTW
O14558,5LU1
O14558,5LU2
O14558,5LUM
O14558,5OK9
O14558,5OKF
O14618,1DO5
O14618,2CRL
O14618,2RSQ
O14618,6FN8
O14618,6FOL
O14618,6FON
O14618,6FP6
O14638,6C01
O14638,6C02
O14641,2REY
O14641,3CBX
O14641,3CBY
O14641,3CBZ
O14641,3CC0
O14641,4WIP
O14641,5LNP
O14641,5SUY
O14641,5SUZ
O14641,6IW3
O14641,6JCK
O14641,8WM9
O14641,8WMA
O14641,8WWR
O14641,8YR7
O14649,6RV2
O14649,6RV3
O14649,6RV4
O14649,9G9X
O14656,5J1S
O14656,5J1T
O14656,6OIF
O14672,6BDZ
O14672,6BE6
O14678,6JBJ
O14684,3DWW
O14684,4AL0
O14684,4AL1
O14684,4BPM
O14684,4WAB
O14684,4YK5
O14684,4YL0
O14684,4YL1
O14684,4YL3
O14684,5BQG
O14684,5BQH
O14684,5BQI
O14684,5K0I
O14684,5T36
O14684,5T37
O14684,5TL9
O14684,6VL4
O14684,8PYV
O14717,1G55
O14717,9HGM
O14727,1C15
O14727,1CWW
O14727,1CY5
O14727,1Z6T
O14727,2P1H
O14727,2YGS
O14727,3J2T
O14727,3JBT
O14727,3YGS
O14727,4RHW
O14727,5JUY
O14727,5WVC
O14727,5WVE
O14727,8XQK
O14732,2CZH
O14732,2CZI
O14732,2CZK
O14732,2DDK
O14732,2FVZ
O14744,4GQB
O14744,4X60
O14744,4X61
O14744,4X63
O14744,5C9Z
O14744,5EMJ
O14744,5EMK
O14744,5EML
O14744,5EMM
O14744,5FA5
O14744,6CKC
O14744,6K1S
O14744,6RLL
O14744,6RLQ
O14744,6UGH
O14744,6UXX
O14744,6UXY
O14744,6V0N
O14744,6V0O
O14744,6V0P
O14744,7BO7
O14744,7BOC
O14744,7KIB
O14744,7KIC
O14744,7KID
O14744,7L1G
O14744,7M05
O14744,7MX7
O14744,7MXA
O14744,7MXC
O14744,7MXG
O14744,7MXN
O14744,7S0U
O14744,7S1P
O14744,7S1Q
O14744,7S1R
O14744,7S1S
O14744,7SER
O14744,7SES
O14744,7U30
O14744,7UOH
O14744,7UY1
O14744,7UYF
O14744,7ZUP
O14744,7ZUQ
O14744,7ZUU
O14744,7ZUY
O14744,7ZV2
O14744,7ZVL
O14744,7ZVU
O14744,8CSG
O14744,8CTB
O14744,8CYI
O14744,8G1U
O14744,8VEO
O14744,8VET
O14744,8VEU
O14744,8VEW
O14744,8VEX
O14744,8VEY
O14744,8X6L
O14744,9C10
O14744,9DOD
O14744,9E3A
O14744,9E3B
O14744,9E3C
O14744,9EYU
O14744,9EYV
O14744,9EYW
O14744,9EYX
O14744,9MGL
O14744,9MGM
O14744,9MGN
O14744,9MGP
O14744,9MGQ
O14744,9MGR
O14744,9MRE
O14744,9N3N
O14744,9N3O
O14744,9N3P
O14744,9N3Q
O14744,9N3R
O14744,9NWY
O14746,4B18
O14746,5UGW
O14746,7BG9
O14746,7QXA
O14746,7QXB
O14746,7QXS
O14746,7TRD
O14746,7TRE
O14746,7TRF
O14746,7V99
O14746,9QAX
O14746,9QAY
O14746,9QAZ
O14757,1IA8
O14757,1NVQ
O14757,1NVR
O14757,1NVS
O14757,1ZLT
O14757,1ZYS
O14757,2AYP
O14757,2BR1
O14757,2BRB
O14757,2BRG
O14757,2BRH
O14757,2BRM
O14757,2BRN
O14757,2BRO
O14757,2C3J
O14757,2C3K
O14757,2C3L
O14757,2CGU
O14757,2CGV
O14757,2CGW
O14757,2CGX
O14757,2E9N
O14757,2E9O
O14757,2E9P
O14757,2E9U
O14757,2E9V
O14757,2GDO
O14757,2GHG
O14757,2HOG
O14757,2HXL
O14757,2HXQ
O14757,2HY0
O14757,2QHM
O14757,2QHN
O14757,2R0U
O14757,2WMQ
O14757,2WMR
O14757,2WMS
O14757,2WMT
O14757,2WMU
O14757,2WMV
O14757,2WMW
O14757,2WMX
O14757,2X8D
O14757,2X8E
O14757,2X8I
O14757,2XEY
O14757,2XEZ
O14757,2XF0
O14757,2YDI
O14757,2YDJ
O14757,2YDK
O14757,2YER
O14757,2YEX
O14757,2YM3
O14757,2YM4
O14757,2YM5
O14757,2YM6
O14757,2YM7
O14757,2YM8
O14757,2YWP
O14757,3F9N
O14757,3JVR
O14757,3JVS
O14757,3NLB
O14757,3OT3
O14757,3OT8
O14757,3PA3
O14757,3PA4
O14757,3PA5
O14757,3TKH
O14757,3TKI
O14757,3U9N
O14757,4FSM
O14757,4FSN
O14757,4FSQ
O14757,4FSR
O14757,4FST
O14757,4FSU
O14757,4FSW
O14757,4FSY
O14757,4FSZ
O14757,4FT0
O14757,4FT3
O14757,4FT5
O14757,4FT7
O14757,4FT9
O14757,4FTA
O14757,4FTC
O14757,4FTI
O14757,4FTJ
O14757,4FTK
O14757,4FTL
O14757,4FTM
O14757,4FTN
O14757,4FTO
O14757,4FTQ
O14757,4FTR
O14757,4FTT
O14757,4FTU
O14757,4GH2
O14757,4HYH
O14757,4HYI
O14757,4JIK
O14757,4QYE
O14757,4QYF
O14757,4QYG
O14757,4QYH
O14757,4RVK
O14757,4RVL
O14757,4RVM
O14757,5DLS
O14757,5F4N
O14757,5OOP
O14757,5OOR
O14757,5OOT
O14757,5OP2
O14757,5OP4
O14757,5OP5
O14757,5OP7
O14757,5OPB
O14757,5OPR
O14757,5OPS
O14757,5OPU
O14757,5OPV
O14757,5OQ5
O14757,5OQ6
O14757,5OQ7
O14757,5OQ8
O14757,5WI2
O14757,6FC8
O14757,6FCF
O14757,6FCK
O14757,7AKM
O14757,7AKO
O14757,7BJD
O14757,7BJE
O14757,7BJH
O14757,7BJJ
O14757,7BJM
O14757,7BJO
O14757,7BJR
O14757,7BJX
O14757,7BK1
O14757,7BK2
O14757,7BK3
O14757,7BKN
O14757,7BKO
O14757,7MCK
O14757,7SUF
O14757,7SUG
O14757,7SUH
O14757,7SUI
O14757,7SUJ
O14757,8E80
O14757,8E81
O14757,8SIV
O14757,8SIW
O14757,8SIX
O14757,9CE4
O14786,1KEX
O14786,2QQI
O14786,2QQM
O14786,2QQN
O14786,3I97
O14786,4DEQ
O14786,4RN5
O14786,5C7G
O14786,5IJR
O14786,5IYY
O14786,5J1X
O14786,5JGI
O14786,5JGQ
O14786,5JHK
O14786,5L73
O14786,6FMC
O14786,6FMF
O14786,6TKK
O14786,7JJC
O14786,7O1N
O14786,7P5U
O14786,8C5G
O14786,8PFE
O14786,9EOU
O14786,9F6B
O14818,4R3O
O14818,4R67
O14818,5A0Q
O14818,5GJR
O14818,5L4G
O14818,5LE5
O14818,5LEX
O14818,5LEY
O14818,5LEZ
O14818,5LF0
O14818,5LF1
O14818,5LF3
O14818,5LF4
O14818,5LF6
O14818,5LF7
O14818,5LN3
O14818,5M32
O14818,5T0C
O14818,5T0G
O14818,5T0H
O14818,5T0I
O14818,5T0J
O14818,5VFO
O14818,5VFP
O14818,5VFQ
O14818,5VFR
O14818,5VFS
O14818,5VFT
O14818,5VFU
O14818,6AVO
O14818,6E5B
O14818,6KWY
O14818,6MSH
O14818,6MSJ
O14818,6MSK
O14818,6R70
O14818,6REY
O14818,6RGQ
O14818,6WJN
O14818,6XMJ
O14818,7AWE
O14818,7B12
O14818,7LXV
O14818,7NAN
O14818,7NAO
O14818,7NAP
O14818,7NAQ
O14818,7NHT
O14818,7PG9
O14818,7QXN
O14818,7QXP
O14818,7QXU
O14818,7QXW
O14818,7QXX
O14818,7QY7
O14818,7QYA
O14818,7QYB
O14818,7V5G
O14818,7V5M
O14818,8BZL
O14818,8CVR
O14818,8CVS
O14818,8CVT
O14818,8CXB
O14818,8JRI
O14818,8QYJ
O14818,8QYL
O14818,8QYM
O14818,8QYN
O14818,8QYO
O14818,8QYS
O14818,8QZ9
O14818,8TM3
O14818,8TM4
O14818,8TM5
O14818,8TM6
O14818,8UD9
O14818,8USB
O14818,8USC
O14818,8YIX
O14818,8YIY
O14818,8YIZ
O14818,9E8G
O14818,9E8H
O14818,9E8I
O14818,9E8J
O14818,9E8K
O14818,9E8L
O14818,9E8N
O14818,9E8O
O14818,9E8Q
O14818,9HMN
O14818,9NKF
O14818,9NKG
O14818,9NKI
O14818,9NKJ
O14842,4PHU
O14842,5KW2
O14842,5TZR
O14842,5TZY
O14842,8EIT
O14842,8EJC
O14842,8EJK
O14842,8T3V
O14863,9JJ3
O14874,8F5F
O14874,8F5J
O14874,8F5S
O14874,9DI9
O14879,6C6K
O14920,3BRT
O14920,3BRV
O14920,4E3C
O14920,4KIK
O14920,8OMV
O14924,2EBZ
O14924,2KV8
O14929,2P0W
O14929,6VO5
O14929,9MJG
O14931,3NOI
O14931,3PV6
O14931,6YJP
O14931,9FWW
O14944,1K36
O14944,1K37
O14944,5E8D
O14944,5WB7
O14944,7LEN
O14944,7LFR
O14944,7LFS
O14944,8HGP
O14960,5B0H
O14960,7N2I
O14960,8G2V
O14964,2D3G
O14964,3F1I
O14964,3OBQ
O14964,3ZYQ
O14964,4AVX
O14965,1MQ4
O14965,1MUO
O14965,1OL5
O14965,1OL6
O14965,1OL7
O14965,2BMC
O14965,2C6D
O14965,2C6E
O14965,2DWB
O14965,2J4Z
O14965,2J50
O14965,2NP8
O14965,2W1C
O14965,2W1D
O14965,2W1E
O14965,2W1F
O14965,2W1G
O14965,2WQE
O14965,2WTV
O14965,2WTW
O14965,2X6D
O14965,2X6E
O14965,2X81
O14965,2XNE
O14965,2XNG
O14965,2XRU
O14965,3COH
O14965,3E5A
O14965,3EFW
O14965,3FDN
O14965,3H0Y
O14965,3H0Z
O14965,3H10
O14965,3HA6
O14965,3K5U
O14965,3LAU
O14965,3M11
O14965,3MYG
O14965,3NRM
O14965,3O50
O14965,3O51
O14965,3P9J
O14965,3QBN
O14965,3R21
O14965,3R22
O14965,3UNZ
O14965,3UO4
O14965,3UO5
O14965,3UO6
O14965,3UOD
O14965,3UOH
O14965,3UOJ
O14965,3UOK
O14965,3UOL
O14965,3UP2
O14965,3UP7
O14965,3VAP
O14965,3W10
O14965,3W16
O14965,3W18
O14965,3W2C
O14965,4B0G
O14965,4BN1
O14965,4BYI
O14965,4BYJ
O14965,4C3P
O14965,4C3R
O14965,4CEG
O14965,4DEA
O14965,4DEB
O14965,4DED
O14965,4DEE
O14965,4DHF
O14965,4J8M
O14965,4J8N
O14965,4JAI
O14965,4JAJ
O14965,4JBO
O14965,4JBP
O14965,4JBQ
O14965,4O0S
O14965,4O0U
O14965,4O0W
O14965,4PRJ
O14965,4UYN
O14965,4UZD
O14965,4UZH
O14965,4ZS0
O14965,4ZTQ
O14965,4ZTR
O14965,4ZTS
O14965,5AAD
O14965,5AAE
O14965,5AAF
O14965,5AAG
O14965,5DN3
O14965,5DNR
O14965,5DOS
O14965,5DPV
O14965,5DR2
O14965,5DR6
O14965,5DR9
O14965,5DRD
O14965,5DT0
O14965,5DT3
O14965,5DT4
O14965,5EW9
O14965,5G15
O14965,5G1X
O14965,5L8J
O14965,5L8K
O14965,5L8L
O14965,5LXM
O14965,5OBJ
O14965,5OBR
O14965,5ODT
O14965,5ONE
O14965,5ORL
O14965,5ORN
O14965,5ORO
O14965,5ORP
O14965,5ORR
O14965,5ORS
O14965,5ORT
O14965,5ORV
O14965,5ORW
O14965,5ORX
O14965,5ORY
O14965,5ORZ
O14965,5OS0
O14965,5OS1
O14965,5OS2
O14965,5OS3
O14965,5OS4
O14965,5OS5
O14965,5OS6
O14965,5OSD
O14965,5OSE
O14965,5OSF
O14965,5ZAN
O14965,6C2R
O14965,6C2T
O14965,6C83
O14965,6CPE
O14965,6CPF
O14965,6CPG
O14965,6GRA
O14965,6HJJ
O14965,6HJK
O14965,6I2U
O14965,6R49
O14965,6R4A
O14965,6R4B
O14965,6R4C
O14965,6R4D
O14965,6VPG
O14965,6VPH
O14965,6VPI
O14965,6VPJ
O14965,6VPL
O14965,6VPM
O14965,6XKA
O14965,6Z4Y
O14965,7AYH
O14965,7AYI
O14965,7FIC
O14965,7O2V
O14965,7ZTL
O14965,8C14
O14965,8C15
O14965,8C1D
O14965,8C1E
O14965,8C1F
O14965,8C1G
O14965,8C1H
O14965,8C1I
O14965,8C1K
O14965,8C1M
O14965,8GUW
O14965,8JF4
O14965,8JG8
O14965,8JMX
O14965,8OF5
O14965,8PR7
O14965,8SSO
O14965,8SSP
O14965,9BZG
O14965,9BZL
O14966,6HH2
O14966,8FO2
O14966,8FO8
O14966,8FO9
O14974,2KJY
O14974,5HUZ
O14976,4C57
O14976,4C58
O14976,4C59
O14976,4O38
O14976,4Y8D
O14976,5Y7Z
O14976,5Y80
O14979,7ZIR
O15031,4E71
O15055,6OF7
O15055,8D7M
O15055,8D7N
O15055,8D7O
O15056,1UFW
O15085,1HTJ
O15085,1XCG
O15085,2DLS
O15085,3KZ1
O15085,3T06
O15085,5JHG
O15085,5JHH
O15085,5TYT
O15105,2DJY
O15105,2KXQ
O15105,2LTV
O15105,2LTW
O15105,2LTY
O15105,2LTZ
O15111,5EBZ
O15111,5TQW
O15111,5TQX
O15111,5TQY
O15117,1RI9
O15117,2GTJ
O15117,2GTO
O15118,3GKH
O15118,3GKI
O15118,3GKJ
O15118,3JD8
O15118,5F18
O15118,5F1B
O15118,5HNS
O15118,5JNX
O15118,5KWY
O15118,5U73
O15118,5U74
O15118,6UOX
O15118,6W5R
O15118,6W5S
O15118,6W5T
O15118,6W5U
O15118,6W5V
O15118,8EUS
O15118,9DZ2
O15123,1Z3S
O15123,1Z3U
O15123,4JZC
O15123,4ZFG
O15123,8VGP
O15143,6UHC
O15143,6YW6
O15143,8P94
O15143,9I2B
O15144,6YW7
O15146,8S9P
O15162,1Y2A
O15164,2YYN
O15164,3O33
O15164,3O34
O15164,3O35
O15164,3O36
O15164,3O37
O15164,4YAB
O15164,4YAD
O15164,4YAT
O15164,4YAX
O15164,4YBM
O15164,4YBS
O15164,4YBT
O15164,4YC9
O15164,4ZQL
O15164,5H1T
O15164,5H1U
O15164,5H1V
O15164,7B9X
O15164,9GD5
O15164,9GDG
O15169,1DK8
O15169,1EMU
O15169,1O9U
O15169,3ZDI
O15169,4B7T
O15169,4NM0
O15169,4NM3
O15169,4NU1
O15169,5WZZ
O15169,7SXF
O15169,7SXG
O15169,7SXH
O15169,7SXJ
O15169,7Y1P
O15169,8RU3
O15169,8RU4
O15169,8VMG
O15205,2MBE
O15205,6GF1
O15205,6GF2
O15205,7PYV
O15226,6SH6
O15226,6SH7
O15229,5X68
O15234,2HYI
O15234,2J0Q
O15234,2J0S
O15234,2J0U
O15234,2XB2
O15234,3EX7
O15234,5XJC
O15234,5YZG
O15234,6ICZ
O15234,7W59
O15234,7W5A
O15234,7W5B
O15234,8I0W
O15240,7D13
O15240,7D16
O15240,8H0G
O15240,8H0U
O15245,8ET6
O15245,8ET7
O15245,8ET8
O15245,8JTS
O15245,8JTT
O15245,8JTV
O15245,8JTW
O15245,8JTX
O15245,8JTY
O15245,8JTZ
O15245,8JU0
O15245,8SC1
O15245,8SC2
O15245,8SC3
O15245,8SC4
O15245,8SC6
O15247,2PER
O15247,2R4V
O15247,2R5G
O15259,1S1N
O15259,6O1Q
O15263,1E4Q
O15263,1FD3
O15263,1FD4
O15263,1FQQ
O15263,6CS9
O15263,8YD6
O15273,1YA5
O15273,2F8V
O15287,7KZP
O15287,7KZQ
O15287,7KZR
O15287,7KZS
O15287,7KZT
O15287,7KZV
O15294,1W3B
O15294,3PE3
O15294,3PE4
O15294,3TAX
O15294,4AY5
O15294,4AY6
O15294,4CDR
O15294,4GYW
O15294,4GYY
O15294,4GZ3
O15294,4GZ5
O15294,4GZ6
O15294,4N39
O15294,4N3A
O15294,4N3B
O15294,4N3C
O15294,4XI9
O15294,4XIF
O15294,5BNW
O15294,5C1D
O15294,5HGV
O15294,5LVV
O15294,5LWV
O15294,5NPR
O15294,5NPS
O15294,5VIE
O15294,5VIF
O15294,6E37
O15294,6EOU
O15294,6IBO
O15294,6MA1
O15294,6MA2
O15294,6MA3
O15294,6MA4
O15294,6MA5
O15294,6Q4M
O15294,6TKA
O15294,7NTF
O15294,7YEA
O15294,7YEH
O15294,8CM9
O15294,8FE6
O15294,8FE7
O15294,8FUF
O15296,4NRE
O15296,7LAF
O15296,8VIY
O15297,8T2J
O15318,7A6H
O15318,7AE1
O15318,7AE3
O15318,7AEA
O15318,7D58
O15318,7D59
O15318,7DN3
O15318,7DU2
O15318,7FJI
O15318,7FJJ
O15318,8ITY
O15318,8IUE
O15318,8IUH
O15318,9FSO
O15318,9FSP
O15318,9FSQ
O15318,9FSR
O15318,9FSS
O15318,9K2G
O15318,9K36
O15318,9K38
O15318,9K39
O15318,9K3B
O15318,9K3U
O15318,9K3V
O15318,9LKT
O15318,9LXN
O15318,9LXO
O15344,2DQ5
O15344,2FFW
O15344,2JUN
O15344,5IM8
O15344,7QRY
O15350,1COK
O15350,1DXS
O15350,2KBY
O15350,2MPS
O15350,2NB1
O15350,2WQI
O15350,2WQJ
O15350,2WTT
O15350,2XWC
O15350,3VD0
O15350,3VD1
O15350,3VD2
O15350,4A63
O15350,4G82
O15350,4G83
O15350,4GUO
O15350,4GUQ
O15350,5HOB
O15350,5HOC
O15350,5KBD
O15350,6FGS
O15350,6IJQ
O15350,7EZJ
O15350,8P9C
O15350,8P9D
O15350,8P9E
O15350,9GLQ
O15350,9GNB
O15357,2K4P
O15357,2KSO
O15357,2MK2
O15357,3NR8
O15357,4A9C
O15357,5OKM
O15357,5OKN
O15357,5OKO
O15357,5OKP
O15357,6SQU
O15357,6SRR
O15379,4A69
O15381,2X8A
O15381,6RO1
O15392,1E31
O15392,1F3H
O15392,1XOX
O15392,2QFA
O15392,2RAW
O15392,2RAX
O15392,3UEC
O15392,3UED
O15392,3UEE
O15392,3UEF
O15392,3UEG
O15392,3UEH
O15392,3UEI
O15392,3UIG
O15392,3UIH
O15392,3UII
O15392,3UIJ
O15392,3UIK
O15392,4A0I
O15392,4A0J
O15392,4A0N
O15392,6SHO
O15392,6YIE
O15392,6YIF
O15392,6YIH
O15392,7LBK
O15392,7LBO
O15392,7LBP
O15392,7LBQ
O15392,8RUP
O15393,7MEQ
O15393,7XYD
O15393,7Y0E
O15393,7Y0F
O15393,8HD8
O15393,8JHZ
O15393,8JI0
O15393,8S0L
O15393,8S0M
O15393,8S0N
O15393,8V04
O15393,8V1F
O15393,8VGT
O15393,8Y1D
O15393,8Y1E
O15393,8Y7X
O15393,8Y7Y
O15393,8Y87
O15393,8Y88
O15393,8Y89
O15393,8Y8A
O15393,8Y8B
O15393,8YOY
O15393,8YQQ
O15393,9E83
O15393,9IZN
O15393,9JCX
O15393,9JD0
O15393,9JD1
O15393,9U8G
O15399,7YFF
O15399,7YFL
O15399,7YFM
O15399,7YFO
O15399,7YFR
O15399,8E96
O15399,8Y1V
O15399,9D37
O15399,9D38
O15399,9D39
O15399,9D3A
O15399,9D3B
O15399,9D3C
O15438,8HVH
O15438,8HW2
O15438,8HW4
O15438,8IZP
O15439,8BJF
O15439,8BWO
O15439,8BWP
O15439,8BWQ
O15439,8BWR
O15439,8I4A
O15439,8I4B
O15439,8I4C
O15439,8IZ7
O15439,8IZ8
O15439,8IZ9
O15439,8IZA
O15439,8J3W
O15439,8J3Z
O15439,8XOK
O15439,8XOL
O15439,8XOM
O15439,8ZBR
O15439,8ZBS
O15439,8ZBT
O15439,8ZBU
O15440,8KCI
O15440,8WI0
O15440,8WI2
O15440,8WI3
O15440,8WI4
O15440,8WI5
O15446,7OB9
O15446,7OBA
O15446,7OBB
O15446,7VBA
O15446,7VBB
O15446,7VBC
O15446,8A43
O15455,1ZIW
O15455,2A0Z
O15455,2MK9
O15455,2MKA
O15455,3ULU
O15455,3ULV
O15455,5GS0
O15455,7C76
O15455,7WV3
O15455,7WV4
O15455,7WV5
O15455,7WVE
O15455,7WVF
O15455,7WVJ
O15455,8AR1
O15455,8YHT
O15455,8YHU
O15455,9LSH
O15455,9LSI
O15455,9LSJ
O15496,1LE6
O15496,1LE7
O15496,4UY1
O15496,5G3M
O15496,5OW8
O15496,5OWC
O15496,6G5J
O15503,4J81
O15504,6B4F
O15504,6B4I
O15504,6B4J
O15516,6QPJ
O15527,1EBM
O15527,1FN7
O15527,1HU0
O15527,1KO9
O15527,1LWV
O15527,1LWW
O15527,1LWY
O15527,1M3H
O15527,1M3Q
O15527,1N39
O15527,1N3A
O15527,1N3C
O15527,1YQK
O15527,1YQL
O15527,1YQM
O15527,1YQR
O15527,2I5W
O15527,2NOB
O15527,2NOE
O15527,2NOF
O15527,2NOH
O15527,2NOI
O15527,2NOL
O15527,2NOZ
O15527,2XHI
O15527,3IH7
O15527,3KTU
O15527,5AN4
O15527,6RLW
O15527,6W0M
O15527,6W0R
O15527,6W13
O15527,7AYY
O15527,8VWT
O15527,8VWV
O15527,8VX4
O15527,8VX6
O15527,8XWC
O15527,8XWU
O15527,8XXG
O15527,8XXK
O15527,9EOZ
O15527,9KKY
O15527,9KL8
O15537,3JD6
O15537,5N6W
O15539,2CRP
O15552,8T3S
O15552,8Y6Y
O15553,2MPC
O15553,2WL1
O15553,4CG4
O15553,8C28
O15553,8C2Y
O15553,8C30
O15553,8SDJ
O15553,9R6Y
O15553,9R70
O15553,9R73
O15553,9R74
O15554,6CNM
O15554,6CNN
O15554,6CNO
O15554,6D42
O15554,9ED1
O16025,1U5U
O16025,2FNQ
O16025,3DY5
O16025,3FG1
O16025,3FG3
O16025,3FG4
O16025,4QWT
O16259,4GCN
O16259,4GCO
O17087,4ZRL
O17087,5JNB
O18330,5YYL
O18330,7ASD
O18423,3ZX7
O18423,3ZXD
O18423,3ZXG
O18423,5EC5
O18423,5GAQ
O18734,1J2M
O18734,1J2N
O18734,1K5O
O18734,2RLT
O18973,2FID
O18973,2FIF
O22160,3N90
O22265,1X32
O22265,1X3P
O22265,1X3Q
O22265,2HUG
O22265,2N88
O22265,3DEO
O22265,3DEP
O22265,3UI2
O22265,5E4X
O22267,3MM4
O22267,3MMN
O22267,5LNM
O22267,5LNN
O22267,5N2N
O22287,7X8J
O22287,7X8K
O22287,8YRE
O22476,3RGX
O22476,3RGZ
O22476,3RIZ
O22476,3RJ0
O22476,4LSA
O22476,4LSX
O22476,4M7E
O22476,4OH4
O22476,4Q5J
O22476,5LPB
O22476,5LPV
O22476,5LPW
O22476,5LPY
O22476,5LPZ
O22476,6FIF
O22476,9S87
O22476,9S8S
O22476,9S8V
O22476,9S8Z
O22609,3QO6
O22993,8XKU
O22993,8XKV
O23310,7CVO
O23512,5HK8
O23530,5H3C
O23530,5TEC
O23680,2J3E
O23680,3BB3
O23680,3BB4
O23680,3DEF
O24456,3DM0
O24592,3NPE
O35089,7LDD
O35089,7LDE
O35089,7LEP
O35179,2C08
O35179,2KNB
O35179,3IQL
O35250,2PFT
O35253,7CD1
O35254,4KFV
O35274,2G5M
O35274,3EGG
O35274,3EGH
O35298,5W7D
O35298,5W7E
O35298,5W7F
O35381,2JQD
O35405,8V05
O35405,8V06
O35405,8V07
O35430,4DBB
O35430,6KMH
O35433,2NYJ
O35433,2PNN
O35433,3J5P
O35433,3J5Q
O35433,3J5R
O35433,3J9J
O35433,3SUI
O35433,5IRX
O35433,5IRZ
O35433,5IS0
O35433,7L2H
O35433,7L2I
O35433,7L2J
O35433,7L2K
O35433,7L2L
O35433,7L2M
O35433,7L2N
O35433,7L2O
O35433,7L2P
O35433,7L2R
O35433,7L2S
O35433,7L2T
O35433,7L2U
O35433,7L2V
O35433,7L2W
O35433,7L2X
O35433,7LP9
O35433,7LPA
O35433,7LPB
O35433,7LPC
O35433,7LPD
O35433,7LPE
O35433,7MZ5
O35433,7MZ6
O35433,7MZ7
O35433,7MZ9
O35433,7MZA
O35433,7MZB
O35433,7MZC
O35433,7MZD
O35433,7MZE
O35433,7RQU
O35433,7RQV
O35433,7RQW
O35433,7RQX
O35433,7RQY
O35433,7RQZ
O35433,8T0C
O35433,8T0E
O35433,8T0Y
O35433,8T10
O35433,8T3L
O35433,8T3M
O35433,8U2Z
O35433,8U30
O35433,8U3A
O35433,8U3C
O35433,8U3J
O35433,8U3L
O35433,8U43
O35433,8U4D
O35433,9ISG
O35433,9OGK
O35464,3AFC
O35464,3AL8
O35464,3OKW
O35464,3OKY
O35625,3UTM
O35625,8VME
O35625,8VMF
O35657,8DU5
O35684,1JJO
O35820,2KHZ
O35820,2KLH
O35820,4FYH
O35820,4FYI
O35820,4FYK
O35820,4KXL
O35820,4KXM
O35820,4KXN
O35820,4P5D
O35963,1Z06
O35963,2G77
O35964,3C0C
O35987,1I42
O35987,1JRU
O35987,1S3S
O35987,1V92
O35987,1VAZ
O35987,7R7S
O35987,7R7T
O36014,7DDE
O36019,4YK8
O36030,4FHL
O36030,4FHM
O36030,4FHN
O36030,4GQ1
O36030,4GQ2
O42248,7OYA
O42248,7OYB
O42652,6JPK
O42662,9M86
O42662,9U47
O42662,9U48
O42721,3L1N
O42807,1USW
O42807,1UWC
O42807,1UZA
O42807,2BJH
O42807,2HL6
O42807,2IX9
O42898,5ZY5
O42898,5ZY6
O43001,1I9Y
O43001,1I9Z
O43080,7L1K
O43143,5XDR
O43143,8EJM
O43156,7F4U
O43156,7OLE
O43159,2ZFU
O43181,5XTB
O43181,5XTD
O43181,5XTH
O43181,5XTI
O43181,9CWT
O43236,6WB3
O43255,5H9M
O43264,7QPG
O43292,7W72
O43292,7WLD
O43292,8IMX
O43292,8IMY
O43293,1YRP
O43293,2J90
O43293,3BHY
O43293,3BQR
O43293,5A6N
O43293,5A6O
O43293,5VJA
O43307,2YSQ
O43314,3T54
O43314,3T7A
O43314,3T99
O43314,3T9A
O43314,3T9B
O43314,3T9C
O43314,3T9D
O43314,3T9E
O43314,3T9F
O43314,4HN2
O43314,4NZM
O43314,4NZN
O43314,4NZO
O43314,4Q4C
O43314,4Q4D
O43314,5BYA
O43314,5BYB
O43314,5DGH
O43314,5DGI
O43314,6N5C
O43314,8G9E
O43318,2EVA
O43318,2YIY
O43318,4GS6
O43318,4L3P
O43318,4L52
O43318,4L53
O43318,4O91
O43318,5E7R
O43318,5GJD
O43318,5GJF
O43318,5GJG
O43318,5J7S
O43318,5J8I
O43318,5J9L
O43318,5JGA
O43318,5JGB
O43318,5JGD
O43318,5JH6
O43318,5JK3
O43318,5V5N
O43318,7NTH
O43318,7NTI
O43318,8GW3
O43318,9FPD
O43323,2WFQ
O43323,2WFR
O43323,2WG3
O43323,3N1Q
O43324,2UZ8
O43324,4BL7
O43324,4BVX
O43324,4BVY
O43353,2N7Z
O43353,4C8B
O43353,5AR2
O43353,5AR3
O43353,5AR4
O43353,5AR5
O43353,5AR7
O43353,5AR8
O43353,5J79
O43353,5J7B
O43353,5NG0
O43353,5NG2
O43353,5NG3
O43353,5W5J
O43353,5W5O
O43353,5YRN
O43353,6ES0
O43353,6FU5
O43353,6GFJ
O43353,6GGS
O43353,6HMX
O43353,6RN8
O43353,6RNA
O43353,6S1F
O43353,6SZE
O43353,6SZJ
O43353,6UL8
O43353,7OBS
O43353,7OBT
O43353,8AZA
O43353,8X2O
O43353,9F3V
O43390,2DK2
O43390,9EJY
O43396,1GH2
O43396,1WWY
O43396,9BW4
O43402,6WW7
O43402,7ADO
O43402,7ADP
O43402,8EOI
O43402,8J0N
O43402,8J0O
O43402,8S9S
O43402,9C7V
O43405,1JBI
O43447,1MZW
O43447,1QOI
O43447,5O9Z
O43447,6AHD
O43447,8H6K
O43447,8H6L
O43447,8QO9
O43447,8QZS
O43447,8R09
O43447,8R0B
O43447,8RM5
O43464,1LCY
O43464,2PZD
O43464,5FHT
O43464,5M3N
O43464,5M3O
O43464,5TNY
O43464,5TNZ
O43464,5TO0
O43464,5TO1
O43464,5WYN
O43464,7VGE
O43464,8AUK
O43464,8E2K
O43488,2BP1
O43502,8FAZ
O43502,8GBJ
O43502,8OUY
O43502,8OUZ
O43504,3MS6
O43504,3MSH
O43504,5VOK
O43504,5Y38
O43504,5YK5
O43508,4HT1
O43516,2A41
O43520,7PY4
O43520,7VGH
O43520,7VGI
O43520,7VGJ
O43520,8OX4
O43520,8OX5
O43520,8OX6
O43520,8OX7
O43520,8OX8
O43520,8OX9
O43520,8OXA
O43520,8OXB
O43520,8OXC
O43524,2K86
O43524,2LQH
O43524,2LQI
O43524,2UZK
O43524,6MNL
O43524,7V9B
O43524,9QNG
O43525,5J03
O43526,6FEG
O43526,6FEH
O43526,7CR0
O43526,7CR1
O43526,7CR2
O43526,7CR3
O43526,7CR4
O43526,7CR7
O43526,8IJK
O43526,8IZY
O43526,8J00
O43526,8J01
O43526,8J02
O43526,8J03
O43526,8J04
O43526,8J05
O43526,8W4U
O43526,8X43
O43526,8XO1
O43526,9IXY
O43526,9IXZ
O43566,2JNU
O43567,5ZC4
O43570,1JCZ
O43570,1JD0
O43570,4HT2
O43570,4KP5
O43570,4KP8
O43570,4Q0L
O43570,4QJ0
O43570,4QJO
O43570,4QJW
O43570,4WW8
O43570,5LL5
O43570,5LL9
O43570,5LLO
O43570,5LLP
O43570,5MSA
O43570,5MSB
O43570,6G5L
O43570,6G7A
O43570,6QN0
O43570,6QNG
O43570,6QNL
O43570,6R6Y
O43570,6R71
O43570,6RPS
O43570,6T5P
O43570,6T5Q
O43570,7PP9
O43570,7PUU
O43570,7PUV
O43570,7PUW
O43570,8CO3
O43570,9F2N
O43570,9F2O
O43570,9F30
O43570,9F3G
O43570,9FN7
O43570,9FN8
O43572,3IM4
O43572,3TMH
O43586,2DIL
O43586,7AAL
O43586,7AAM
O43586,7AAN
O43597,3BUM
O43597,3OB1
O43597,5HKY
O43597,5HKZ
O43597,5HL0
O43598,4P5E
O43598,8OS9
O43598,8OSC
O43598,8QHQ
O43598,8QHR
O43598,8RPS
O43598,8RPT
O43598,8RQD
O43598,9DA1
O43598,9DA2
O43598,9DA3
O43598,9DA4
O43598,9DA5
O43598,9DA6
O43613,4ZJ8
O43613,4ZJC
O43613,6TO7
O43613,6TOD
O43613,6TOS
O43613,6TOT
O43613,6TP3
O43613,6TP4
O43613,6TP6
O43613,6TQ4
O43613,6TQ6
O43613,6TQ7
O43613,6TQ9
O43613,6V9S
O43614,4S0V
O43614,5WQC
O43614,5WS3
O43614,6TPG
O43614,6TPJ
O43614,6TPN
O43614,7L1U
O43614,7L1V
O43614,7SR8
O43614,7XRR
O43615,2CW9
O43633,7ZCG
O43633,7ZCH
O43639,1U5S
O43639,1WX6
O43639,1Z3K
O43639,2B86
O43639,2CIA
O43639,2FRW
O43639,2FRY
O43639,2JXB
O43639,4E6R
O43663,3NRX
O43663,3NRY
O43663,4L3I
O43663,4L6Y
O43663,5KMG
O43663,7VBG
O43665,2DLR
O43665,2I59
O43704,2Z5F
O43704,3CKL
O43707,1WLX
O43707,1YDI
O43707,2R0O
O43707,6O31
O43707,6OA6
O43745,2BEC
O43747,1IU1
O43752,4J2C
O43759,8A6M
O43765,2VYI
O43765,4CPG
O43765,4GOD
O43765,4GOE
O43765,4GOF
O43781,5Y86
O43809,2CL3
O43809,2J8Q
O43809,3BAP
O43809,3BHO
O43809,3MDG
O43809,3MDI
O43809,3N9U
O43809,3P5T
O43809,3P6Y
O43809,3Q2S
O43809,3Q2T
O43809,5R4P
O43809,5R4Q
O43809,5R4R
O43809,5R4S
O43809,5R4T
O43809,5R4U
O43809,5R64
O43809,5R65
O43809,5R66
O43809,5R67
O43813,3E6U
O43813,3E73
O43813,8CZK
O43813,8CZL
O43813,8D0V
O43813,8D19
O43818,4J0W
O43818,4JXM
O43819,2RLI
O43822,8AXR
O43865,3MTG
O43866,8R83
O43866,8R84
O43866,8WYR
O43866,8WYS
O43909,7AU2
O43909,7AUA
O43909,8OG1
O43909,8OG4
O43914,2L34
O43914,2L35
O43914,4WO1
O43914,4WOL
O43914,7Q5W
O43918,1XWH
O43918,2KE1
O43918,2KFT
O43918,2LRI
O43924,1KSG
O43924,1KSH
O43924,1KSJ
O43924,3T5G
O43924,3T5I
O43924,4JHP
O43924,4JV6
O43924,4JV8
O43924,4JVB
O43924,4JVF
O43924,5E80
O43924,5E8F
O43924,5F2U
O43924,5ML2
O43924,5ML3
O43924,5ML4
O43924,5ML6
O43924,5ML8
O43924,5NAL
O43924,5TAR
O43924,5TB5
O43924,5X72
O43924,5X73
O43924,5X74
O43924,5YAV
O43924,5YAW
O43924,7PAC
O43924,7PAD
O43924,7PAE
O43924,7Q9Q
O43924,7Q9R
O43924,7Q9S
O43924,7Q9U
O43924,7QF9
O43924,7QJK
O43924,9DWW
O44249,3HHS
O44750,4S2R
O44750,4S2T
O46028,1PJV
O46166,2KSL
O46166,6URP
O48737,7C65
O48791,4DIX
O48791,4DJG
O48791,8Y47
O48814,5TOS
O49523,2YIJ
O49523,7X0C
O49686,3K3K
O49686,3K90
O49686,3NJO
O49686,3QN1
O49686,3WG8
O49686,3ZVU
O49686,4WVO
O49686,5OR2
O49686,5OR6
O49686,5UR4
O49686,5UR5
O49686,5UR6
O49686,5YGV
O49686,8EY0
O49839,6J5T
O49839,6J5U
O49839,6J5V
O49839,6J6I
O50008,1U1H
O50008,1U1J
O50008,1U1U
O50008,1U22
O54709,1HQ8
O54709,4PP8
O54724,4QKV
O54874,4AW2
O54890,5XQ1
O54890,6VGU
O54918,1PQ1
O54924,1ZC3
O54924,1ZC4
O54943,3GDI
O54943,4CT0
O54943,4U8H
O54943,8OKF
O55029,5A1U
O55029,5A1V
O55029,5A1W
O55029,5A1X
O55029,5A1Y
O55029,5NZR
O55029,5NZS
O55029,5NZT
O55029,5NZU
O55029,5NZV
O55042,8UIE
O55042,9EWV
O55042,9K23
O55042,9K24
O55042,9LON
O55057,5T4X
O57385,1MC2
O57385,1MG6
O57413,1KUF
O57413,1KUG
O57413,1KUI
O57413,1KUK
O59893,1BS9
O59893,1G66
O59893,2AXE
O59945,1RT8
O60016,1G6Z
O60016,1MVH
O60016,1MVX
O60016,6BOX
O60016,6BP4
O60016,9IT4
O60059,6NWW
O60059,6NX5
O60059,6NY5
O60158,5YBX
O60158,5YC2
O60158,5YCA
O60158,6A6W
O60200,4YTV
O60216,4PJU
O60216,4PJW
O60216,4PK7
O60216,6QNX
O60216,6RRC
O60216,6RRK
O60216,6WG3
O60216,6WGE
O60216,7W1M
O60216,7ZJS
O60216,8K4D
O60216,8P0A
O60216,8PQ5
O60216,8RO6
O60216,8RO7
O60216,8RO8
O60216,8RO9
O60216,8ROA
O60216,8ROB
O60216,8ROC
O60216,8ROD
O60216,8ROE
O60216,8ROF
O60216,8ROG
O60216,8ROH
O60216,8ROI
O60216,8ROJ
O60216,8ROK
O60216,8ROL
O60216,9HMS
O60216,9HMV
O60216,9HN0
O60216,9HN4
O60216,9HN5
O60218,1ZUA
O60218,4GA8
O60218,4GAB
O60218,4GQ0
O60218,4GQG
O60218,4I5X
O60218,4ICC
O60218,4JIH
O60218,4JII
O60218,4WEV
O60218,4XZL
O60218,4XZM
O60218,4XZN
O60218,5LIK
O60218,5LIU
O60218,5LIW
O60218,5LIX
O60218,5LIY
O60218,5M2F
O60218,5Y7N
O60239,4H3B
O60239,6DJL
O60239,6IXE
O60239,6IXF
O60239,6IXG
O60239,6IXV
O60241,8OEK
O60242,4DLO
O60259,5MS3
O60259,5MS4
O60260,1IYF
O60260,2JMO
O60260,4BM9
O60260,4I1F
O60260,4I1H
O60260,5C1Z
O60260,5C23
O60260,5C9V
O60260,5TR5
O60260,6HUE
O60260,8IK6
O60260,8IKM
O60260,8IKT
O60260,8IKV
O60260,8JWV
O60260,8WZN
O60260,8WZO
O60306,4PJ3
O60308,5LPH
O60308,5LPI
O60313,6JTG
O60313,8CT1
O60313,8CT9
O60313,8EEW
O60313,8EF7
O60313,8EFF
O60313,8EFR
O60313,8EFS
O60313,8EFT
O60318,4DHX
O60318,9DLP
O60331,2G35
O60331,3H1Z
O60331,3H85
O60333,2EH0
O60343,3QYB
O60343,7NIX
O60437,4Q28
O60462,2QQJ
O60462,2QQK
O60462,2QQL
O60462,2QQO
O60462,4QDQ
O60462,4QDR
O60462,4QDS
O60462,5DN2
O60462,5DQ0
O60462,6GH8
O60462,6TDB
O60462,6TJT
O60462,7M22
O60462,7T4S
O60462,8IVW
O60462,8IVX
O60502,2YDQ
O60502,5M7R
O60502,5M7S
O60502,5M7T
O60502,5M7U
O60502,5TKE
O60502,5UHK
O60502,5UHL
O60502,5UHO
O60502,5UHP
O60502,5UN8
O60502,5UN9
O60502,5VVO
O60502,5VVT
O60502,5VVU
O60502,5VVV
O60502,5VVX
O60502,6HKI
O60502,6PM9
O60502,7OU6
O60502,8P0L
O60502,9BA8
O60502,9BA9
O60503,9U3P
O60503,9U3Q
O60503,9U3R
O60503,9U3S
O60503,9U3U
O60503,9U3V
O60506,2DGU
O60506,2MXT
O60506,2NBB
O60506,6KOR
O60507,5WRI
O60507,5WRJ
O60524,3J92
O60524,9GY4
O60551,4C2X
O60551,6PAU
O60551,9NDP
O60568,6FXK
O60568,6FXM
O60568,6FXR
O60568,6FXT
O60568,6FXX
O60568,6FXY
O60568,6TE3
O60568,6TEC
O60568,6TES
O60568,6TEU
O60568,6TEX
O60568,6TEZ
O60568,6WFV
O60568,8ONE
O60568,8ZGC
O60568,8ZGE
O60568,8ZGG
O60568,8ZGH
O60573,2JGB
O60573,2JGC
O60573,5NVK
O60573,5NVL
O60573,5NVM
O60573,5NVN
O60573,5XLN
O60602,3J0A
O60602,8AR2
O60603,1FYW
O60603,1FYX
O60603,1O77
O60603,2Z7X
O60603,2Z80
O60603,6NIG
O60603,8AR0
O60610,8FG1
O60667,7YSG
O60667,7YTC
O60667,7YTD
O60667,7YTE
O60667,8BPE
O60667,8BPF
O60667,8BPG
O60669,7BP3
O60674,2B7A
O60674,2W1I
O60674,2XA4
O60674,3E62
O60674,3E63
O60674,3E64
O60674,3FUP
O60674,3IO7
O60674,3IOK
O60674,3JY9
O60674,3KCK
O60674,3KRR
O60674,3LPB
O60674,3Q32
O60674,3RVG
O60674,3TJC
O60674,3TJD
O60674,3UGC
O60674,3ZMM
O60674,4AQC
O60674,4BBE
O60674,4BBF
O60674,4C61
O60674,4C62
O60674,4D0W
O60674,4D0X
O60674,4D1S
O60674,4E4M
O60674,4E6D
O60674,4E6Q
O60674,4F08
O60674,4F09
O60674,4FVP
O60674,4FVQ
O60674,4FVR
O60674,4GFM
O60674,4GMY
O60674,4HGE
O60674,4IVA
O60674,4JI9
O60674,4JIA
O60674,4P7E
O60674,4YTC
O60674,4YTF
O60674,4YTH
O60674,4YTI
O60674,4Z32
O60674,4ZIM
O60674,5AEP
O60674,5CF4
O60674,5CF5
O60674,5CF6
O60674,5CF8
O60674,5HEZ
O60674,5I4N
O60674,5L3A
O60674,5TQ3
O60674,5TQ4
O60674,5TQ5
O60674,5TQ6
O60674,5TQ7
O60674,5TQ8
O60674,5USY
O60674,5USZ
O60674,5UT0
O60674,5UT1
O60674,5UT2
O60674,5UT3
O60674,5UT4
O60674,5UT5
O60674,5UT6
O60674,5WEV
O60674,5WIJ
O60674,5WIK
O60674,5WIL
O60674,5WIM
O60674,5WIN
O60674,6AAJ
O60674,6BBV
O60674,6BRW
O60674,6BS0
O60674,6BSS
O60674,6D2I
O60674,6DRW
O60674,6E2P
O60674,6E2Q
O60674,6G3C
O60674,6M9H
O60674,6OAV
O60674,6OBB
O60674,6OBF
O60674,6OBL
O60674,6OCC
O60674,6TPD
O60674,6VGL
O60674,6VN8
O60674,6VNB
O60674,6VNC
O60674,6VNE
O60674,6VNF
O60674,6VNG
O60674,6VNH
O60674,6VNI
O60674,6VNJ
O60674,6VNK
O60674,6VNL
O60674,6VNM
O60674,6VS3
O60674,6VSN
O60674,6WTN
O60674,6WTO
O60674,6WTP
O60674,6WTQ
O60674,6X8E
O60674,6XJK
O60674,7F7W
O60674,7JYO
O60674,7JYQ
O60674,7LL4
O60674,7LL5
O60674,7Q7I
O60674,7Q7K
O60674,7Q7L
O60674,7Q7W
O60674,7REE
O60674,7RN6
O60674,7SZW
O60674,7T0P
O60674,7T1T
O60674,7TEU
O60674,7UYW
O60674,8B8N
O60674,8B8U
O60674,8B99
O60674,8B9E
O60674,8B9H
O60674,8BA2
O60674,8BA3
O60674,8BA4
O60674,8BAB
O60674,8BAK
O60674,8BM2
O60674,8BPV
O60674,8BPW
O60674,8BX6
O60674,8BX9
O60674,8BXC
O60674,8BXH
O60674,8C08
O60674,8C09
O60674,8C0A
O60674,8CZ9
O60674,8EX0
O60674,8EX1
O60674,8EX2
O60674,8EXK
O60674,8EYA
O60674,8EYB
O60674,8F88
O60674,8G6Z
O60674,8G8O
O60674,8G8X
O60678,2FYT
O60678,3SMQ
O60678,4HSG
O60678,4QQN
O60678,4RYL
O60678,8G2F
O60678,8G2G
O60678,8SHB
O60678,8SHR
O60678,8SIO
O60704,3AP1
O60704,3AP2
O60704,3AP3
O60741,5U6O
O60741,5U6P
O60741,6UQF
O60741,6UQG
O60741,8T4M
O60741,8T4Y
O60741,8T50
O60741,8UC7
O60741,8UC8
O60741,9BC6
O60741,9BC7
O60760,1IYH
O60760,1IYI
O60760,1V40
O60760,2CVD
O60760,2VCQ
O60760,2VCW
O60760,2VCX
O60760,2VCZ
O60760,2VD0
O60760,2VD1
O60760,3EE2
O60760,3KXO
O60760,3VI5
O60760,3VI7
O60760,4EC0
O60760,4EDY
O60760,4EDZ
O60760,4EE0
O60760,5AIS
O60760,5AIV
O60760,5AIX
O60760,5YWE
O60760,5YWX
O60760,5YX1
O60760,6N4E
O60760,6W58
O60760,6W8H
O60760,6ZTC
O60760,7JR6
O60760,7JR8
O60763,2W3C
O60832,7BGB
O60832,7TRC
O60832,7V9A
O60832,8OUE
O60832,8OUF
O60832,9QB2
O60832,9QB3
O60844,3APA
O60844,3VY6
O60844,3VY7
O60844,3VZE
O60844,3VZF
O60844,3VZG
O60844,7O3I
O60844,7O4P
O60844,7O88
O60870,2CKK
O60870,2V1N
O60870,7ABH
O60870,7ABI
O60870,8I0P
O60870,9COJ
O60896,7TZF
O60896,8F0K
O60896,8F2A
O60896,8F2B
O60896,9BTW
O60921,3A1J
O60921,3G65
O60921,3GGR
O60921,6J8Y
O60921,7Z6H
O60921,8GNN
O60921,8WU8
O60931,8DKE
O60931,8DKI
O60931,8DKM
O60931,8DKW
O60931,8DKX
O60931,8DYP
O60936,4UZ0
O61142,4LVN
O61142,4LVO
O61668,1WWN
O61705,2KBK
O61955,5ABX
O61955,5ABY
O62305,2BDW
O62305,2F86
O62305,3KK8
O62305,3KK9
O62305,3KL8
O64411,1B37
O64411,1B5Q
O64411,1H81
O64411,1H82
O64411,1H83
O64411,1H84
O64411,1H86
O64411,3KPF
O64411,3KU9
O64411,3L1R
O64517,6W8R
O64517,6W8S
O64517,6W8T
O64587,4NT1
O64587,4NT2
O64587,4NTG
O64587,4NTI
O64587,4NTO
O64642,6L3F
O64642,6L8K
O64642,7XS4
O64743,4UD8
O64764,6G61
O65570,5VNT
O70131,9BIA
O70133,1UIL
O70133,1WHQ
O70133,2RS6
O70133,2RS7
O70161,1Y19
O70161,2H7D
O70161,2H7E
O70200,1WY9
O70239,1WSP
O70239,2D5G
O70274,5K24
O70325,5L71
O70361,4DJ3
O70404,3ZYM
O70467,1F3L
O70624,5VR2
O70624,6NAX
O74312,7D0I
O74429,8E1H
O74429,8E1I
O74429,8E1J
O74429,8E1S
O74429,8E1T
O74429,8E1V
O74499,3SWN
O74499,4EMK
O74499,6PPN
O74499,6PPP
O74499,6PPQ
O74499,6PPV
O74536,2OOX
O74536,2OOY
O74536,2QR1
O74536,2QRC
O74536,2QRD
O74536,2QRE
O74536,3H4J
O74544,8FW5
O74700,3DXR
O74700,6LO8
O74736,8I03
O74856,2P51
O74856,3G0Z
O74856,3G10
O74859,3SP4
O74859,3SPD
O74859,3SPL
O74859,3SZQ
O74859,4XBA
O74859,4YKL
O74910,4O9D
O75012,8D8K
O75012,8D8L
O75012,8R8B
O75015,1E4J
O75015,1E4K
O75015,1FNL
O75015,1T83
O75015,1T89
O75015,6EAQ
O75030,4C7N
O75030,7D8R
O75030,7D8S
O75030,7D8T
O75030,7EOD
O75030,8E1D
O75031,7BDX
O75031,7LDG
O75031,8A50
O75031,8A51
O75044,2DL8
O75044,4RTT
O75044,4RUG
O75044,5I6J
O75044,5I6R
O75044,5I7D
O75081,9DE2
O75084,5T44
O75084,5URV
O75084,5WBS
O75084,6NE2
O75084,6NE4
O75084,6O3A
O75084,6O3B
O75084,8QEO
O75084,8YY8
O75084,9EPO
O75084,9EW2
O75112,1RGW
O75112,4YDP
O75122,3WOY
O75122,5NR4
O75122,8WHL
O75140,6CES
O75140,6CET
O75143,5C50
O75143,5XUY
O75143,5XV1
O75143,5XV3
O75143,5XV4
O75143,5XV6
O75143,6HYN
O75143,8DO8
O75143,8SOI
O75143,8SQZ
O75143,8SRM
O75144,6X4G
O75144,6X4T
O75147,2CPC
O75147,2E6P
O75147,2E6Q
O75147,2LU7
O75147,2LVC
O75147,2WP3
O75147,2WWK
O75147,2WWM
O75147,3KNB
O75147,5FM5
O75151,3KQI
O75151,3PTR
O75151,3PU3
O75151,3PU8
O75151,3PUA
O75151,3PUS
O75151,8F8Z
O75154,2D7C
O75154,2HV8
O75154,4D0M
O75154,4UJ3
O75154,4UJ4
O75190,6U3R
O75190,6U3S
O75190,7JSQ
O75190,7QBY
O75311,5CFB
O75311,5TIN
O75311,5TIO
O75311,5VDH
O75311,5VDI
O75311,9BOY
O75311,9BOZ
O75311,9BP0
O75311,9BP7
O75311,9BU2
O75311,9BU3
O75311,9BVH
O75311,9BVJ
O75311,9BWB
O75311,9BWC
O75311,9BWE
O75311,9BWG
O75311,9BWJ
O75311,9BZP
O75324,1ZZA
O75326,3NVQ
O75334,3TAC
O75334,3TAD
O75334,6IUH
O75334,7D2E
O75334,7D2G
O75334,7D2H
O75334,8Z22
O75340,2ZN8
O75340,2ZN9
O75340,2ZND
O75340,2ZNE
O75340,2ZRS
O75340,2ZRT
O75340,3AAJ
O75340,3AAK
O75340,3WXA
O75340,5GQQ
O75381,2W84
O75381,2W85
O75381,4BXU
O75381,9GAG
O75382,7O0B
O75382,7QRW
O75382,8AMR
O75386,8FH3
O75436,2FAU
O75436,5F0J
O75436,5F0L
O75436,5F0M
O75436,5F0P
O75436,7BLO
O75449,5ZQL
O75449,5ZQM
O75460,2HZ6
O75460,3P23
O75460,4U6R
O75460,4YZ9
O75460,4YZC
O75460,4YZD
O75460,4Z7G
O75460,4Z7H
O75460,5HGI
O75460,6HV0
O75460,6HX1
O75460,6SHC
O75460,6URC
O75460,6W39
O75460,6W3A
O75460,6W3B
O75460,6W3C
O75460,6W3E
O75460,6W3K
O75460,6XDB
O75460,6XDD
O75460,6XDF
O75460,7BMK
O75460,8UVL
O75462,8D7H
O75496,1T6F
O75496,1UII
O75496,2LP0
O75496,2WVR
O75496,4BRY
O75496,7KLZ
O75503,6R99
O75509,2DBH
O75509,3QO4
O75509,3U3P
O75509,3U3Q
O75509,3U3S
O75509,3U3T
O75509,3U3V
O75521,2CQU
O75521,2F6Q
O75521,4U18
O75521,4U19
O75521,4U1A
O75531,1CI4
O75531,1QCK
O75531,2BZF
O75531,2EZX
O75531,2EZY
O75531,2EZZ
O75531,6UNT
O75531,6URE
O75531,6URJ
O75531,6URK
O75531,6URL
O75531,6URN
O75531,6URR
O75531,6URZ
O75531,6US0
O75531,6US1
O75531,6US7
O75531,6USB
O75531,6USD
O75531,6USI
O75531,7ABM
O75531,7Z21
O75531,9J8M
O75531,9J8N
O75531,9J8O
O75534,1WFQ
O75534,1X65
O75534,2YTV
O75534,2YTX
O75534,2YTY
O75563,3OMH
O75581,3S2K
O75581,3S8V
O75581,3S8Z
O75581,3S94
O75581,3SOB
O75581,3SOQ
O75581,3SOV
O75581,4A0P
O75581,4DG6
O75581,4NM5
O75581,4NM7
O75581,5AIR
O75581,5FWW
O75581,5GJE
O75581,6H15
O75581,6H16
O75581,6L6R
O75581,7NAM
O75581,8CTG
O75581,8DVL
O75581,8DVM
O75581,8DVN
O75581,8FFE
O75581,9FIW
O75581,9FIX
O75581,9FIY
O75594,1YCK
O75608,1FJ2
O75608,5SYM
O75608,6QGN
O75608,6QGO
O75608,6QGQ
O75608,6QGS
O75626,3DAL
O75629,1XHN
O75663,5D9G
O75688,2P8E
O75695,2BX6
O75695,3BH6
O75695,3BH7
O75746,4P5X
O75746,4P60
O75762,3J9P
O75762,6HC8
O75762,6PQO
O75762,6PQP
O75762,6PQQ
O75762,6V9V
O75762,6V9W
O75762,6V9X
O75762,6V9Y
O75762,6WJ5
O75762,6X2J
O75762,7JUP
O75762,7OR0
O75762,7OR1
O75762,9MOE
O75787,3LBS
O75787,3LC8
O75807,4XPN
O75807,7NXV
O75807,7NZM
O75807,8QZZ
O75817,6AHR
O75817,6AHU
O75817,6CWX
O75817,6LT7
O75821,2CQ0
O75821,2MJC
O75821,5K0Y
O75821,9CPA
O75828,2HRB
O75832,1QYM
O75832,1TR4
O75832,1UOH
O75832,4NIK
O75832,5VHF
O75832,5VHH
O75832,5VHI
O75832,5VHJ
O75832,5VHM
O75832,5VHN
O75832,5VHO
O75832,5VHP
O75832,5VHQ
O75832,5VHR
O75832,7VO6
O75832,7VXV
O75832,7VXW
O75832,7VY4
O75832,7VY7
O75838,8XOQ
O75843,2E9G
O75843,2YMT
O75843,3ZHF
O75843,4BCX
O75844,2YPT
O75844,4AW6
O75844,5SYT
O75844,6BH8
O75874,1T09
O75874,1T0L
O75874,3INM
O75874,3MAP
O75874,3MAR
O75874,3MAS
O75874,4I3K
O75874,4I3L
O75874,4KZO
O75874,4L03
O75874,4L04
O75874,4L06
O75874,4UMX
O75874,4UMY
O75874,4XRX
O75874,4XS3
O75874,5DE1
O75874,5GIR
O75874,5K10
O75874,5K11
O75874,5L57
O75874,5L58
O75874,5LGE
O75874,5SUN
O75874,5SVF
O75874,5TQH
O75874,5YFM
O75874,5YFN
O75874,6ADG
O75874,6B0Z
O75874,6BKX
O75874,6BKY
O75874,6BKZ
O75874,6BL0
O75874,6BL1
O75874,6BL2
O75874,6IO0
O75874,6O2Y
O75874,6O2Z
O75874,6PAY
O75874,6Q6F
O75874,6U4J
O75874,6VEI
O75874,6VG0
O75874,7PJM
O75874,7PJN
O75874,8BAY
O75874,8HB9
O75874,8T7D
O75874,8T7N
O75874,8T7O
O75874,8VH9
O75874,8VHA
O75874,8VHB
O75874,8VHC
O75874,8VHD
O75874,8VHE
O75874,9B81
O75880,1WP0
O75880,2GGT
O75880,2GQK
O75880,2GQL
O75880,2GQM
O75880,2GT5
O75880,2GT6
O75880,2GVP
O75880,2HRF
O75880,2HRN
O75886,1X2Q
O75886,1X5B
O75886,2L0T
O75886,5CRV
O75886,5IXF
O75888,4ZCH
O75897,2AD1
O75897,2GWH
O75899,4F11
O75899,4F12
O75899,4MQE
O75899,4MQF
O75899,4MR7
O75899,4MR8
O75899,4MR9
O75899,4MRM
O75899,4MS1
O75899,4MS3
O75899,4MS4
O75899,4PAS
O75899,6M8R
O75899,6OCP
O75899,6UO8
O75899,6UO9
O75899,6UOA
O75899,6VJM
O75899,6W2X
O75899,6WIV
O75899,7C7Q
O75899,7C7S
O75899,7CA3
O75899,7CA5
O75899,7CUM
O75907,6VP0
O75907,6VYI
O75907,6VZ1
O75907,8ESM
O75907,8ETM
O75955,9BQ2
O76003,2DIY
O76003,2WZ9
O76003,2YAN
O76003,3ZYW
O76039,4BGQ
O76039,8CIE
O76039,9EPU
O76041,4F14
O76064,2CSW
O76064,2PIE
O76064,4AYC
O76064,4ORH
O76071,3FM0
O76083,2HD1
O76083,2YY2
O76083,3DY8
O76083,3DYL
O76083,3DYN
O76083,3DYQ
O76083,3DYS
O76083,3JSI
O76083,3JSW
O76083,3K3E
O76083,3K3H
O76083,3N3Z
O76083,3QI3
O76083,3QI4
O76083,4E90
O76083,4G2J
O76083,4G2L
O76083,4GH6
O76083,4Y86
O76083,4Y87
O76083,4Y8C
O76083,6A3N
O76083,6LZZ
O76083,7F0I
O76083,8BPY
O76090,8D1I
O76090,8D1J
O76090,8D1K
O76090,8D1L
O76090,8D1M
O76090,8D1O
O76090,9CTQ
O76090,9CTR
O76090,9CTS
O76090,9CTT
O76090,9DYL
O76090,9DYM
O76090,9EGM
O76090,9EGQ
O76090,9EGS
O76090,9EGT
O76090,9KC9
O76090,9KCA
O76090,9KP6
O76094,5M72
O76094,5M73
O76094,5WRV
O76094,5WRW
O76094,7NFX
O76094,8QVW
O76094,8QVX
O76096,2CH9
O76616,7D1L
O76616,7D2Y
O76616,7EJS
O76616,7O6N
O76616,7OCX
O76616,7OCZ
O76922,3NTH
O76922,3NTI
O76922,7CFD
O76927,4V6W
O76927,6XU6
O76927,6XU7
O76927,6XU8
O77059,4GU5
O77059,4JZY
O77059,4K03
O77059,6WTB
O77059,7UD0
O77059,8DD7
O77091,1T0Z
O78749,5J4Z
O78749,5J7Y
O80448,5LNT
O80452,2A3L
O81223,1V1F
O81223,1V1G
O81223,2EHB
O81235,4C7U
O82261,4FLN
O82261,5ILB
O82392,4N7Q
O82392,4S25
O82392,4S26
O82392,4S27
O82392,4S28
O82392,4S29
O82504,7EU0
O82504,7EU1
O82504,7ROZ
O82504,7RQS
O82504,8XMB
O82504,8XMC
O82504,8XMD
O82504,8XME
O82656,6KRW
O82656,6KRX
O82777,3I6S
O82777,3I74
O88454,6PIS
O88508,3SW9
O88508,3SWC
O88552,4P5H
O88597,3BL2
O88597,5YR0
O88618,1TT9
O88618,2PFD
O88653,1VET
O88653,1VEU
O88689,1WUZ
O88689,5DZW
O88703,1Q3E
O88703,1Q43
O88703,1Q5O
O88703,2Q0A
O88703,3BPZ
O88703,3ETQ
O88703,3FFQ
O88703,4EQF
O88703,5JON
O88703,5KHG
O88703,5KHH
O88703,5KHI
O88703,5KHJ
O88703,5KHK
O88704,3U0Z
O88713,3FF8
O88713,3FF9
O88741,6UIH
O88741,8EXZ
O88792,1F97
O88811,1UJ0
O88844,5YZH
O88844,5YZI
O88844,8KIB
O88844,8W49
O88867,6LKD
O88867,6LKE
O88917,4DLQ
O88917,5OVP
O88951,1Y74
O88951,3UIT
O88998,5AMO
O88998,6QM3
O89050,4PQQ
O89053,2AKF
O89053,2AQ5
O89053,2B4E
O93400,6TF9
O93400,9I8N
O93430,3JAD
O93430,3JAE
O93430,3JAF
O93430,6PLO
O93430,6PLP
O93430,6PLQ
O93430,6PLR
O93430,6PLS
O93430,6PLT
O93430,6PLU
O93430,6PLV
O93430,6PLW
O93430,6PLX
O93430,6PLY
O93430,6PLZ
O93430,6PM0
O93430,6PM1
O93430,6PM2
O93430,6PM3
O93430,6PM4
O93430,6PM5
O93430,6PM6
O93430,6PXD
O93430,6UBS
O93430,6UBT
O93430,6UD3
O93430,6VM0
O93430,6VM2
O93430,6VM3
O93430,7M6M
O93430,7M6N
O93430,7M6O
O93430,7M6P
O93430,7M6Q
O93430,7M6R
O93430,7M6S
O93430,7TU9
O93430,7TVI
O93430,7U2M
O93430,7U2N
O93430,7U2O
O93430,8FE1
O94220,3RWK
O94220,3SC7
O94244,5WJC
O94244,6S1L
O94244,6S1R
O94244,6S29
O94258,3IBV
O94258,3ICQ
O94276,2LUY
O94476,8ESQ
O94476,8ESR
O94476,8ETC
O94476,8ETG
O94476,8ETH
O94476,8ETI
O94476,8ETJ
O94476,8EUP
O94476,8EUY
O94476,8EV3
O94580,5JIG
O94580,5LN5
O94649,6A9E
O94649,6A9J
O94752,4A53
O94753,2BOQ
O94753,2VKA
O94753,2W23
O94753,3FJW
O94753,3FKG
O94753,3FM1
O94753,3FM4
O94753,3FM6
O94753,3FMU
O94753,4FCN
O94753,4FCS
O94753,4FDQ
O94753,4FEF
O94753,4G05
O94753,5ABN
O94753,5ABO
O94753,5ABQ
O94753,5FNB
O94753,5FNE
O94759,6MIX
O94759,6MIZ
O94759,6MJ2
O94759,6PUO
O94759,6PUR
O94759,6PUS
O94759,6PUU
O94759,7VQ1
O94759,7VQ2
O94759,8E6Q
O94759,8E6R
O94759,8E6S
O94759,8E6T
O94759,8E6U
O94759,8E6V
O94761,2KMU
O94761,5LST
O94762,4BK0
O94762,5LB3
O94762,5LB5
O94762,5LB8
O94762,5LBA
O94762,7ZML
O94762,7ZMM
O94762,7ZMN
O94762,7ZMO
O94762,7ZMP
O94762,7ZMQ
O94762,7ZMR
O94762,7ZMS
O94762,7ZMT
O94762,7ZMV
O94762,8QQ2
O94762,8QW8
O94762,8QW9
O94762,8RL5
O94762,8RL6
O94762,8RL9
O94762,8RLA
O94762,9EI1
O94762,9EI2
O94762,9EI3
O94762,9EI4
O94766,1FGG
O94766,1KWS
O94766,3CU0
O94804,2J7T
O94804,4AOT
O94804,4BC6
O94804,4EQU
O94804,4USD
O94804,4USE
O94804,5AJQ
O94804,5OWQ
O94804,5OWR
O94804,6EIM
O94804,6GTT
O94804,6HXF
O94804,6I2Y
O94804,7QGP
O94806,2D9Z
O94811,9J4D
O94811,9J4E
O94811,9J4F
O94813,2V70
O94813,2V9S
O94813,2WFH
O94817,4GDK
O94817,4GDL
O94817,4NAW
O94826,7DHG
O94826,7KDT
O94851,2E9K
O94855,3EFO
O94855,3EG9
O94855,5KYU
O94855,5KYW
O94855,5KYX
O94855,5KYY
O94856,3P3Y
O94856,3P40
O94868,2DL5
O94868,2DL7
O94868,6GBU
O94874,8B9X
O94874,8C0D
O94874,8OHD
O94874,8OJ5
O94874,8QFC
O94874,8QFD
O94875,5VEI
O94885,2DL0
O94885,2EBP
O94886,8EHW
O94886,8GRS
O94886,8WUA
O94886,9N93
O94886,9N95
O94901,6R15
O94901,6R16
O94901,6R2I
O94901,7E34
O94901,7Z8Y
O94901,8AU0
O94901,8B46
O94901,8B5X
O94906,8QP8
O94906,8QP9
O94906,8QPK
O94916,1IMH
O94925,3CZD
O94925,3UNW
O94925,3UO9
O94925,3VOY
O94925,3VOZ
O94925,3VP0
O94925,3VP1
O94925,3VP2
O94925,3VP3
O94925,3VP4
O94925,4O7D
O94925,5D3O
O94925,5FI2
O94925,5FI6
O94925,5FI7
O94925,5HL1
O94925,5I94
O94925,5JYO
O94925,5JYP
O94925,5U0I
O94925,5U0J
O94925,5UQE
O94925,5WJ6
O94925,6LOX
O94925,6UJG
O94925,6UJM
O94925,6UK6
O94925,6UKB
O94925,6UL9
O94925,6ULA
O94925,6ULJ
O94925,6UMC
O94925,6UMD
O94925,6UME
O94925,6UMF
O94925,7REN
O94925,7RGG
O94925,7SBM
O94925,7SBN
O94925,8BSK
O94925,8BSL
O94925,8BSM
O94925,8BSN
O94925,8GWR
O94925,8IMA
O94925,8IMB
O94925,8JUB
O94925,8JUE
O94925,8SZJ
O94927,7SQK
O94966,1WH0
O94966,4X3G
O94966,6K7W
O94966,6KHV
O94966,6KQV
O94972,3LRQ
O94979,7SUL
O94986,6CSU
O94986,6CSV
O94992,2GD7
O94992,3S9G
O94993,7JJK
O95049,3KFV
O95069,4TWK
O95140,6JFK
O95140,6JFL
O95140,6JFM
O95149,1XK5
O95149,2P8Q
O95149,2Q5D
O95149,2QNA
O95149,3GB8
O95149,3GJX
O95149,3LWW
O95149,3NBY
O95149,3NBZ
O95149,3NC0
O95149,5DIS
O95155,2KRE
O95155,3L1X
O95155,5O75
O95163,5CQR
O95163,8PTX
O95163,8PTY
O95163,8PTZ
O95163,8PU0
O95166,1GNU
O95166,1KLV
O95166,1KM7
O95166,1KOT
O95166,3D32
O95166,3DOW
O95166,3WIM
O95166,4XC2
O95166,5DPS
O95166,6HB9
O95166,6HOG
O95166,6HOH
O95166,6HYL
O95166,6HYM
O95166,6HYO
O95166,7AA8
O95166,7BRT
O95166,7EA7
O95166,7LSW
O95166,7LT6
O95166,7YO9
O95166,7ZKR
O95166,7ZL7
O95166,8AFI
O95166,8T2M
O95166,8T2N
O95166,8T31
O95166,8T32
O95166,8T33
O95166,8W6A
O95166,9E8P
O95166,9HGD
O95197,7BRU
O95202,9BA1
O95202,9DMR
O95210,8X8A
O95210,8X8K
O95235,6YIP
O95239,6OYL
O95251,5GK9
O95251,6MAJ
O95251,6MAK
O95251,7D0O
O95251,7D0P
O95251,7D0Q
O95251,7D0R
O95251,7D0S
O95255,6BZR
O95255,6BZS
O95255,6NLO
O95255,6P7F
O95256,3WO4
O95256,6KN9
O95256,7FCH
O95259,5J7E
O95271,2RF5
O95271,3UDD
O95271,3UH2
O95271,3UH4
O95271,4DVI
O95271,4I9I
O95271,4K4E
O95271,4K4F
O95271,4KRS
O95271,4LI6
O95271,4LI7
O95271,4LI8
O95271,4MSG
O95271,4MSK
O95271,4MT9
O95271,4N3R
O95271,4N4V
O95271,4OA7
O95271,4TOR
O95271,4TOS
O95271,4U6A
O95271,4UUH
O95271,4UW1
O95271,4W5S
O95271,4W6E
O95271,5EBT
O95271,5ECE
O95271,5ETY
O95271,5GP7
O95271,5JHQ
O95271,5JTI
O95271,5JU5
O95271,5KNI
O95271,6QXU
O95271,6URQ
O95271,7KKM
O95271,7KKN
O95271,7KKO
O95271,7KKP
O95271,7KKQ
O95271,7OCV
O95271,8X5J
O95278,4R30
O95278,4RKK
O95319,2MY7
O95319,2MY8
O95319,4LJM
O95319,4LMZ
O95319,4TLQ
O95319,5M8I
O95319,9URH
O95342,6LR0
O95342,7DV5
O95342,7E1A
O95342,8PM6
O95342,8PMD
O95342,8PMJ
O95342,9EGE
O95342,9N1Y
O95347,4U4P
O95347,9F5W
O95361,7QS3
O95372,5SYN
O95372,6BJE
O95376,7OD1
O95376,7ONI
O95391,6QDV
O95391,8C6J
O95391,9FMD
O95396,3I2V
O95433,1X53
O95433,7DMD
O95433,7DME
O95433,8Z3H
O95433,8Z3J
O95445,2WEW
O95445,2WEX
O95445,2YG2
O95453,2A1R
O95453,2A1S
O95453,3CTR
O95461,7UI6
O95461,7UI7
O95461,7ZVJ
O95461,9E1T
O95466,4YDH
O95470,4Q6R
O95470,8AYF
O95484,6OV2
O95484,6OV3
O95487,3EH1
O95551,5INO
O95551,5J3P
O95551,5J3S
O95551,6Q01
O95563,8YW6
O95563,8YW8
O95563,8YW9
O95563,9GIV
O95563,9GIW
O95563,9GIX
O95563,9GIY
O95563,9KNW
O95563,9KNX
O95563,9KNY
O95563,9MNW
O95563,9MNX
O95563,9MNY
O95563,9MNZ
O95563,9MO0
O95568,4RFQ
O95571,4CHL
O95630,2XZE
O95630,3RZU
O95630,3RZV
O95630,9LE4
O95631,4URT
O95631,6FKQ
O95631,7NDG
O95631,7NE0
O95631,7NE1
O95644,1A66
O95644,1NFA
O95684,2D68
O95704,2DYQ
O95704,2YSC
O95718,1LO1
O95718,6LIT
O95718,6LN4
O95721,4WY4
O95721,7BV6
O95747,2V3S
O95747,2VWI
O95747,3DAK
O95747,7OKW
O95749,2Q80
O95749,6C56
O95749,6C57
O95749,6G31
O95749,6G32
O95749,6R4V
O95749,9CSL
O95749,9HJS
O95749,9HJZ
O95760,2KLL
O95793,4DKK
O95793,6HTU
O95793,6SDW
O95793,6SDY
O95801,6HFO
O95819,4OBO
O95819,4OBP
O95819,4OBQ
O95819,4RVT
O95819,4U3Y
O95819,4U3Z
O95819,4U40
O95819,4U41
O95819,4U42
O95819,4U43
O95819,4U44
O95819,4U45
O95819,4ZK5
O95819,4ZP5
O95819,5DI1
O95819,5J95
O95819,5W5Q
O95819,8V5I
O95822,2YGW
O95822,4F0X
O95831,1M6I
O95831,4BUR
O95831,4BV6
O95831,4FDC
O95831,4LII
O95831,5FMH
O95831,5FS6
O95831,5FS7
O95831,5FS8
O95831,5FS9
O95831,5KVH
O95831,5KVI
O95831,8D3E
O95831,8D3G
O95831,8D3H
O95831,8D3I
O95831,8D3J
O95831,8D3K
O95831,8D3N
O95831,8D3O
O95831,8VGY
O95831,9FL7
O95834,4CGB
O95835,4ZRK
O95835,5B5W
O95835,5BRK
O95835,7LWH
O95848,3Q91
O95848,8OTV
O95858,7RD5
O95858,7RDB
O95858,8ESV
O95863,2Y48
O95863,3W5K
O95863,3ZMT
O95863,4QLI
O95863,8BOX
O95863,8F59
O95863,8FDV
O95863,8FJ7
O95863,8ULZ
O95866,6R0X
O95868,7S4G
O95881,1SEN
O95881,2K8V
O95967,2KL7
O95970,5Y30
O95971,6NG9
O95971,6NGG
O95994,2LNS
O95994,2LNT
O95999,2MB9
O95999,6BZE
O95999,6GK2
O95999,8CZD
O95999,8CZO
O96000,5XTC
O96007,4AP8
O96007,5MPO
O96008,7CK6
O96008,7CP9
O96008,7VBY
O96008,7VC4
O96008,7VD2
O96008,7VDD
O96008,8XDN
O96008,8XVA
O96008,9EIH
O96008,9EII
O96008,9EIJ
O96013,2BVA
O96013,2CDZ
O96013,2J0I
O96013,2OV2
O96013,2Q0N
O96013,2X4Z
O96013,4APP
O96013,4FIE
O96013,4FIF
O96013,4FIG
O96013,4FIH
O96013,4FII
O96013,4FIJ
O96013,4JDH
O96013,4JDI
O96013,4JDJ
O96013,4JDK
O96013,4L67
O96013,4NJD
O96013,4O0V
O96013,4O0X
O96013,4O0Y
O96013,4XBR
O96013,4XBU
O96013,5BMS
O96013,5I0B
O96013,5VED
O96013,5VEE
O96013,5VEF
O96013,5XVA
O96013,5XVF
O96013,5XVG
O96013,5ZJW
O96013,6WLX
O96013,6WLY
O96013,7CMB
O96013,7CP3
O96013,7CP4
O96013,7S46
O96013,7S47
O96013,7S48
O96013,8AHG
O96013,8AHH
O96013,8AHI
O96013,8YHK
O96013,9D52
O96013,9D53
O96018,2YT7
O96018,2YT8
O96018,5UWS
O96028,5LSU
O96028,5VC8
O96028,6UE6
O96028,6XCG
O96028,7CRO
O96028,7E8D
O96028,7LMT
O96028,7MDN
O96028,7VLN
O96028,9CVD
O96028,9EXW
O96028,9EXX
O96028,9EXY
O96028,9GBF
O97143,4G7N
O97143,4NK7
O97143,5LHX
O97143,7RL3
O97148,1FJR
O97148,2PZX
O97302,8CDD
O97302,8CDE
O97364,2LU1
O97366,2OLG
P00127,1EZV
P00127,1KB9
P00127,1KYO
P00127,1P84
P00127,2IBZ
P00127,3CX5
P00127,3CXH
P00127,4PD4
P00127,6GIQ
P00127,6HU9
P00127,6T0B
P00127,6T15
P00127,8E7S
P00127,8EC0
P00127,8YHQ
P00127,8YIL
P00127,8YIN
P00127,8YIO
P00127,8ZJC
P00127,8ZMT
P00127,9BPB
P00127,9ETZ
P00128,6YMX
P00157,1BE3
P00157,1BGY
P00157,1L0L
P00157,1L0N
P00157,1NTK
P00157,1NTM
P00157,1NTZ
P00157,1NU1
P00157,1PP9
P00157,1PPJ
P00157,1QCR
P00157,1SQB
P00157,1SQP
P00157,1SQQ
P00157,1SQV
P00157,1SQX
P00157,2A06
P00157,2FYU
P00157,4D6T
P00157,4D6U
P00157,5KLV
P00157,5NMI
P00157,5OKD
P00157,6FO0
P00157,6FO2
P00157,6FO6
P00157,6HAW
P00157,6NHG
P00157,6XVF
P00157,6ZFS
P00157,6ZFT
P00157,6ZFU
P00157,7R3V
P00157,7TAY
P00157,7TZ6
P00157,8P65
P00157,9GCX
P00158,7O37
P00158,7O3C
P00158,7O3E
P00158,7O3H
P00158,8IAO
P00158,8IAR
P00158,8IB4
P00158,8IB7
P00158,8IB9
P00158,8IBC
P00158,8IBD
P00158,8IBG
P00158,8IC2
P00158,8IC5
P00158,8PW5
P00158,8PW6
P00158,8PW7
P00158,8UCA
P00287,9PCY
P00289,1AG6
P00289,1OOW
P00289,1TEF
P00289,1TEG
P00289,1YLB
P00289,2PCF
P00299,1JXG
P00299,1PLC
P00299,1PNC
P00299,1PND
P00299,1TKW
P00299,2PCY
P00299,3PCY
P00299,4DP7
P00299,4DP8
P00299,4DP9
P00299,4DPA
P00299,4DPB
P00299,4DPC
P00299,4PCY
P00299,5PCY
P00299,6PCY
P00352,4WB9
P00352,4WJ9
P00352,4WP7
P00352,4WPN
P00352,4X4L
P00352,5AC2
P00352,5L2M
P00352,5L2N
P00352,5L2O
P00352,5TEI
P00352,6DUM
P00352,7JWS
P00352,7JWT
P00352,7JWU
P00352,7JWV
P00352,7JWW
P00352,7UM9
P00352,8D46
P00352,8DNO
P00352,8ENE
P00352,8PVH
P00352,8T0N
P00352,8T0T
P00352,8WFQ
P00359,3PYM
P00359,4IQ8
P00359,9IWB
P00359,9IWC
P00359,9IWD
P00375,1U70
P00375,2FZJ
P00375,3D80
P00375,3D84
P00375,3K45
P00375,3K47
P00403,3VRJ
P00427,6YMY
P00427,7Z10
P00427,8DH6
P00429,1OCC
P00429,1OCO
P00429,1OCR
P00429,1OCZ
P00429,1V54
P00429,1V55
P00429,2DYR
P00429,2DYS
P00429,2EIJ
P00429,2EIK
P00429,2EIL
P00429,2EIM
P00429,2EIN
P00429,2OCC
P00429,2Y69
P00429,2YBB
P00429,2ZXW
P00429,3ABK
P00429,3ABL
P00429,3ABM
P00429,3AG1
P00429,3AG2
P00429,3AG3
P00429,3AG4
P00429,3ASN
P00429,3ASO
P00429,3WG7
P00429,3X2Q
P00429,5B1A
P00429,5B1B
P00429,5B3S
P00429,5GPN
P00429,5IY5
P00429,5LUF
P00429,5W97
P00429,5WAU
P00429,5X19
P00429,5X1B
P00429,5X1F
P00429,5XDQ
P00429,5XDX
P00429,5Z84
P00429,5Z85
P00429,5Z86
P00429,5ZCO
P00429,5ZCP
P00429,5ZCQ
P00429,6J8M
P00429,6JUW
P00429,6JY3
P00429,6JY4
P00429,6NKN
P00429,6NMF
P00429,6NMP
P00429,7COH
P00429,7CP5
P00429,7D5W
P00429,7D5X
P00429,7DGQ
P00429,7DGR
P00429,7DGS
P00429,7DKF
P00429,7EV7
P00429,7THU
P00429,7TIE
P00429,7TIH
P00429,7TII
P00429,7VUW
P00429,7VVR
P00429,7W3E
P00429,7XMA
P00429,7XMB
P00429,7Y44
P00429,7YPY
P00429,8D4T
P00429,8GBT
P00429,8GCQ
P00429,8GVM
P00429,8H8R
P00429,8H8S
P00429,8IJN
P00429,9IKF
P00429,9IKG
P00429,9IKH
P00429,9IKI
P00429,9KUK
P00429,9KUL
P00429,9KUM
P00429,9M56
P00431,1A2F
P00431,1A2G
P00431,1AA4
P00431,1AC4
P00431,1AC8
P00431,1AEB
P00431,1AED
P00431,1AEE
P00431,1AEF
P00431,1AEG
P00431,1AEH
P00431,1AEJ
P00431,1AEK
P00431,1AEM
P00431,1AEN
P00431,1AEO
P00431,1AEQ
P00431,1AES
P00431,1AET
P00431,1AEU
P00431,1AEV
P00431,1BEJ
P00431,1BEK
P00431,1BEM
P00431,1BEP
P00431,1BEQ
P00431,1BES
P00431,1BJ9
P00431,1BVA
P00431,1CCA
P00431,1CCB
P00431,1CCC
P00431,1CCE
P00431,1CCG
P00431,1CCI
P00431,1CCJ
P00431,1CCK
P00431,1CCL
P00431,1CCP
P00431,1CMP
P00431,1CMQ
P00431,1CMT
P00431,1CMU
P00431,1CPD
P00431,1CPE
P00431,1CPF
P00431,1CPG
P00431,1CYF
P00431,1DCC
P00431,1DJ1
P00431,1DJ5
P00431,1DS4
P00431,1DSE
P00431,1DSG
P00431,1DSO
P00431,1DSP
P00431,1EBE
P00431,1JCI
P00431,1JDR
P00431,1KOK
P00431,1KRJ
P00431,1KXM
P00431,1KXN
P00431,1MK8
P00431,1MKQ
P00431,1MKR
P00431,1ML2
P00431,1RYC
P00431,1S6V
P00431,1S73
P00431,1SBM
P00431,1SDQ
P00431,1SOG
P00431,1STQ
P00431,1U74
P00431,1U75
P00431,1Z53
P00431,1ZBY
P00431,1ZBZ
P00431,2ANZ
P00431,2AQD
P00431,2AS1
P00431,2AS2
P00431,2AS3
P00431,2AS4
P00431,2AS6
P00431,2B0Z
P00431,2B10
P00431,2B11
P00431,2B12
P00431,2BCN
P00431,2CCP
P00431,2CEP
P00431,2CYP
P00431,2EUN
P00431,2EUO
P00431,2EUP
P00431,2EUQ
P00431,2EUR
P00431,2EUS
P00431,2EUT
P00431,2EUU
P00431,2GB8
P00431,2IA8
P00431,2ICV
P00431,2JTI
P00431,2N18
P00431,2PCB
P00431,2PCC
P00431,2RBT
P00431,2RBU
P00431,2RBV
P00431,2RBW
P00431,2RBX
P00431,2RBY
P00431,2RBZ
P00431,2RC0
P00431,2RC1
P00431,2RC2
P00431,2V23
P00431,2V2E
P00431,2X07
P00431,2X08
P00431,2XIL
P00431,2XJ5
P00431,2XJ8
P00431,2Y5A
P00431,2YCG
P00431,3CCP
P00431,3CCX
P00431,3E2N
P00431,3E2O
P00431,3EXB
P00431,3M23
P00431,3M25
P00431,3M26
P00431,3M27
P00431,3M28
P00431,3M29
P00431,3M2A
P00431,3M2B
P00431,3M2C
P00431,3M2D
P00431,3M2E
P00431,3M2F
P00431,3M2G
P00431,3M2H
P00431,3M2I
P00431,3R98
P00431,3R99
P00431,4A6Z
P00431,4A71
P00431,4A78
P00431,4A7M
P00431,4CCP
P00431,4CCX
P00431,4CVI
P00431,4CVJ
P00431,4JB4
P00431,4NFG
P00431,4P4Q
P00431,4XV4
P00431,4XV5
P00431,4XV6
P00431,4XV7
P00431,4XV8
P00431,4XVA
P00431,5CCP
P00431,5CIB
P00431,5CIC
P00431,5CID
P00431,5CIE
P00431,5CIF
P00431,5CIG
P00431,5CIH
P00431,5D6M
P00431,5EJT
P00431,5EJX
P00431,6CCP
P00431,6H08
P00431,6P41
P00431,6P42
P00431,6P43
P00431,6Y1T
P00431,6Y2Y
P00431,7BIU
P00431,7CCP
P00431,9C8L
P00431,9C8M
P00431,9C8O
P00431,9C8P
P00441,1AZV
P00441,1BA9
P00441,1DSW
P00441,1FUN
P00441,1HL4
P00441,1HL5
P00441,1KMG
P00441,1L3N
P00441,1MFM
P00441,1N18
P00441,1N19
P00441,1OEZ
P00441,1OZT
P00441,1OZU
P00441,1P1V
P00441,1PTZ
P00441,1PU0
P00441,1RK7
P00441,1SOS
P00441,1SPD
P00441,1UXL
P00441,1UXM
P00441,2AF2
P00441,2C9S
P00441,2C9U
P00441,2C9V
P00441,2GBT
P00441,2GBU
P00441,2GBV
P00441,2LU5
P00441,2MP3
P00441,2NAM
P00441,2NNX
P00441,2R27
P00441,2V0A
P00441,2VR6
P00441,2VR7
P00441,2VR8
P00441,2WKO
P00441,2WYT
P00441,2WYZ
P00441,2WZ0
P00441,2WZ5
P00441,2WZ6
P00441,2XJK
P00441,2XJL
P00441,2ZKW
P00441,2ZKX
P00441,2ZKY
P00441,3CQP
P00441,3CQQ
P00441,3ECU
P00441,3ECV
P00441,3ECW
P00441,3GQF
P00441,3GTV
P00441,3GZO
P00441,3GZP
P00441,3GZQ
P00441,3H2P
P00441,3H2Q
P00441,3HFF
P00441,3K91
P00441,3KH3
P00441,3KH4
P00441,3LTV
P00441,3QQD
P00441,3RE0
P00441,3T5W
P00441,4A7G
P00441,4A7Q
P00441,4A7S
P00441,4A7T
P00441,4A7U
P00441,4A7V
P00441,4B3E
P00441,4BCY
P00441,4BCZ
P00441,4BD4
P00441,4FF9
P00441,4MCM
P00441,4MCN
P00441,4NIN
P00441,4NIO
P00441,4NIP
P00441,4OH2
P00441,4XCR
P00441,5DLI
P00441,5IIW
P00441,5J07
P00441,5J0C
P00441,5J0F
P00441,5J0G
P00441,5K02
P00441,5O3Y
P00441,5O40
P00441,5U9M
P00441,5WMJ
P00441,5WOR
P00441,5YTO
P00441,5YTU
P00441,5YUL
P00441,6A9O
P00441,6B79
P00441,6DTK
P00441,6FFK
P00441,6FLH
P00441,6FOI
P00441,6SPA
P00441,6SPH
P00441,6SPI
P00441,6SPJ
P00441,6SPK
P00441,6Z3V
P00441,6Z4G
P00441,6Z4H
P00441,6Z4I
P00441,6Z4J
P00441,6Z4K
P00441,6Z4L
P00441,6Z4M
P00441,6Z4O
P00441,7CJV
P00441,7CJW
P00441,7FB6
P00441,7FB9
P00441,7NXX
P00441,7T8E
P00441,7T8F
P00441,7T8G
P00441,7T8H
P00441,7VZF
P00441,7XX3
P00441,8CCX
P00441,8GSQ
P00441,8IHU
P00441,8IHV
P00441,8K33
P00441,8K3A
P00441,8K3L
P00441,8Q6M
P00441,8YAF
P00441,8YAT
P00441,8YD3
P00441,9IYK
P00441,9JBO
P00441,9JBP
P00441,9MIL
P00445,1B4L
P00445,1B4T
P00445,1F18
P00445,1F1A
P00445,1F1D
P00445,1F1G
P00445,1JCV
P00445,1JK9
P00445,1SDY
P00445,1YAZ
P00445,1YSO
P00445,2JCW
P00480,1C9Y
P00480,1EP9
P00480,1FVO
P00480,1OTH
P00488,1EVU
P00488,1EX0
P00488,1F13
P00488,1FIE
P00488,1GGT
P00488,1GGU
P00488,1GGY
P00488,1QRK
P00488,4KTY
P00488,5MHL
P00488,5MHM
P00488,5MHN
P00488,5MHO
P00488,8CMT
P00488,8CMU
P00491,1M73
P00491,1PF7
P00491,1PWY
P00491,1RCT
P00491,1RFG
P00491,1RR6
P00491,1RSZ
P00491,1RT9
P00491,1ULA
P00491,1ULB
P00491,1V2H
P00491,1V3Q
P00491,1V41
P00491,1V45
P00491,1YRY
P00491,2A0W
P00491,2A0X
P00491,2A0Y
P00491,2OC4
P00491,2OC9
P00491,2ON6
P00491,2Q7O
P00491,3BGS
P00491,3D1V
P00491,3GB9
P00491,3GGS
P00491,3INY
P00491,3K8O
P00491,3K8Q
P00491,3PHB
P00491,4EAR
P00491,4EB8
P00491,4ECE
P00491,4GKA
P00491,5ETJ
P00491,5UGF
P00491,7ZSL
P00491,7ZSM
P00491,7ZSN
P00491,7ZSO
P00491,7ZSP
P00505,5AX8
P00505,8SKR
P00508,1AKA
P00508,1AKB
P00508,1AKC
P00508,1AMA
P00508,1IVR
P00508,1MAP
P00508,1MAQ
P00508,1OXO
P00508,1OXP
P00508,1TAR
P00508,1TAS
P00508,1TAT
P00508,7AAT
P00508,8AAT
P00508,9AAT
P00517,1Q24
P00517,1Q61
P00517,1Q62
P00517,1Q8T
P00517,1Q8U
P00517,1Q8W
P00517,1SMH
P00517,1STC
P00517,1SVE
P00517,1SVG
P00517,1SVH
P00517,1SZM
P00517,1VEB
P00517,1XH4
P00517,1XH5
P00517,1XH6
P00517,1XH7
P00517,1XH8
P00517,1XH9
P00517,1XHA
P00517,1YDR
P00517,1YDS
P00517,1YDT
P00517,2C1A
P00517,2C1B
P00517,2F7E
P00517,2F7X
P00517,2F7Z
P00517,2GFC
P00517,2GNF
P00517,2GNG
P00517,2GNH
P00517,2GNI
P00517,2GNJ
P00517,2GNL
P00517,2JDS
P00517,2JDT
P00517,2JDV
P00517,2OH0
P00517,2OJF
P00517,2UVX
P00517,2UVY
P00517,2UVZ
P00517,2UW0
P00517,2UW3
P00517,2UW4
P00517,2UW5
P00517,2UW6
P00517,2UW7
P00517,2UW8
P00517,2UZT
P00517,2UZU
P00517,2UZV
P00517,2UZW
P00517,2VNW
P00517,2VNY
P00517,2VO0
P00517,2VO3
P00517,2VO6
P00517,2VO7
P00517,3AG9
P00517,3BWJ
P00517,3DND
P00517,3DNE
P00517,3E8C
P00517,3E8E
P00517,3KKV
P00517,3ZO1
P00517,3ZO2
P00517,3ZO3
P00517,3ZO4
P00517,4AXA
P00517,4C33
P00517,4C34
P00517,4C35
P00517,4C36
P00517,4C37
P00517,4C38
P00517,4IE9
P00517,4IJ9
P00517,4YXR
P00517,4YXS
P00517,4Z83
P00517,4Z84
P00517,5VHB
P00517,5VI9
P00517,5VIB
P00517,6E99
P00517,6E9L
P00517,8SF8
P00523,1F1W
P00523,1F2F
P00523,1NLO
P00523,1NLP
P00523,1P13
P00523,1PRL
P00523,1PRM
P00523,1RLP
P00523,1RLQ
P00523,1SRL
P00523,1SRM
P00523,2HWO
P00523,2HWP
P00523,2OIQ
P00523,2PTK
P00523,2QI8
P00523,2QLQ
P00523,2QQ7
P00523,3D7T
P00523,3D7U
P00523,3DQW
P00523,3DQX
P00523,3EL7
P00523,3EL8
P00523,3EN4
P00523,3EN5
P00523,3EN6
P00523,3EN7
P00523,3F3T
P00523,3F3U
P00523,3F3V
P00523,3F3W
P00523,3F6X
P00523,3FJ5
P00523,3G5D
P00523,3G6G
P00523,3G6H
P00523,3GEQ
P00523,3LOK
P00523,3OEZ
P00523,3OF0
P00523,3QLF
P00523,3QLG
P00523,3SVV
P00523,3TZ7
P00523,3TZ8
P00523,3TZ9
P00523,3U4W
P00523,3U51
P00523,3UQF
P00523,3UQG
P00523,4AGW
P00523,4DGG
P00523,4FIC
P00523,4HVU
P00523,4HVV
P00523,4HVW
P00523,4JZ3
P00523,4JZ4
P00523,4LE9
P00523,4LGG
P00523,4LGH
P00523,4MCV
P00523,4O2P
P00523,4OML
P00523,4OMM
P00523,4OMN
P00523,4OMO
P00523,4OMP
P00523,4OMQ
P00523,4QT7
P00523,4RTU
P00523,4RTV
P00523,4RTW
P00523,4RTX
P00523,4RTY
P00523,4RTZ
P00523,4U5J
P00523,4YBJ
P00523,4YBK
P00523,5BMM
P00523,5D10
P00523,5D11
P00523,5D12
P00523,5EC7
P00523,5ECA
P00523,5I11
P00523,5J5S
P00523,5K9I
P00523,5OAV
P00523,5OB0
P00523,5OB1
P00523,5OB2
P00523,5SWH
P00523,5SYS
P00523,5T0P
P00523,5TEH
P00523,5XP5
P00523,5XP7
P00523,6HVE
P00523,6HVF
P00523,6L8L
P00523,6WIW
P00523,6XVM
P00523,6XVN
P00523,6XVO
P00523,6XX2
P00523,6XX3
P00523,6XX4
P00523,6XX5
P00523,7A30
P00523,7A31
P00523,7A32
P00523,7A33
P00523,7A34
P00523,7A35
P00523,7A36
P00523,7A37
P00523,7A38
P00523,7A39
P00523,7A3A
P00523,7A3B
P00523,7A3C
P00523,7A3D
P00523,7A3E
P00523,7AH3
P00523,7D57
P00523,7D5O
P00523,7NER
P00523,7NES
P00523,7NET
P00523,7PVW
P00523,7PVX
P00523,7PVY
P00523,7PVZ
P00523,7PW0
P00523,7WF5
P00523,8K79
P00523,9BT8
P00523,9CX3
P00523,9CX9
P00533,1IVO
P00533,1M14
P00533,1M17
P00533,1MOX
P00533,1NQL
P00533,1XKK
P00533,1YY9
P00533,1Z9I
P00533,2EB2
P00533,2EB3
P00533,2GS2
P00533,2GS6
P00533,2GS7
P00533,2ITN
P00533,2ITO
P00533,2ITP
P00533,2ITQ
P00533,2ITT
P00533,2ITU
P00533,2ITV
P00533,2ITW
P00533,2ITX
P00533,2ITY
P00533,2ITZ
P00533,2J5E
P00533,2J5F
P00533,2J6M
P00533,2JIT
P00533,2JIU
P00533,2JIV
P00533,2KS1
P00533,2M0B
P00533,2M20
P00533,2N5S
P00533,2RGP
P00533,3B2U
P00533,3B2V
P00533,3BEL
P00533,3BUO
P00533,3C09
P00533,3G5V
P00533,3G5Y
P00533,3GOP
P00533,3GT8
P00533,3IKA
P00533,3LZB
P00533,3NJP
P00533,3OB2
P00533,3OP0
P00533,3P0Y
P00533,3PFV
P00533,3POZ
P00533,3QWQ
P00533,3UG1
P00533,3UG2
P00533,3VJN
P00533,3VJO
P00533,3VRP
P00533,3VRR
P00533,3W2O
P00533,3W2P
P00533,3W2Q
P00533,3W2R
P00533,3W2S
P00533,3W32
P00533,3W33
P00533,4G5J
P00533,4G5P
P00533,4HJO
P00533,4I1Z
P00533,4I20
P00533,4I22
P00533,4I23
P00533,4I24
P00533,4JQ7
P00533,4JQ8
P00533,4JR3
P00533,4JRV
P00533,4KRL
P00533,4KRM
P00533,4KRO
P00533,4KRP
P00533,4LI5
P00533,4LL0
P00533,4LQM
P00533,4LRM
P00533,4R5S
P00533,4RIW
P00533,4RIX
P00533,4RIY
P00533,4RJ4
P00533,4RJ5
P00533,4RJ6
P00533,4RJ7
P00533,4RJ8
P00533,4TKS
P00533,4UIP
P00533,4UV7
P00533,4WD5
P00533,4WKQ
P00533,4WRG
P00533,4ZAU
P00533,4ZSE
P00533,5C8K
P00533,5C8M
P00533,5C8N
P00533,5CAL
P00533,5CAN
P00533,5CAO
P00533,5CAP
P00533,5CAQ
P00533,5CAS
P00533,5CAU
P00533,5CAV
P00533,5CNN
P00533,5CNO
P00533,5CZH
P00533,5CZI
P00533,5D41
P00533,5EDP
P00533,5EDQ
P00533,5EDR
P00533,5EM5
P00533,5EM6
P00533,5EM7
P00533,5EM8
P00533,5FED
P00533,5FEE
P00533,5FEQ
P00533,5GMP
P00533,5GNK
P00533,5GTY
P00533,5GTZ
P00533,5HCX
P00533,5HCY
P00533,5HCZ
P00533,5HG5
P00533,5HG7
P00533,5HG8
P00533,5HG9
P00533,5HIB
P00533,5HIC
P00533,5J9Y
P00533,5J9Z
P00533,5JEB
P00533,5LV6
P00533,5SX4
P00533,5SX5
P00533,5U8L
P00533,5UG8
P00533,5UG9
P00533,5UGA
P00533,5UGB
P00533,5UGC
P00533,5UWD
P00533,5WB8
P00533,5X26
P00533,5X27
P00533,5X28
P00533,5X2A
P00533,5X2C
P00533,5X2F
P00533,5X2K
P00533,5XDK
P00533,5XDL
P00533,5XGM
P00533,5XGN
P00533,5XWD
P00533,5Y25
P00533,5Y9T
P00533,5YU9
P00533,5ZTO
P00533,5ZWJ
P00533,6ARU
P00533,6B3S
P00533,6D8E
P00533,6DUK
P00533,6JRJ
P00533,6JRK
P00533,6JRX
P00533,6JWL
P00533,6JX0
P00533,6JX4
P00533,6JXT
P00533,6JZ0
P00533,6LUB
P00533,6LUD
P00533,6P1D
P00533,6P1L
P00533,6P8Q
P00533,6S89
P00533,6S8A
P00533,6S9B
P00533,6S9C
P00533,6S9D
P00533,6TFU
P00533,6TFV
P00533,6TFW
P00533,6TFY
P00533,6TFZ
P00533,6TG0
P00533,6TG1
P00533,6V5N
P00533,6V5P
P00533,6V66
P00533,6V6K
P00533,6V6O
P00533,6VH4
P00533,6VHN
P00533,6VHP
P00533,6WA2
P00533,6WAK
P00533,6WXN
P00533,6XL4
P00533,6Z4B
P00533,6Z4D
P00533,7A2A
P00533,7A6I
P00533,7A6J
P00533,7A6K
P00533,7AEI
P00533,7AEM
P00533,7B85
P00533,7ER2
P00533,7JXI
P00533,7JXK
P00533,7JXL
P00533,7JXM
P00533,7JXP
P00533,7JXQ
P00533,7JXW
P00533,7K1H
P00533,7K1I
P00533,7KXZ
P00533,7KY0
P00533,7LG8
P00533,7LGS
P00533,7LTX
P00533,7OM4
P00533,7OXB
P00533,7SI1
P00533,7SYD
P00533,7SYE
P00533,7SZ0
P00533,7SZ1
P00533,7SZ5
P00533,7SZ7
P00533,7T4I
P00533,7T4J
P00533,7TVD
P00533,7U98
P00533,7U99
P00533,7U9A
P00533,7UKV
P00533,7UKW
P00533,7VRA
P00533,7VRE
P00533,7ZYM
P00533,7ZYN
P00533,7ZYP
P00533,7ZYQ
P00533,8A27
P00533,8A2A
P00533,8A2B
P00533,8A2D
P00533,8D73
P00533,8D76
P00533,8DSW
P00533,8EME
P00533,8F1H
P00533,8F1W
P00533,8F1X
P00533,8F1Y
P00533,8F1Z
P00533,8FV3
P00533,8FV4
P00533,8G63
P00533,8GB4
P00533,8GK5
P00533,8H7X
P00533,8HGO
P00533,8HGS
P00533,8HV1
P00533,8HV2
P00533,8HV3
P00533,8HV4
P00533,8HV5
P00533,8HV6
P00533,8HV7
P00533,8HV8
P00533,8HV9
P00533,8HVA
P00533,8HY7
P00533,8KFQ
P00533,8PNZ
P00533,8PO0
P00533,8PO1
P00533,8PO2
P00533,8PO3
P00533,8PO4
P00533,8S1M
P00533,8SC7
P00533,8TJL
P00533,8TO3
P00533,8TO4
P00533,8UKV
P00533,8UKW
P00533,8UKX
P00533,8WD4
P00533,9BY4
P00533,9BY6
P00533,9D3V
P00533,9D3W
P00533,9DF2
P00533,9DF3
P00533,9DF4
P00533,9EWS
P00533,9EWT
P00533,9FQP
P00533,9FQS
P00533,9FRD
P00533,9GC4
P00533,9GC5
P00533,9GC6
P00533,9GDV
P00533,9GI9
P00533,9GL7
P00533,9GL8
P00533,9GL9
P00533,9H46
P00533,9HBO
P00533,9IP7
P00533,9IP8
P00533,9IP9
P00533,9IPA
P00533,9IPB
P00533,9IPC
P00533,9IPD
P00533,9IPE
P00559,2PGK
P00560,1FW8
P00560,1QPG
P00560,3PGK
P00617,1BUN
P00626,3G8G
P00639,1ATN
P00639,1DNK
P00639,2A42
P00639,2D1K
P00639,2DNJ
P00639,3CJC
P00639,3DNI
P00639,3W3D
P00639,9FJU
P00639,9FJY
P00732,1CPB
P00736,1APQ
P00736,1GPZ
P00736,1MD7
P00736,1MD8
P00736,2QY0
P00736,6F1C
P00736,6F1D
P00736,6F1H
P00736,6F39
P00736,7MZT
P00736,9EKD
P00736,9EKE
P00740,1CFH
P00740,1CFI
P00740,1EDM
P00740,1IXA
P00740,1MGX
P00740,1NL0
P00740,1RFN
P00740,2WPH
P00740,2WPI
P00740,2WPJ
P00740,2WPK
P00740,2WPL
P00740,2WPM
P00740,3KCG
P00740,3LC3
P00740,3LC5
P00740,4WM0
P00740,4WMA
P00740,4WMB
P00740,4WMI
P00740,4WMK
P00740,4WN2
P00740,4WNH
P00740,4YZU
P00740,4Z0K
P00740,4ZAE
P00740,5EGM
P00740,5JB8
P00740,5JB9
P00740,5JBA
P00740,5JBB
P00740,5JBC
P00740,5TNO
P00740,5TNT
P00740,5VYG
P00740,6MV4
P00740,6RFK
P00740,6X5J
P00740,6X5L
P00740,6X5P
P00740,7AHV
P00740,8EPC
P00740,8EPH
P00740,8EPK
P00740,8OL9
P00741,1J34
P00741,1J35
P00747,1B2I
P00747,1BML
P00747,1BUI
P00747,1CEA
P00747,1CEB
P00747,1DDJ
P00747,1HPJ
P00747,1HPK
P00747,1I5K
P00747,1KI0
P00747,1KRN
P00747,1L4D
P00747,1L4Z
P00747,1PK4
P00747,1PKR
P00747,1PMK
P00747,1QRZ
P00747,1RJX
P00747,2DOH
P00747,2DOI
P00747,2KNF
P00747,2L0S
P00747,2PK4
P00747,3UIR
P00747,4A5T
P00747,4CIK
P00747,4DCB
P00747,4DUR
P00747,4DUU
P00747,5HPG
P00747,5UGD
P00747,5UGG
P00747,6D3X
P00747,6D3Y
P00747,6D3Z
P00747,6D40
P00747,6OG4
P00747,6OQJ
P00747,6OQK
P00747,6Q1U
P00747,6UZ4
P00747,6UZ5
P00747,7E50
P00747,7THS
P00747,7UAH
P00747,8F7U
P00747,8F7V
P00747,8UQ6
P00747,9AZK
P00749,1C5W
P00749,1C5X
P00749,1C5Y
P00749,1C5Z
P00749,1EJN
P00749,1F5K
P00749,1F5L
P00749,1F92
P00749,1FV9
P00749,1GI7
P00749,1GI8
P00749,1GI9
P00749,1GJ7
P00749,1GJ8
P00749,1GJ9
P00749,1GJA
P00749,1GJB
P00749,1GJC
P00749,1GJD
P00749,1KDU
P00749,1LMW
P00749,1O3P
P00749,1O5A
P00749,1O5B
P00749,1O5C
P00749,1OWD
P00749,1OWE
P00749,1OWH
P00749,1OWI
P00749,1OWJ
P00749,1OWK
P00749,1SC8
P00749,1SQA
P00749,1SQO
P00749,1SQT
P00749,1U6Q
P00749,1URK
P00749,1VJ9
P00749,1VJA
P00749,1W0Z
P00749,1W10
P00749,1W11
P00749,1W12
P00749,1W13
P00749,1W14
P00749,2I9A
P00749,2NWN
P00749,2O8T
P00749,2O8U
P00749,2O8W
P00749,2R2W
P00749,2VIN
P00749,2VIO
P00749,2VIP
P00749,2VIQ
P00749,2VIV
P00749,2VIW
P00749,2VNT
P00749,3IG6
P00749,3KGP
P00749,3KHV
P00749,3KID
P00749,3M61
P00749,3MHW
P00749,3MWI
P00749,3OX7
P00749,3OY5
P00749,3OY6
P00749,3PB1
P00749,3QN7
P00749,4DVA
P00749,4DW2
P00749,4FU7
P00749,4FU8
P00749,4FU9
P00749,4FUB
P00749,4FUC
P00749,4FUD
P00749,4FUE
P00749,4FUF
P00749,4FUG
P00749,4FUH
P00749,4FUI
P00749,4FUJ
P00749,4GLY
P00749,4H42
P00749,4JK5
P00749,4JK6
P00749,4MNV
P00749,4MNW
P00749,4MNX
P00749,4MNY
P00749,4OS1
P00749,4OS2
P00749,4OS4
P00749,4OS5
P00749,4OS6
P00749,4OS7
P00749,4X0W
P00749,4X1N
P00749,4X1P
P00749,4X1Q
P00749,4X1R
P00749,4X1S
P00749,4XSK
P00749,4ZHL
P00749,4ZHM
P00749,4ZKN
P00749,4ZKO
P00749,4ZKR
P00749,4ZKS
P00749,5HGG
P00749,5WXF
P00749,5WXO
P00749,5WXP
P00749,5WXQ
P00749,5WXR
P00749,5WXS
P00749,5WXT
P00749,5XG4
P00749,5YC6
P00749,5YC7
P00749,5Z1C
P00749,5ZA7
P00749,5ZA8
P00749,5ZA9
P00749,5ZAE
P00749,5ZAF
P00749,5ZAG
P00749,5ZAH
P00749,5ZAJ
P00749,5ZC5
P00749,6AG2
P00749,6AG3
P00749,6AG7
P00749,6AG9
P00749,6JYP
P00749,6JYQ
P00749,6L04
P00749,6L05
P00749,6NMB
P00749,6XVD
P00749,7DZD
P00749,7VM4
P00749,7VM5
P00749,7VM6
P00749,7VM7
P00749,7ZRR
P00749,7ZRT
P00749,9PYF
P00787,1CPJ
P00787,1CTE
P00787,1MIR
P00787,1THE
P00797,1BBS
P00797,1BIL
P00797,1BIM
P00797,1HRN
P00797,1RNE
P00797,2BKS
P00797,2BKT
P00797,2FS4
P00797,2G1N
P00797,2G1O
P00797,2G1R
P00797,2G1S
P00797,2G1Y
P00797,2G20
P00797,2G21
P00797,2G22
P00797,2G24
P00797,2G26
P00797,2G27
P00797,2I4Q
P00797,2IKO
P00797,2IKU
P00797,2IL2
P00797,2REN
P00797,2V0Z
P00797,2V10
P00797,2V11
P00797,2V12
P00797,2V13
P00797,2V16
P00797,2X0B
P00797,3D91
P00797,3G6Z
P00797,3G70
P00797,3G72
P00797,3GW5
P00797,3K1W
P00797,3KM4
P00797,3O9L
P00797,3OAD
P00797,3OAG
P00797,3OOT
P00797,3OQF
P00797,3OQK
P00797,3OWN
P00797,3Q3T
P00797,3Q4B
P00797,3Q5H
P00797,3SFC
P00797,3VCM
P00797,3VSW
P00797,3VSX
P00797,3VUC
P00797,3VYD
P00797,3VYE
P00797,3VYF
P00797,4AMT
P00797,4GJ5
P00797,4GJ6
P00797,4GJ7
P00797,4GJ8
P00797,4GJ9
P00797,4GJA
P00797,4GJB
P00797,4GJC
P00797,4GJD
P00797,4PYV
P00797,4Q1N
P00797,4RYC
P00797,4RYG
P00797,4RZ1
P00797,4S1G
P00797,4XX3
P00797,4XX4
P00797,5KOQ
P00797,5KOS
P00797,5KOT
P00797,5SXN
P00797,5SY2
P00797,5SY3
P00797,5SZ9
P00797,5T4S
P00797,5TMG
P00797,5TMK
P00797,5V8V
P00797,5VPM
P00797,5VRP
P00797,6I3F
P00797,7XGK
P00797,7XGO
P00797,7XGP
P00813,3IAR
P00813,7RTG
P00829,1BMF
P00829,1COW
P00829,1E1Q
P00829,1E1R
P00829,1E79
P00829,1EFR
P00829,1H8E
P00829,1H8H
P00829,1NBM
P00829,1OHH
P00829,1QO1
P00829,1W0J
P00829,1W0K
P00829,2CK3
P00829,2JDI
P00829,2JIZ
P00829,2JJ1
P00829,2JJ2
P00829,2V7Q
P00829,2W6E
P00829,2W6F
P00829,2W6G
P00829,2W6H
P00829,2W6I
P00829,2W6J
P00829,2WSS
P00829,2XND
P00829,4ASU
P00829,4TSF
P00829,4TT3
P00829,4YXW
P00829,4Z1M
P00829,5ARA
P00829,5ARE
P00829,5ARH
P00829,5ARI
P00829,5FIJ
P00829,5FIK
P00829,5FIL
P00829,6YY0
P00829,6Z1R
P00829,6Z1U
P00829,6ZPO
P00829,6ZQM
P00829,6ZQN
P00829,7AJB
P00829,7AJC
P00829,7AJD
P00829,7AJE
P00829,7AJF
P00829,7AJG
P00829,7AJH
P00829,7AJI
P00829,7AJJ
P00883,1ADO
P00883,1EWD
P00883,1EWE
P00883,1EX5
P00883,1J4E
P00883,1ZAH
P00883,1ZAI
P00883,1ZAJ
P00883,1ZAL
P00883,2OT0
P00883,2OT1
P00883,2QUT
P00883,2QUU
P00883,2QUV
P00883,3B8D
P00883,3BV4
P00883,3DFN
P00883,3DFO
P00883,3DFP
P00883,3DFQ
P00883,3DFS
P00883,3DFT
P00883,3LGE
P00883,3TU9
P00883,5F4X
P00883,5TLE
P00883,5TLH
P00883,5TLW
P00883,5TLZ
P00883,5VY5
P00883,6ALD
P00883,6MWQ
P00883,6V20
P00883,7K9L
P00883,7K9X
P00883,7KA2
P00883,7KA3
P00883,7KA4
P00883,7VDC
P00883,8EHG
P00883,8EW2
P00883,8TWK
P00883,8TWL
P00883,8TWM
P00890,8GQZ
P00918,12CA
P00918,1A42
P00918,1AM6
P00918,1AVN
P00918,1BCD
P00918,1BIC
P00918,1BN1
P00918,1BN3
P00918,1BN4
P00918,1BNM
P00918,1BNN
P00918,1BNQ
P00918,1BNT
P00918,1BNU
P00918,1BNV
P00918,1BNW
P00918,1BV3
P00918,1CA2
P00918,1CA3
P00918,1CAH
P00918,1CAI
P00918,1CAJ
P00918,1CAK
P00918,1CAL
P00918,1CAM
P00918,1CAN
P00918,1CAO
P00918,1CAY
P00918,1CAZ
P00918,1CCS
P00918,1CCT
P00918,1CCU
P00918,1CIL
P00918,1CIM
P00918,1CIN
P00918,1CNB
P00918,1CNC
P00918,1CNG
P00918,1CNH
P00918,1CNI
P00918,1CNJ
P00918,1CNK
P00918,1CNW
P00918,1CNX
P00918,1CNY
P00918,1CRA
P00918,1CVA
P00918,1CVB
P00918,1CVC
P00918,1CVD
P00918,1CVE
P00918,1CVF
P00918,1CVH
P00918,1DCA
P00918,1DCB
P00918,1EOU
P00918,1F2W
P00918,1FQL
P00918,1FQM
P00918,1FQN
P00918,1FQR
P00918,1FR4
P00918,1FR7
P00918,1FSN
P00918,1FSQ
P00918,1FSR
P00918,1G0E
P00918,1G0F
P00918,1G1D
P00918,1G3Z
P00918,1G45
P00918,1G46
P00918,1G48
P00918,1G4J
P00918,1G4O
P00918,1G52
P00918,1G53
P00918,1G54
P00918,1H4N
P00918,1H9N
P00918,1H9Q
P00918,1HCA
P00918,1HEA
P00918,1HEB
P00918,1HEC
P00918,1HED
P00918,1HVA
P00918,1I8Z
P00918,1I90
P00918,1I91
P00918,1I9L
P00918,1I9M
P00918,1I9N
P00918,1I9O
P00918,1I9P
P00918,1I9Q
P00918,1IF4
P00918,1IF5
P00918,1IF6
P00918,1IF7
P00918,1IF8
P00918,1IF9
P00918,1KWQ
P00918,1KWR
P00918,1LG5
P00918,1LG6
P00918,1LGD
P00918,1LUG
P00918,1LZV
P00918,1MOO
P00918,1MUA
P00918,1OKL
P00918,1OKM
P00918,1OKN
P00918,1OQ5
P00918,1RAY
P00918,1RAZ
P00918,1RZA
P00918,1RZB
P00918,1RZC
P00918,1RZD
P00918,1RZE
P00918,1T9N
P00918,1TB0
P00918,1TBT
P00918,1TE3
P00918,1TEQ
P00918,1TEU
P00918,1TG3
P00918,1TG9
P00918,1TH9
P00918,1THK
P00918,1TTM
P00918,1UGA
P00918,1UGB
P00918,1UGC
P00918,1UGD
P00918,1UGE
P00918,1UGF
P00918,1UGG
P00918,1XEG
P00918,1XEV
P00918,1XPZ
P00918,1XQ0
P00918,1YDA
P00918,1YDB
P00918,1YDC
P00918,1YDD
P00918,1YO0
P00918,1YO1
P00918,1YO2
P00918,1Z9Y
P00918,1ZE8
P00918,1ZFK
P00918,1ZFQ
P00918,1ZGE
P00918,1ZGF
P00918,1ZH9
P00918,1ZSA
P00918,1ZSB
P00918,1ZSC
P00918,2ABE
P00918,2AW1
P00918,2AX2
P00918,2CA2
P00918,2CBA
P00918,2CBB
P00918,2CBC
P00918,2CBD
P00918,2CBE
P00918,2EU2
P00918,2EU3
P00918,2EZ7
P00918,2F14
P00918,2FMG
P00918,2FMZ
P00918,2FNK
P00918,2FNM
P00918,2FNN
P00918,2FOQ
P00918,2FOS
P00918,2FOU
P00918,2FOV
P00918,2GD8
P00918,2GEH
P00918,2H15
P00918,2H4N
P00918,2HD6
P00918,2HKK
P00918,2HL4
P00918,2HNC
P00918,2HOC
P00918,2ILI
P00918,2NNG
P00918,2NNO
P00918,2NNS
P00918,2NNV
P00918,2NWO
P00918,2NWP
P00918,2NWY
P00918,2NWZ
P00918,2NXR
P00918,2NXS
P00918,2NXT
P00918,2O4Z
P00918,2OSF
P00918,2OSM
P00918,2POU
P00918,2POV
P00918,2POW
P00918,2Q1B
P00918,2Q1Q
P00918,2Q38
P00918,2QO8
P00918,2QOA
P00918,2QP6
P00918,2VVA
P00918,2VVB
P00918,2WD2
P00918,2WD3
P00918,2WEG
P00918,2WEH
P00918,2WEJ
P00918,2WEO
P00918,2X7S
P00918,2X7T
P00918,2X7U
P00918,3B4F
P00918,3BET
P00918,3BL0
P00918,3BL1
P00918,3C7P
P00918,3CA2
P00918,3CAJ
P00918,3CYU
P00918,3D8W
P00918,3D92
P00918,3D93
P00918,3D9Z
P00918,3DAZ
P00918,3DBU
P00918,3DC3
P00918,3DC9
P00918,3DCC
P00918,3DCS
P00918,3DCW
P00918,3DD0
P00918,3DD8
P00918,3DV7
P00918,3DVB
P00918,3DVC
P00918,3DVD
P00918,3EFI
P00918,3EFT
P00918,3F4X
P00918,3F8E
P00918,3FFP
P00918,3GZ0
P00918,3HFP
P00918,3HKN
P00918,3HKQ
P00918,3HKT
P00918,3HKU
P00918,3HLJ
P00918,3HS4
P00918,3IBI
P00918,3IBL
P00918,3IBN
P00918,3IBU
P00918,3IEO
P00918,3IGP
P00918,3K2F
P00918,3K34
P00918,3K7K
P00918,3KIG
P00918,3KKX
P00918,3KNE
P00918,3KOI
P00918,3KOK
P00918,3KON
P00918,3KS3
P00918,3KWA
P00918,3L14
P00918,3M04
P00918,3M14
P00918,3M1J
P00918,3M1K
P00918,3M1Q
P00918,3M1W
P00918,3M2N
P00918,3M2X
P00918,3M2Y
P00918,3M2Z
P00918,3M3X
P00918,3M40
P00918,3M5E
P00918,3M5S
P00918,3M5T
P00918,3M67
P00918,3M96
P00918,3M98
P00918,3MHC
P00918,3MHI
P00918,3MHL
P00918,3MHM
P00918,3MHO
P00918,3ML2
P00918,3MMF
P00918,3MNA
P00918,3MNH
P00918,3MNI
P00918,3MNJ
P00918,3MNK
P00918,3MNU
P00918,3MWO
P00918,3MYQ
P00918,3MZC
P00918,3N0N
P00918,3N2P
P00918,3N3J
P00918,3N4B
P00918,3NB5
P00918,3NI5
P00918,3NJ9
P00918,3OIK
P00918,3OIL
P00918,3OIM
P00918,3OKU
P00918,3OKV
P00918,3OY0
P00918,3OYQ
P00918,3OYS
P00918,3P3H
P00918,3P3J
P00918,3P44
P00918,3P4V
P00918,3P55
P00918,3P58
P00918,3P5A
P00918,3P5L
P00918,3PJJ
P00918,3PO6
P00918,3PYK
P00918,3QYK
P00918,3R16
P00918,3R17
P00918,3RG3
P00918,3RG4
P00918,3RGE
P00918,3RJ7
P00918,3RLD
P00918,3RYJ
P00918,3RYV
P00918,3RYX
P00918,3RYY
P00918,3RYZ
P00918,3RZ0
P00918,3RZ1
P00918,3RZ5
P00918,3RZ7
P00918,3RZ8
P00918,3S71
P00918,3S72
P00918,3S73
P00918,3S74
P00918,3S75
P00918,3S76
P00918,3S77
P00918,3S78
P00918,3S8X
P00918,3S9T
P00918,3SAP
P00918,3SAX
P00918,3SBH
P00918,3SBI
P00918,3T5U
P00918,3T5Z
P00918,3T82
P00918,3T83
P00918,3T84
P00918,3T85
P00918,3TMJ
P00918,3TVN
P00918,3TVO
P00918,3U3A
P00918,3U45
P00918,3U47
P00918,3U7C
P00918,3V2J
P00918,3V2M
P00918,3V3F
P00918,3V3G
P00918,3V3H
P00918,3V3I
P00918,3V3J
P00918,3V5G
P00918,3V7X
P00918,3VBD
P00918,3ZP9
P00918,4BCW
P00918,4BF1
P00918,4BF6
P00918,4CA2
P00918,4CAC
P00918,4CQ0
P00918,4DZ7
P00918,4DZ9
P00918,4E3D
P00918,4E3F
P00918,4E3G
P00918,4E3H
P00918,4E49
P00918,4E4A
P00918,4E5Q
P00918,4FIK
P00918,4FL7
P00918,4FPT
P00918,4FRC
P00918,4FU5
P00918,4FVN
P00918,4FVO
P00918,4G0C
P00918,4GL1
P00918,4HBA
P00918,4HEW
P00918,4HEY
P00918,4HEZ
P00918,4HF3
P00918,4HT0
P00918,4IDR
P00918,4ILX
P00918,4ITO
P00918,4ITP
P00918,4IWZ
P00918,4JS6
P00918,4JSA
P00918,4JSS
P00918,4JSW
P00918,4JSZ
P00918,4K0S
P00918,4K0T
P00918,4K0Z
P00918,4K13
P00918,4K1Q
P00918,4KAP
P00918,4KNI
P00918,4KNJ
P00918,4KUV
P00918,4KUW
P00918,4KUY
P00918,4KV0
P00918,4L5U
P00918,4L5V
P00918,4L5W
P00918,4LHI
P00918,4LP6
P00918,4M2R
P00918,4M2U
P00918,4M2V
P00918,4M2W
P00918,4MDG
P00918,4MDL
P00918,4MDM
P00918,4MLT
P00918,4MLX
P00918,4MO8
P00918,4MTY
P00918,4N0X
P00918,4N16
P00918,4PQ7
P00918,4PXX
P00918,4PYX
P00918,4PYY
P00918,4PZH
P00918,4Q06
P00918,4Q07
P00918,4Q08
P00918,4Q09
P00918,4Q49
P00918,4Q6D
P00918,4Q6E
P00918,4Q78
P00918,4Q7P
P00918,4Q7S
P00918,4Q7V
P00918,4Q7W
P00918,4Q81
P00918,4Q83
P00918,4Q87
P00918,4Q8X
P00918,4Q8Y
P00918,4Q8Z
P00918,4Q90
P00918,4Q99
P00918,4Q9Y
P00918,4QEF
P00918,4QIY
P00918,4QJM
P00918,4QK1
P00918,4QK2
P00918,4QK3
P00918,4QSA
P00918,4QSB
P00918,4QSI
P00918,4QTL
P00918,4QY3
P00918,4R59
P00918,4R5A
P00918,4R5B
P00918,4RFC
P00918,4RFD
P00918,4RH2
P00918,4RIU
P00918,4RIV
P00918,4RN4
P00918,4RUX
P00918,4RUY
P00918,4RUZ
P00918,4WL4
P00918,4WW6
P00918,4XE1
P00918,4Y0J
P00918,4YGJ
P00918,4YGK
P00918,4YGL
P00918,4YGN
P00918,4YVY
P00918,4YWP
P00918,4YX4
P00918,4YXI
P00918,4YXO
P00918,4YXU
P00918,4YYT
P00918,4Z0Q
P00918,4Z1E
P00918,4Z1J
P00918,4Z1K
P00918,4Z1N
P00918,4ZAO
P00918,4ZWI
P00918,4ZWX
P00918,4ZWY
P00918,4ZWZ
P00918,4ZX0
P00918,4ZX1
P00918,5A6H
P00918,5AMD
P00918,5AMG
P00918,5AML
P00918,5BNL
P00918,5BRU
P00918,5BRV
P00918,5BRW
P00918,5BYI
P00918,5C8I
P00918,5CA2
P00918,5CAC
P00918,5CLU
P00918,5DOG
P00918,5DOH
P00918,5DRS
P00918,5DSK
P00918,5DSL
P00918,5DSM
P00918,5DSO
P00918,5DSP
P00918,5DSQ
P00918,5DSR
P00918,5E28
P00918,5E2K
P00918,5E2R
P00918,5E2S
P00918,5EH5
P00918,5EH7
P00918,5EH8
P00918,5EHE
P00918,5EHV
P00918,5EHW
P00918,5EIJ
P00918,5EKH
P00918,5EKJ
P00918,5EKM
P00918,5EOI
P00918,5FDC
P00918,5FDI
P00918,5FLO
P00918,5FLP
P00918,5FLQ
P00918,5FLR
P00918,5FLS
P00918,5FLT
P00918,5FNG
P00918,5FNH
P00918,5FNI
P00918,5FNJ
P00918,5FNK
P00918,5FNL
P00918,5FNM
P00918,5G01
P00918,5G03
P00918,5G0B
P00918,5G0C
P00918,5GMN
P00918,5J8Z
P00918,5JDV
P00918,5JE7
P00918,5JEG
P00918,5JEH
P00918,5JEP
P00918,5JES
P00918,5JG3
P00918,5JG5
P00918,5JGS
P00918,5JGT
P00918,5JMZ
P00918,5JN3
P00918,5JN7
P00918,5JQ0
P00918,5JQT
P00918,5L3O
P00918,5L6K
P00918,5L6T
P00918,5L70
P00918,5L9E
P00918,5LJQ
P00918,5LJT
P00918,5LL4
P00918,5LL8
P00918,5LLC
P00918,5LLE
P00918,5LLG
P00918,5LLH
P00918,5LMD
P00918,5LVS
P00918,5M78
P00918,5MJN
P00918,5N0D
P00918,5N0E
P00918,5N1R
P00918,5N1S
P00918,5N24
P00918,5N25
P00918,5NEA
P00918,5NEE
P00918,5NXG
P00918,5NXI
P00918,5NXM
P00918,5NXO
P00918,5NXP
P00918,5NXV
P00918,5NXW
P00918,5NY1
P00918,5NY3
P00918,5NY6
P00918,5NYA
P00918,5O07
P00918,5OGN
P00918,5OGO
P00918,5OGP
P00918,5SZ0
P00918,5SZ1
P00918,5SZ2
P00918,5SZ3
P00918,5SZ4
P00918,5SZ5
P00918,5SZ6
P00918,5SZ7
P00918,5T71
P00918,5T72
P00918,5T74
P00918,5T75
P00918,5TFX
P00918,5TH4
P00918,5THI
P00918,5THJ
P00918,5THN
P00918,5TI0
P00918,5TXY
P00918,5TY1
P00918,5TY8
P00918,5TY9
P00918,5TYA
P00918,5U0D
P00918,5U0E
P00918,5U0F
P00918,5U0G
P00918,5ULN
P00918,5UMC
P00918,5VGY
P00918,5W8B
P00918,5WEX
P00918,5WG7
P00918,5WGP
P00918,5WLR
P00918,5WLT
P00918,5WLU
P00918,5WLV
P00918,5Y2R
P00918,5Y2S
P00918,5YUI
P00918,5YUJ
P00918,5YUK
P00918,5ZXW
P00918,6B4D
P00918,6B59
P00918,6B5A
P00918,6BBS
P00918,6BC9
P00918,6BCC
P00918,6C7W
P00918,6C7X
P00918,6CA2
P00918,6CEH
P00918,6CJV
P00918,6D1L
P00918,6D1M
P00918,6E8P
P00918,6E8X
P00918,6E91
P00918,6E92
P00918,6EBE
P00918,6ECZ
P00918,6EDA
P00918,6EEA
P00918,6EEH
P00918,6EEO
P00918,6EQU
P00918,6FJI
P00918,6FJJ
P00918,6G3Q
P00918,6G6T
P00918,6GCY
P00918,6GDC
P00918,6GM9
P00918,6GOT
P00918,6GXB
P00918,6GXE
P00918,6H29
P00918,6H2Z
P00918,6H33
P00918,6H34
P00918,6H3Q
P00918,6H6S
P00918,6HD2
P00918,6HQX
P00918,6HR3
P00918,6HX5
P00918,6HXD
P00918,6HZX
P00918,6I0W
P00918,6I1U
P00918,6I2F
P00918,6I3E
P00918,6IC2
P00918,6KLZ
P00918,6KM0
P00918,6KM1
P00918,6KM2
P00918,6KM3
P00918,6KM4
P00918,6KM5
P00918,6KM6
P00918,6LUU
P00918,6LUV
P00918,6LUW
P00918,6LUX
P00918,6LUY
P00918,6LUZ
P00918,6LV1
P00918,6LV2
P00918,6LV3
P00918,6LV4
P00918,6LV5
P00918,6LV6
P00918,6LV7
P00918,6LV8
P00918,6LV9
P00918,6LVA
P00918,6MBV
P00918,6MBY
P00918,6NLV
P00918,6NM0
P00918,6ODZ
P00918,6OE0
P00918,6OE1
P00918,6OTI
P00918,6OTK
P00918,6OTM
P00918,6OTO
P00918,6OTP
P00918,6OTQ
P00918,6OUB
P00918,6OUD
P00918,6OUE
P00918,6OUF
P00918,6OUH
P00918,6OUI
P00918,6OUJ
P00918,6OUK
P00918,6OUM
P00918,6PDV
P00918,6PEA
P00918,6PGX
P00918,6Q3O
P00918,6Q9T
P00918,6QEB
P00918,6QL1
P00918,6QL2
P00918,6QL3
P00918,6R6F
P00918,6R6J
P00918,6RFH
P00918,6RG3
P00918,6RG4
P00918,6RG5
P00918,6RH4
P00918,6RHJ
P00918,6RHK
P00918,6RIG
P00918,6RIT
P00918,6RJJ
P00918,6RKN
P00918,6RL9
P00918,6RM1
P00918,6RMP
P00918,6RMX
P00918,6RMY
P00918,6RNP
P00918,6ROB
P00918,6ROE
P00918,6ROF
P00918,6RQI
P00918,6RRG
P00918,6RRI
P00918,6RS5
P00918,6RSZ
P00918,6RVF
P00918,6RVK
P00918,6RVL
P00918,6RW1
P00918,6RZX
P00918,6S03
P00918,6S9G
P00918,6S9Z
P00918,6SAC
P00918,6SAS
P00918,6SAY
P00918,6SB7
P00918,6SBH
P00918,6SBL
P00918,6SBM
P00918,6SD7
P00918,6SDH
P00918,6SDI
P00918,6SDJ
P00918,6SDL
P00918,6SDS
P00918,6SEY
P00918,6SFQ
P00918,6SFU
P00918,6SG0
P00918,6SG6
P00918,6SX9
P00918,6SYB
P00918,6SYS
P00918,6T4N
P00918,6T4O
P00918,6T4P
P00918,6T5C
P00918,6T7U
P00918,6T81
P00918,6T9Z
P00918,6U4Q
P00918,6U4T
P00918,6UFB
P00918,6UFC
P00918,6UFD
P00918,6UGN
P00918,6UGO
P00918,6UGP
P00918,6UGQ
P00918,6UGR
P00918,6UGZ
P00918,6UH0
P00918,6UX1
P00918,6UZU
P00918,6VJ3
P00918,6VKG
P00918,6WKA
P00918,6WQ4
P00918,6WQ5
P00918,6WQ7
P00918,6WQ8
P00918,6WQ9
P00918,6XVH
P00918,6XWZ
P00918,6XXT
P00918,6YH4
P00918,6YH5
P00918,6YH6
P00918,6YH7
P00918,6YH8
P00918,6YH9
P00918,6YHA
P00918,6YHB
P00918,6YHC
P00918,6YJ3
P00918,6YKC
P00918,6YKH
P00918,6YMA
P00918,6YMB
P00918,6YO2
P00918,6YO4
P00918,6YO7
P00918,6YOI
P00918,6YOK
P00918,6YOL
P00918,6YPW
P00918,6YQT
P00918,6YQU
P00918,6YRI
P00918,6YZJ
P00918,6YZK
P00918,6YZL
P00918,6YZM
P00918,6YZN
P00918,6YZO
P00918,6YZP
P00918,6YZQ
P00918,6YZR
P00918,6YZS
P00918,6YZT
P00918,6YZU
P00918,6YZV
P00918,6YZW
P00918,6YZX
P00918,6Z04
P00918,6ZR8
P00918,7A6V
P00918,7AEQ
P00918,7AES
P00918,7AGN
P00918,7ASJ
P00918,7BFA
P00918,7BG5
P00918,7BHH
P00918,7BI5
P00918,7CA2
P00918,7JNR
P00918,7JNV
P00918,7JNW
P00918,7JNX
P00918,7JNZ
P00918,7JO0
P00918,7JO1
P00918,7JO2
P00918,7JO3
P00918,7JOB
P00918,7JOC
P00918,7K6I
P00918,7K6J
P00918,7K6K
P00918,7K6L
P00918,7K6T
P00918,7K6U
P00918,7K6X
P00918,7K6Z
P00918,7M23
P00918,7M24
P00918,7M26
P00918,7MU3
P00918,7NH6
P00918,7NH8
P00918,7NTB
P00918,7NZR
P00918,7NZS
P00918,7NZT
P00918,7NZU
P00918,7NZW
P00918,7NZX
P00918,7OK8
P00918,7ONV
P00918,7ORP
P00918,7ORQ
P00918,7OYM
P00918,7OYN
P00918,7OYO
P00918,7OYP
P00918,7OYQ
P00918,7OYR
P00918,7Q0C
P00918,7Q0E
P00918,7QBH
P00918,7QGX
P00918,7QGY
P00918,7QGZ
P00918,7QNV
P00918,7QRK
P00918,7QSE
P00918,7QSI
P00918,7QZX
P00918,7R1X
P00918,7RNY
P00918,7RNZ
P00918,7RRE
P00918,7RRF
P00918,7SUW
P00918,7SUY
P00918,7SV1
P00918,7SV8
P00918,7U5W
P00918,7U5X
P00918,7Y2A
P00918,7Y2C
P00918,7Y2E
P00918,7Y2F
P00918,7Y2G
P00918,7Y2H
P00918,7Y2I
P00918,7Y2J
P00918,7Y2K
P00918,7Y2L
P00918,7Y2M
P00918,7Y2N
P00918,7Y2O
P00918,7Y2Q
P00918,7Y2R
P00918,7Y2S
P00918,7Y2T
P00918,7Y2U
P00918,7Y2V
P00918,7Y2W
P00918,7Y2X
P00918,7YWT
P00918,7ZL6
P00918,7ZWB
P00918,8AA6
P00918,8AAE
P00918,8B29
P00918,8BJX
P00918,8BOE
P00918,8BZZ
P00918,8C0Q
P00918,8C0R
P00918,8CA2
P00918,8CR0
P00918,8DJ9
P00918,8EM3
P00918,8EMU
P00918,8EXC
P00918,8EXG
P00918,8EYL
P00918,8FAL
P00918,8FAU
P00918,8FQX
P00918,8FQY
P00918,8FQZ
P00918,8FR1
P00918,8FR2
P00918,8FR4
P00918,8IGF
P00918,8J2O
P00918,8JEE
P00918,8OGD
P00918,8OGE
P00918,8OGF
P00918,8OKE
P00918,8OKG
P00918,8OKJ
P00918,8OKO
P00918,8OKP
P00918,8OKQ
P00918,8OKT
P00918,8OLA
P00918,8OLF
P00918,8OLI
P00918,8OLK
P00918,8OLM
P00918,8OMB
P00918,8OMH
P00918,8OMN
P00918,8OMP
P00918,8OO8
P00918,8OTP
P00918,8OUB
P00918,8P6U
P00918,8PHL
P00918,8PHM
P00918,8Q0C
P00918,8QF7
P00918,8QF9
P00918,8QFK
P00918,8QH8
P00918,8QHG
P00918,8QHJ
P00918,8QHO
P00918,8QKZ
P00918,8QQA
P00918,8QUF
P00918,8R1I
P00918,8R2F
P00918,8R2K
P00918,8RAR
P00918,8RBP
P00918,8RJ2
P00918,8RLP
P00918,8RLQ
P00918,8RNS
P00918,8ROU
P00918,8ROW
P00918,8SAF
P00918,8SAG
P00918,8SD1
P00918,8SD6
P00918,8SD7
P00918,8SD8
P00918,8SD9
P00918,8SF1
P00918,8TTR
P00918,8UFW
P00918,8UFX
P00918,8VZG
P00918,8WEP
P00918,8WER
P00918,8WES
P00918,8ZWV
P00918,9CA2
P00918,9EN8
P00918,9EN9
P00918,9F15
P00918,9F2E
P00918,9F2F
P00918,9FAI
P00918,9FAO
P00918,9FJQ
P00918,9FJV
P00918,9G38
P00918,9GFV
P00918,9GFW
P00918,9GFX
P00918,9H3H
P00918,9L2X
P00918,9L2Y
P00918,9L2Z
P00918,9L30
P00918,9L31
P00918,9L32
P00918,9L33
P00918,9LDO
P00918,9LDP
P00918,9LR6
P00924,1EBG
P00924,1EBH
P00924,1ELS
P00924,1L8P
P00924,1NEL
P00924,1ONE
P00924,1P43
P00924,1P48
P00924,2AL1
P00924,2AL2
P00924,2ONE
P00924,2XGZ
P00924,2XH0
P00924,2XH2
P00924,2XH4
P00924,2XH7
P00924,3ENL
P00924,4ENL
P00924,5ENL
P00924,6ENL
P00924,7ENL
P00949,1C47
P00949,1C4G
P00949,1JDY
P00949,1LXT
P00949,1VKL
P00949,3PMG
P00950,1BQ3
P00950,1BQ4
P00950,1QHF
P00950,3PGM
P00950,4PGM
P00950,5PGM
P00958,2HSN
P00966,2NZ2
P00973,4IG8
P00998,1TGS
P01012,1JTI
P01012,1OVA
P01012,1P1Z
P01012,1P4L
P01012,1UHG
P01012,1VAC
P01012,3C8K
P01012,3CVH
P01012,3P9L
P01012,3P9M
P01012,3PAB
P01012,4HKJ
P01021,4AA2
P01023,1BV8
P01023,2P9R
P01023,6TAV
P01023,7O7L
P01023,7O7M
P01023,7O7N
P01023,7O7O
P01023,7O7P
P01023,7O7Q
P01023,7O7R
P01023,7O7S
P01023,7VON
P01023,7VOO
P01033,1D2B
P01033,1OO9
P01033,1UEA
P01033,2J0T
P01033,3MA2
P01033,3V96
P01033,6MAV
P01033,6N9D
P01033,7S7L
P01033,7S7M
P01034,1G96
P01034,1R4C
P01034,1TIJ
P01034,3GAX
P01034,3NX0
P01034,3PS8
P01034,3QRD
P01034,3S67
P01034,3SVA
P01034,6ROA
P01034,6RPV
P01040,1CYU
P01040,1CYV
P01040,1DVC
P01040,1DVD
P01040,1GD3
P01040,1GD4
P01040,1N9J
P01040,1NB3
P01040,1NB5
P01040,3KFQ
P01040,8GT0
P01040,8GT7
P01106,1A93
P01106,1EE4
P01106,1NKP
P01106,2A93
P01106,2OR9
P01106,4Y7R
P01106,5I4Z
P01106,5I50
P01106,6C4U
P01106,6E16
P01106,6E24
P01106,6G6J
P01106,6G6K
P01106,6G6L
P01106,8J2Q
P01106,8OTS
P01106,8OTT
P01106,8Q1N
P01106,8WLG
P01106,8X8S
P01106,8X8V
P01106,9QNH
P01123,1UKV
P01123,1YZN
P01123,2BCG
P01123,3CUE
P01123,7KMT
P01130,1AJJ
P01130,1D2J
P01130,1F5Y
P01130,1F8Z
P01130,1HJ7
P01130,1HZ8
P01130,1I0U
P01130,1IJQ
P01130,1LDL
P01130,1LDR
P01130,1N7D
P01130,1XFE
P01130,2FCW
P01130,2KRI
P01130,2LGP
P01130,2MG9
P01130,2W2M
P01130,2W2N
P01130,2W2O
P01130,2W2P
P01130,2W2Q
P01130,3BPS
P01130,3GCW
P01130,3GCX
P01130,3M0C
P01130,3P5B
P01130,3P5C
P01130,3SO6
P01130,4NE9
P01130,5OY9
P01130,5OYL
P01130,9BD8
P01130,9BDE
P01130,9BDT
P01130,9COO
P01137,1KLA
P01137,1KLC
P01137,1KLD
P01137,4KV5
P01137,5VQP
P01137,6P7J
P01137,7Y1R
P01137,8UDZ
P01138,4EDW
P01138,4EDX
P01138,4ZBN
P01138,5JZ7
P01138,6YW8
P01139,1BET
P01139,1BTG
P01139,1SGF
P01139,4EAX
P01139,4XPJ
P01139,5LSD
P01160,1ANP
P01160,8TG9
P01160,9BCQ
P01160,9RBD
P01160,9RBW
P01215,1DZ7
P01215,1E9J
P01215,1FL7
P01215,1HCN
P01215,1HD4
P01215,1HRP
P01215,1QFW
P01275,1BH0
P01275,1D0R
P01275,1NAU
P01275,2L63
P01275,2L64
P01275,2M5P
P01275,2M5Q
P01275,4APD
P01275,5YQZ
P01275,6NZN
P01275,6PHI
P01275,6PHJ
P01275,6PHK
P01275,6PHL
P01275,6PHO
P01275,6PHP
P01275,7XM8
P01275,8ANJ
P01275,8ANK
P01344,1IGL
P01344,2L29
P01344,2V5P
P01344,3KR3
P01344,5L3L
P01344,5L3M
P01344,5L3N
P01344,6UM2
P01344,8U4C
P01344,8U4E
P01344,8VJB
P01344,8VJC
P01344,8YSZ
P01375,1A8M
P01375,1TNF
P01375,2AZ5
P01375,2E7A
P01375,2TUN
P01375,2ZJC
P01375,2ZPX
P01375,3ALQ
P01375,3IT8
P01375,3L9J
P01375,3WD5
P01375,4G3Y
P01375,4TSV
P01375,4TWT
P01375,4Y6O
P01375,5M2I
P01375,5M2J
P01375,5M2M
P01375,5MU8
P01375,5TSW
P01375,5UUI
P01375,5WUX
P01375,5YOY
P01375,6OOY
P01375,6OOZ
P01375,6OP0
P01375,6RMJ
P01375,6X81
P01375,6X82
P01375,6X83
P01375,6X85
P01375,6X86
P01375,7ASY
P01375,7AT7
P01375,7ATB
P01375,7JRA
P01375,7KP9
P01375,7KPA
P01375,7KPB
P01375,7QLF
P01375,7TA3
P01375,7TA6
P01375,8Z8M
P01375,8ZUI
P01375,9DJW
P01375,9OJO
P01375,9OJS
P01375,9OJY
P01375,9OK6
P01382,1NTN
P01382,1W6B
P01386,1TXA
P01386,1TXB
P01386,8SXP
P01390,8D9Z
P01391,1CTX
P01391,1LXG
P01391,1LXH
P01391,1YI5
P01391,4AEA
P01391,6ZFM
P01391,7ULG
P01391,9BK5
P01391,9FYT
P01391,9GCN
P01416,1NTX
P01416,8R4N
P01416,8V13
P01426,1IQ9
P01426,1NEA
P01426,3NDS
P01426,8S72
P01427,1NOR
P01427,2MJ4
P01441,1CB9
P01441,1CCQ
P01441,1FFJ
P01451,1RL5
P01451,1ZAD
P01451,5LUE
P01451,5NPN
P01451,5NQ4
P01451,5T8A
P01452,1CDT
P01467,2CCX
P01468,1CXN
P01468,1CXO
P01468,1TGX
P01468,9BK6
P01478,1QDP
P01484,1AHO
P01484,1PTX
P01484,1SEG
P01484,4AEI
P01492,1VNA
P01492,1VNB
P01493,1JZA
P01493,1JZB
P01494,2SN3
P01496,5CY0
P01500,7OXF
P01500,9O52
P01501,1BH1
P01501,2MLT
P01501,2MW6
P01501,3QRX
P01501,6DST
P01501,6O4M
P01501,8AHT
P01522,1OMC
P01522,1TR6
P01522,1TTL
P01522,2CCO
P01523,1TCG
P01523,1TCH
P01523,1TCJ
P01523,1TCK
P01563,1ITF
P01563,1RH2
P01563,2LMS
P01563,4YPG
P01563,4Z5R
P01583,2ILA
P01583,2KKI
P01583,2L5X
P01583,5UC6
P01584,1HIB
P01584,1I1B
P01584,1IOB
P01584,1L2H
P01584,1S0L
P01584,1T4Q
P01584,1TOO
P01584,1TP0
P01584,1TWE
P01584,1TWM
P01584,21BI
P01584,2I1B
P01584,2KH2
P01584,2NVH
P01584,31BI
P01584,3LTQ
P01584,3POK
P01584,41BI
P01584,4G6J
P01584,4G6M
P01584,4GAI
P01584,4I1B
P01584,5BVP
P01584,5I1B
P01584,5MVZ
P01584,5R7W
P01584,5R85
P01584,5R86
P01584,5R87
P01584,5R88
P01584,5R89
P01584,5R8A
P01584,5R8B
P01584,5R8C
P01584,5R8D
P01584,5R8E
P01584,5R8F
P01584,5R8G
P01584,5R8H
P01584,5R8I
P01584,5R8J
P01584,5R8K
P01584,5R8L
P01584,5R8M
P01584,5R8N
P01584,5R8O
P01584,5R8P
P01584,5R8Q
P01584,6I1B
P01584,6Y8I
P01584,6Y8M
P01584,7CHY
P01584,7CHZ
P01584,7I1B
P01584,7Z4T
P01584,8C3U
P01584,8RYK
P01584,8RYS
P01584,8RZB
P01584,9ILB
P01588,1BUY
P01592,7JG1
P01592,7JG2
P01593,1AR2
P01593,1BWW
P01593,1REI
P01593,1WTL
P01593,4L1H
P01593,5XP1
P01594,1B0W
P01594,1JV5
P01594,1QP1
P01594,2Q20
P01594,3CDC
P01594,3CDF
P01594,3CDY
P01594,4K07
P01594,7CZQ
P01594,7CZU
P01594,7CZV
P01597,1F6L
P01597,3UPA
P01704,5C2B
P01704,5C6W
P01704,5CBA
P01704,5CBE
P01704,6SM1
P01709,1A8J
P01709,1DCL
P01709,1MCW
P01709,2MCG
P01709,3MCG
P01709,4UNT
P01709,4UNU
P01709,4UNV
P01709,5ACL
P01709,5ACM
P01714,6Z1I
P01714,6Z1O
P01730,1CDH
P01730,1CDI
P01730,1CDJ
P01730,1CDU
P01730,1CDY
P01730,1G9M
P01730,1G9N
P01730,1GC1
P01730,1JL4
P01730,1Q68
P01730,1RZJ
P01730,1RZK
P01730,1WBR
P01730,1WIO
P01730,1WIP
P01730,1WIQ
P01730,2B4C
P01730,2KLU
P01730,2NXY
P01730,2NXZ
P01730,2NY0
P01730,2NY1
P01730,2NY2
P01730,2NY3
P01730,2NY4
P01730,2NY5
P01730,2NY6
P01730,2QAD
P01730,3CD4
P01730,3J70
P01730,3JCB
P01730,3JCC
P01730,3JWD
P01730,3JWO
P01730,3LQA
P01730,3O2D
P01730,3S4S
P01730,3S5L
P01730,3T0E
P01730,4H8W
P01730,4JM2
P01730,4P9H
P01730,4Q6I
P01730,4R2G
P01730,4R4H
P01730,4RQS
P01730,5A7X
P01730,5A8H
P01730,5CAY
P01730,5THR
P01730,5U1F
P01730,5VN3
P01730,6CM3
P01730,6EDU
P01730,6L1Y
P01730,6OPN
P01730,6OPO
P01730,6OPP
P01730,6OPQ
P01730,6U0L
P01730,6U0N
P01730,6X5B
P01730,6X5C
P01730,7T0O
P01730,7T0R
P01730,7TXD
P01730,8D5C
P01730,8FYI
P01730,8FYJ
P01730,8W90
P01730,8Z7N
P01730,9D8Y
P01730,9D90
P01730,9D98
P01732,1AKJ
P01732,1CD8
P01732,1Q69
P01732,2HP4
P01732,3QZW
P01732,7UMG
P01732,7UVF
P01732,8EW6
P01764,1OHQ
P01764,3BN9
P01764,3UPC
P01764,3ZHD
P01764,3ZHK
P01764,3ZHL
P01764,4KFZ
P01772,2FB4
P01772,2IG2
P01772,2RCJ
P01772,7CZT
P01833,1XED
P01833,2OCW
P01833,3CHN
P01833,3CM9
P01833,5D4K
P01833,6KXS
P01833,6LX3
P01833,6LXW
P01833,6UE7
P01833,6UE8
P01833,6UE9
P01833,6UEA
P01833,7K0C
P01833,8SKU
P01833,8SKV
P01854,1F6A
P01854,1FP5
P01854,1G84
P01854,1O0V
P01854,2WQR
P01854,2Y7Q
P01854,3H9Y
P01854,3H9Z
P01854,3HA0
P01854,4EZM
P01854,4GKO
P01854,4GRG
P01854,4GT7
P01854,4J4P
P01854,4KI1
P01854,5ANM
P01854,5HYS
P01854,5LGJ
P01854,5LGK
P01854,5MOI
P01854,5MOJ
P01854,5MOK
P01854,5MOL
P01854,5NQW
P01854,6EYO
P01854,6UQR
P01854,7MXI
P01854,7SHT
P01854,7SHU
P01854,7SHY
P01854,7SHZ
P01854,7SI0
P01854,8C1B
P01854,8C1C
P01854,8Z0T
P01857,1AJ7
P01857,1AQK
P01857,1AXS
P01857,1BEY
P01857,1D5B
P01857,1D5I
P01857,1D6V
P01857,1DFB
P01857,1DN2
P01857,1FC1
P01857,1FC2
P01857,1FCC
P01857,1GAF
P01857,1H3T
P01857,1H3U
P01857,1H3V
P01857,1H3W
P01857,1H3X
P01857,1H3Y
P01857,1HKL
P01857,1HZH
P01857,1I7Z
P01857,1L6X
P01857,1N7M
P01857,1OQO
P01857,1OQX
P01857,1PG7
P01857,1VGE
P01857,2DTS
P01857,2GJ7
P01857,2I5Y
P01857,2J6E
P01857,2JB5
P01857,2JB6
P01857,2O5X
P01857,2O5Y
P01857,2O5Z
P01857,2QL1
P01857,2QR0
P01857,2R56
P01857,2RCS
P01857,2VXQ
P01857,2WAH
P01857,3AGV
P01857,3AVE
P01857,3BDY
P01857,3BQU
P01857,3C08
P01857,3C2S
P01857,3CFJ
P01857,3CFK
P01857,3CSY
P01857,3D0L
P01857,3D0V
P01857,3D6G
P01857,3D85
P01857,3DJ9
P01857,3DNK
P01857,3DO3
P01857,3DRO
P01857,3DRQ
P01857,3EYF
P01857,3EYO
P01857,3EYQ
P01857,3FJT
P01857,3MCL
P01857,3O11
P01857,3S7G
P01857,3TV3
P01857,3TWC
P01857,3TYG
P01857,3U0W
P01857,3U7W
P01857,3U7Y
P01857,3V7M
P01857,3V8C
P01857,3V95
P01857,3WJJ
P01857,3WJL
P01857,3WKN
P01857,4ACP
P01857,4B7I
P01857,4BM7
P01857,4BSV
P01857,4BSW
P01857,4BYH
P01857,4CDH
P01857,4D9Q
P01857,4D9R
P01857,4DAG
P01857,4DZ8
P01857,4EOW
P01857,4J12
P01857,4KU1
P01857,4LLD
P01857,4LLM
P01857,4LLQ
P01857,4NQS
P01857,4NQT
P01857,4NQU
P01857,4NWT
P01857,4NWU
P01857,4O4Y
P01857,4O51
P01857,4Q6Y
P01857,4Q74
P01857,4Q7D
P01857,4W4N
P01857,4WI2
P01857,4WI3
P01857,4WI4
P01857,4WI5
P01857,4WI6
P01857,4WI7
P01857,4WI8
P01857,4WI9
P01857,4X98
P01857,4X99
P01857,4XMP
P01857,4XNY
P01857,4XNZ
P01857,5C7K
P01857,5D4Q
P01857,5DI8
P01857,5DJ0
P01857,5DJ2
P01857,5DJ6
P01857,5DJ8
P01857,5DJA
P01857,5DJC
P01857,5DJD
P01857,5DJX
P01857,5DJY
P01857,5DJZ
P01857,5DK0
P01857,5DK2
P01857,5DVK
P01857,5DVL
P01857,5DVM
P01857,5DVN
P01857,5DVO
P01857,5GSQ
P01857,5HSF
P01857,5HY9
P01857,5HYE
P01857,5HYF
P01857,5HYI
P01857,5IQ7
P01857,5IQ9
P01857,5IW3
P01857,5IW6
P01857,5JIH
P01857,5JII
P01857,5JIK
P01857,5K64
P01857,5K65
P01857,5K8D
P01857,5M3V
P01857,5TPS
P01857,5U4Y
P01857,5U52
P01857,5U66
P01857,5V43
P01857,5V4E
P01857,6DCV
P01857,6DCW
P01857,6DE7
P01857,6F2Z
P01857,6G1E
P01857,6N35
P01857,6YT7
P01857,7KWO
P01857,7LUR
P01857,7Q3P
P01857,7WSO
P01857,8YP1
P01857,9HIZ
P01859,2QSC
P01859,4HAF
P01859,4HAG
P01859,4L4J
P01859,7LUS
P01860,4WWI
P01860,4ZNC
P01860,5W38
P01860,6D58
P01861,1ADQ
P01861,1BBJ
P01861,2FL5
P01861,3EO1
P01861,4B53
P01861,4C54
P01861,4C55
P01861,4D2N
P01861,5HVW
P01861,5LG1
P01861,5W5M
P01861,5W5N
P01861,6WIB
P01861,6WMH
P01876,1IGA
P01876,1OW0
P01876,2ESG
P01876,2QEJ
P01876,6XJA
P01876,7UVL
P01876,9R2E
P01880,1ZVO
P01880,9FMB
P01889,1A1M
P01889,1A1N
P01889,1A1O
P01889,1A9B
P01889,1A9E
P01889,1AGB
P01889,1AGC
P01889,1AGD
P01889,1AGE
P01889,1AGF
P01889,1CG9
P01889,1E27
P01889,1E28
P01889,1HSA
P01889,1JGD
P01889,1JGE
P01889,1K5N
P01889,1M05
P01889,1M6O
P01889,1MI5
P01889,1N2R
P01889,1OF2
P01889,1OGT
P01889,1SYV
P01889,1UXS
P01889,1UXW
P01889,1W0V
P01889,1W0W
P01889,1XH3
P01889,1XR8
P01889,1XR9
P01889,1ZHK
P01889,1ZHL
P01889,1ZSD
P01889,2AK4
P01889,2AXF
P01889,2AXG
P01889,2BSR
P01889,2BSS
P01889,2BST
P01889,2BVO
P01889,2BVP
P01889,2BVQ
P01889,2HJL
P01889,2NW3
P01889,2NX5
P01889,2RFX
P01889,2YPK
P01889,2YPL
P01889,3B3I
P01889,3B6S
P01889,3BP4
P01889,3BP7
P01889,3BW9
P01889,3BWA
P01889,3C9N
P01889,3D18
P01889,3DTX
P01889,3DX6
P01889,3DX7
P01889,3DX8
P01889,3DXA
P01889,3FFC
P01889,3HCV
P01889,3KPL
P01889,3KPM
P01889,3KPN
P01889,3KPO
P01889,3KPP
P01889,3KPQ
P01889,3KPR
P01889,3KPS
P01889,3KWW
P01889,3KXF
P01889,3L3D
P01889,3L3G
P01889,3L3I
P01889,3L3J
P01889,3L3K
P01889,3LKN
P01889,3LKO
P01889,3LKP
P01889,3LKQ
P01889,3LKR
P01889,3LKS
P01889,3LN4
P01889,3LN5
P01889,3LV3
P01889,3MV7
P01889,3MV8
P01889,3MV9
P01889,3SJV
P01889,3SKM
P01889,3SKO
P01889,3SPV
P01889,3UPR
P01889,3VCL
P01889,3VFS
P01889,3VFT
P01889,3VFU
P01889,3VFV
P01889,3VFW
P01889,3VH8
P01889,3VRI
P01889,3W39
P01889,3WUW
P01889,3X11
P01889,3X12
P01889,3X13
P01889,3X14
P01889,4G8G
P01889,4G8I
P01889,4G9D
P01889,4G9F
P01889,4JQV
P01889,4JQX
P01889,4LCY
P01889,4LNR
P01889,4MJI
P01889,4O2C
P01889,4O2E
P01889,4O2F
P01889,4PR5
P01889,4PRN
P01889,4QRP
P01889,4QRQ
P01889,4QRR
P01889,4QRS
P01889,4QRT
P01889,4QRU
P01889,4U1H
P01889,4U1I
P01889,4U1J
P01889,4U1K
P01889,4U1L
P01889,4U1M
P01889,4U1N
P01889,4U1S
P01889,4XXC
P01889,5B38
P01889,5B39
P01889,5DEF
P01889,5DEG
P01889,5EO0
P01889,5EO1
P01889,5IB1
P01889,5IB2
P01889,5IB3
P01889,5IB4
P01889,5IB5
P01889,5IEH
P01889,5IEK
P01889,5IM7
P01889,5INC
P01889,5IND
P01889,5T6W
P01889,5T6X
P01889,5T6Y
P01889,5T6Z
P01889,5T70
P01889,5TXS
P01889,5U98
P01889,5V5L
P01889,5V5M
P01889,5VUD
P01889,5VUE
P01889,5VUF
P01889,5VWD
P01889,5VWF
P01889,5VWH
P01889,5VWJ
P01889,5VZ5
P01889,5WMN
P01889,5WMO
P01889,5WMP
P01889,5WMQ
P01889,5WMR
P01889,5XOS
P01889,5XOT
P01889,6AT5
P01889,6AVF
P01889,6AVG
P01889,6BJ2
P01889,6BJ3
P01889,6BJ8
P01889,6BXP
P01889,6BXQ
P01889,6D29
P01889,6D2B
P01889,6D2R
P01889,6D2T
P01889,6MT3
P01889,6MT4
P01889,6MT5
P01889,6MT6
P01889,6MTL
P01889,6MTM
P01889,6P23
P01889,6P27
P01889,6P2C
P01889,6P2F
P01889,6P2S
P01889,6PYJ
P01889,6PYL
P01889,6PYV
P01889,6PYW
P01889,6PZ5
P01889,6UJ7
P01889,6UJ8
P01889,6UJ9
P01889,6VMX
P01889,7LFZ
P01889,7LG0
P01889,7LGD
P01889,7LGT
P01889,7RZD
P01889,7RZJ
P01889,7S79
P01889,7S7D
P01889,7S7E
P01889,7S7F
P01889,7S8A
P01889,7S8E
P01889,7S8F
P01889,8TUB
P01889,8TUH
P01889,8UTC
P01889,8V8Q
P01903,1A6A
P01903,1AQD
P01903,1D5M
P01903,1D5X
P01903,1D5Z
P01903,1D6E
P01903,1DLH
P01903,1FYT
P01903,1H15
P01903,1HXY
P01903,1J8H
P01903,1JWM
P01903,1JWS
P01903,1JWU
P01903,1KG0
P01903,1KLG
P01903,1KLU
P01903,1LO5
P01903,1PYW
P01903,1R5I
P01903,1SEB
P01903,1SJE
P01903,1SJH
P01903,1T5W
P01903,1T5X
P01903,2FSE
P01903,2G9H
P01903,2IAM
P01903,2IAN
P01903,2ICW
P01903,2IPK
P01903,2OJE
P01903,2Q6W
P01903,2SEB
P01903,2WBJ
P01903,2XN9
P01903,3C5J
P01903,3L6F
P01903,3O6F
P01903,3PDO
P01903,3PGC
P01903,3PGD
P01903,3QXA
P01903,3QXD
P01903,4AEN
P01903,4AH2
P01903,4C56
P01903,4E41
P01903,4FQX
P01903,4GBX
P01903,4H1L
P01903,4H25
P01903,4H26
P01903,4I5B
P01903,4IS6
P01903,4MCY
P01903,4MCZ
P01903,4MD0
P01903,4MD4
P01903,4MD5
P01903,4MDI
P01903,4MDJ
P01903,4OV5
P01903,4X5W
P01903,4X5X
P01903,4Y19
P01903,4Y1A
P01903,5JLZ
P01903,5LAX
P01903,5NI9
P01903,5NIG
P01903,5V4M
P01903,5V4N
P01903,6ATF
P01903,6ATI
P01903,6ATZ
P01903,6BIJ
P01903,6BIL
P01903,6BIN
P01903,6BIR
P01903,6BIV
P01903,6BIX
P01903,6BIY
P01903,6BIZ
P01903,6CPL
P01903,6CPN
P01903,6CPO
P01903,6CQJ
P01903,6CQL
P01903,6CQN
P01903,6CQQ
P01903,6CQR
P01903,6NIX
P01903,6QZA
P01903,6QZC
P01903,6QZD
P01903,6R0E
P01903,6V0Y
P01903,6V13
P01903,6V15
P01903,6V18
P01903,6V19
P01903,6V1A
P01903,7N19
P01903,7NZE
P01903,7O00
P01903,7YX9
P01903,7YXB
P01903,7Z0Q
P01903,8CMB
P01903,8CMC
P01903,8CMD
P01903,8CME
P01903,8CMF
P01903,8CMG
P01903,8CMH
P01903,8CMI
P01903,8EUQ
P01903,8PJE
P01903,8PJF
P01903,8PJG
P01903,8TBP
P01903,8TRL
P01903,8TRQ
P01903,8TRR
P01903,8VRW
P01903,8VSJ
P01903,9B7B
P01903,9BF9
P01903,9NIG
P01903,9NIH
P01911,6HBY
P02400,3N2D
P02400,3N3X
P02406,3JCT
P02406,4V7F
P02406,4V8T
P02406,4V91
P02406,5APN
P02406,5APO
P02406,5GAK
P02406,5H4P
P02406,5JCS
P02406,5T62
P02406,5T6R
P02406,6ELZ
P02406,6FT6
P02406,6HD7
P02406,6M62
P02406,6N8J
P02406,6N8K
P02406,6N8L
P02406,6N8M
P02406,6N8N
P02406,6N8O
P02406,6OIG
P02406,6QIK
P02406,6QT0
P02406,6QTZ
P02406,6R84
P02406,6R86
P02406,6R87
P02406,6RI5
P02406,6RZZ
P02406,6S05
P02406,6WOO
P02406,6YLG
P02406,6YLH
P02406,6YLX
P02406,6YLY
P02406,7AZY
P02406,7BT6
P02406,7BTB
P02406,7OF1
P02406,7OH3
P02406,7OHQ
P02406,7OHV
P02406,7TOO
P02406,7TOP
P02406,7U0H
P02406,7UG6
P02406,7UOO
P02406,7UQB
P02406,7UQZ
P02406,7V08
P02406,7Z34
P02406,7ZS5
P02406,8AAF
P02406,8AGT
P02406,8AGU
P02406,8AGV
P02406,8AGW
P02406,8AGX
P02406,8AGZ
P02406,8BIP
P02406,8BJQ
P02406,8HFR
P02406,8P8M
P02406,8P8N
P02406,8P8U
P02406,8PFR
P02406,9F58
P02489,6T1R
P02489,9MTZ
P02489,9MU0
P02489,9MYQ
P02489,9U4L
P02511,2KLR
P02511,2N0K
P02511,2WJ7
P02511,2Y1Y
P02511,2Y1Z
P02511,2Y22
P02511,2YGD
P02511,3J07
P02511,3L1G
P02511,3SGM
P02511,3SGN
P02511,3SGO
P02511,3SGP
P02511,3SGR
P02511,3SGS
P02511,4M5S
P02511,4M5T
P02511,6BP9
P02511,7ROJ
P02511,9BEE
P02533,3TNU
P02533,6JFV
P02545,1IFR
P02545,1IVT
P02545,1X8Y
P02545,2XV5
P02545,3GEF
P02545,3V4Q
P02545,3V4W
P02545,3V5B
P02545,6JLB
P02545,6SNZ
P02545,6YJD
P02545,7CRG
P02545,7D9N
P02545,7WZZ
P02545,7X1B
P02545,7X5D
P02545,7YVD
P02545,8I33
P02557,4FFB
P02557,4U3J
P02557,5W3F
P02557,5W3H
P02557,5W3J
P02557,8QV0
P02557,8QV2
P02557,8QV3
P02640,1QQV
P02640,1VII
P02640,1WY3
P02640,1WY4
P02640,1YRF
P02640,1YRI
P02640,1YU5
P02640,1YU7
P02640,1YU8
P02640,2F4K
P02640,2JM0
P02640,2LLF
P02640,2PPZ
P02640,2RJV
P02640,2RJW
P02640,2RJX
P02640,2RJY
P02640,2VIK
P02640,2VIL
P02640,3MYA
P02640,3MYC
P02640,3MYE
P02640,3NKJ
P02640,3TJW
P02640,3TRV
P02640,3TRW
P02640,3TRY
P02640,4CZ3
P02640,4CZ4
P02640,5I1N
P02640,5I1O
P02640,5I1P
P02640,5I1S
P02640,9MF7
P02640,9MF8
P02640,9MF9
P02640,9MFA
P02640,9MFB
P02649,1B68
P02649,1BZ4
P02649,1EA8
P02649,1GS9
P02649,1H7I
P02649,1LE2
P02649,1LE4
P02649,1LPE
P02649,1NFN
P02649,1NFO
P02649,1OEF
P02649,1OEG
P02649,1OR2
P02649,1OR3
P02649,2KC3
P02649,2KNY
P02649,2L7B
P02649,6NCN
P02649,6NCO
P02649,6V7M
P02649,7FCR
P02649,7FCS
P02649,7UVJ
P02649,8AX8
P02649,8AX9
P02649,8CDY
P02649,8CE0
P02649,8GRX
P02654,1ALE
P02654,1ALF
P02654,1IOJ
P02654,1OPP
P02654,6DVU
P02654,6DXR
P02654,6DZ6
P02654,6NF3
P02655,1BY6
P02655,1I5J
P02655,1O8T
P02655,1SOH
P02656,2JQ3
P02671,1BBR
P02671,1DM4
P02671,1FPH
P02671,1FZA
P02671,1FZB
P02671,1FZC
P02671,1FZD
P02671,1FZE
P02671,1FZF
P02671,1FZG
P02671,1LT9
P02671,1LTJ
P02671,1N86
P02671,1N8E
P02671,1RE3
P02671,1RE4
P02671,1RF0
P02671,1RF1
P02671,1YCP
P02671,2A45
P02671,2FFD
P02671,2H43
P02671,2HLO
P02671,2HOD
P02671,2HPC
P02671,2OYH
P02671,2OYI
P02671,2Q9I
P02671,2XNX
P02671,2XNY
P02671,2Z4E
P02671,3AT0
P02671,3BVH
P02671,3E1I
P02671,3GHG
P02671,3H32
P02671,3HUS
P02671,4F27
P02671,5CFA
P02676,1DEQ
P02676,1JY2
P02676,1JY3
P02679,1DUG
P02679,1FIB
P02679,1FIC
P02679,1FID
P02679,2FIB
P02679,2HWL
P02679,2VR3
P02679,2Y7L
P02679,3FIB
P02679,4B60
P02686,1BX2
P02686,1FV1
P02686,1HQR
P02686,1K2D
P02686,1YMM
P02686,1ZGL
P02699,1EDS
P02699,1EDV
P02699,1EDW
P02699,1EDX
P02699,1F88
P02699,1FDF
P02699,1GZM
P02699,1HZX
P02699,1JFP
P02699,1L9H
P02699,1LN6
P02699,1NZS
P02699,1U19
P02699,1VQX
P02699,2G87
P02699,2HPY
P02699,2I35
P02699,2I36
P02699,2I37
P02699,2J4Y
P02699,2PED
P02699,3C9L
P02699,3C9M
P02699,3CAP
P02699,3OAX
P02699,3PXO
P02699,4A4M
P02699,4BEZ
P02699,4X1H
P02699,5DYS
P02699,5EN0
P02699,5TE3
P02699,5TE5
P02699,5WKT
P02699,6FK6
P02699,6FK7
P02699,6FK8
P02699,6FK9
P02699,6FKA
P02699,6FKB
P02699,6FKC
P02699,6FKD
P02699,6FUF
P02699,6NWE
P02699,6OFJ
P02699,6PEL
P02699,6PGS
P02699,6PH7
P02699,7MT8
P02699,7MT9
P02699,7MTA
P02699,7MTB
P02699,7ZBC
P02699,7ZBE
P02699,8A6C
P02699,8A6D
P02699,8A6E
P02699,8FCZ
P02699,8FD0
P02699,8FD1
P02699,8RJB
P02699,8RJC
P02699,8RJD
P02708,4ZJS
P02708,5HBT
P02708,9DMG
P02708,9DMH
P02708,9DMJ
P02708,9DMK
P02708,9DML
P02708,9DMQ
P02708,9DMS
P02708,9DMT
P02708,9DMV
P02708,9GU0
P02708,9GU1
P02708,9GU2
P02708,9GU3
P02719,5XSY
P02722,1OKC
P02722,2C3E
P02724,1AFO
P02724,2KPE
P02724,2KPF
P02724,5EH4
P02724,5EH6
P02730,1BH7
P02730,1BNX
P02730,1BTQ
P02730,1BTR
P02730,1BTS
P02730,1BTT
P02730,1BZK
P02730,1HYN
P02730,2BTA
P02730,2BTB
P02730,3BTB
P02730,4KY9
P02730,4YZF
P02730,7TVZ
P02730,7TW0
P02730,7TW1
P02730,7TW2
P02730,7TW3
P02730,7TW5
P02730,7TW6
P02730,7TY4
P02730,7TY6
P02730,7TY7
P02730,7TY8
P02730,7TYA
P02730,7UZ3
P02730,7UZU
P02730,7UZV
P02730,7V07
P02730,7V0K
P02730,7V0M
P02730,7V0T
P02730,7V0U
P02730,7V0Y
P02730,7V19
P02730,8CRQ
P02730,8CRR
P02730,8CRT
P02730,8CS9
P02730,8CSL
P02730,8CSV
P02730,8CSY
P02730,8CT3
P02730,8CTE
P02730,8T3R
P02730,8T3U
P02730,8T44
P02730,8T45
P02730,8T47
P02730,8T6U
P02730,8T6V
P02748,5FMW
P02748,6DLW
P02748,6H03
P02748,6H04
P02748,7NYC
P02748,7NYD
P02748,8B0G
P02748,8B0H
P02748,8DE6
P02753,1BRP
P02753,1BRQ
P02753,1JYD
P02753,1JYJ
P02753,1QAB
P02753,1RBP
P02753,1RLB
P02753,2WQ9
P02753,2WQA
P02753,2WR6
P02753,3BSZ
P02753,3FMZ
P02753,4O9S
P02753,4PSQ
P02753,5NTY
P02753,5NU2
P02753,5NU6
P02753,5NU7
P02753,5NU8
P02753,5NU9
P02753,5NUA
P02753,5NUB
P02753,6QBA
P02760,1BIK
P02760,3QKG
P02760,4ES7
P02760,4U30
P02760,6EJ7
P02760,6EJ8
P02760,6EJ9
P02760,6EJA
P02760,6EJB
P02760,6EJC
P02760,6EJD
P02767,1GKE
P02767,1IE4
P02767,1KGI
P02767,1KGJ
P02767,1RVS
P02767,2M5K
P02767,2M5M
P02767,3ZPK
P02774,1J78
P02774,1J7E
P02774,1KW2
P02774,1KXP
P02774,1LOT
P02774,1MA9
P02776,1DN3
P02776,1F9Q
P02776,1F9R
P02776,1F9S
P02776,1PFM
P02776,1PFN
P02776,1RHP
P02776,4R9W
P02776,4R9Y
P02776,4RAU
P02778,1LV9
P02778,1O7Y
P02778,1O7Z
P02778,1O80
P02786,1CX8
P02786,1DE4
P02786,1SUV
P02786,2NSU
P02786,3KAS
P02786,3S9L
P02786,3S9M
P02786,3S9N
P02786,6D03
P02786,6D04
P02786,6D05
P02786,6GSR
P02786,6H5I
P02786,6OKD
P02786,6W3H
P02786,6WRV
P02786,6WRW
P02786,6WRX
P02786,6Y76
P02786,7ZQS
P02786,8P0Z
P02786,9GH7
P02829,1A4H
P02829,1AH6
P02829,1AH8
P02829,1AM1
P02829,1AMW
P02829,1BGQ
P02829,1HK7
P02829,1US7
P02829,1USU
P02829,1USV
P02829,1ZW9
P02829,1ZWH
P02829,2AKP
P02829,2BRC
P02829,2BRE
P02829,2CG9
P02829,2CGE
P02829,2CGF
P02829,2FXS
P02829,2IWS
P02829,2IWU
P02829,2IWX
P02829,2LSV
P02829,2VW5
P02829,2VWC
P02829,2WEP
P02829,2WEQ
P02829,2WER
P02829,2XD6
P02829,2XX2
P02829,2XX4
P02829,2XX5
P02829,2YGA
P02829,2YGE
P02829,2YGF
P02829,3C0E
P02829,3C11
P02829,4AS9
P02829,4ASA
P02829,4ASB
P02829,4ASF
P02829,4ASG
P02829,4CE1
P02829,4CE2
P02829,4CE3
P02829,8OXU
P02994,1F60
P02994,1G7C
P02994,1IJE
P02994,1IJF
P02994,2B7B
P02994,2B7C
P02994,5O8W
P02994,9BDP
P03372,1A52
P03372,1ERE
P03372,1ERR
P03372,1G50
P03372,1GWQ
P03372,1GWR
P03372,1HCP
P03372,1HCQ
P03372,1L2I
P03372,1PCG
P03372,1QKT
P03372,1QKU
P03372,1R5K
P03372,1SJ0
P03372,1UOM
P03372,1X7E
P03372,1X7R
P03372,1XP1
P03372,1XP6
P03372,1XP9
P03372,1XPC
P03372,1XQC
P03372,1YIM
P03372,1YIN
P03372,1ZKY
P03372,2AYR
P03372,2B1V
P03372,2B1Z
P03372,2B23
P03372,2BJ4
P03372,2FAI
P03372,2G44
P03372,2G5O
P03372,2I0J
P03372,2IOG
P03372,2IOK
P03372,2JF9
P03372,2JFA
P03372,2LLO
P03372,2LLQ
P03372,2OCF
P03372,2OUZ
P03372,2P15
P03372,2POG
P03372,2Q6J
P03372,2Q70
P03372,2QA6
P03372,2QA8
P03372,2QAB
P03372,2QE4
P03372,2QGT
P03372,2QGW
P03372,2QH6
P03372,2QR9
P03372,2QSE
P03372,2QXM
P03372,2QXS
P03372,2QZO
P03372,2R6W
P03372,2R6Y
P03372,2YAT
P03372,2YJA
P03372,3CBM
P03372,3CBO
P03372,3CBP
P03372,3DT3
P03372,3ERD
P03372,3ERT
P03372,3HLV
P03372,3HM1
P03372,3L03
P03372,3OS8
P03372,3OS9
P03372,3OSA
P03372,3Q95
P03372,3UU7
P03372,3UUA
P03372,3UUC
P03372,3UUD
P03372,4AA6
P03372,4DMA
P03372,4IU7
P03372,4IUI
P03372,4IV2
P03372,4IV4
P03372,4IVW
P03372,4IVY
P03372,4IW6
P03372,4IW8
P03372,4IWC
P03372,4IWF
P03372,4JC3
P03372,4JDD
P03372,4MG5
P03372,4MG6
P03372,4MG7
P03372,4MG8
P03372,4MG9
P03372,4MGA
P03372,4MGB
P03372,4MGC
P03372,4MGD
P03372,4O6F
P03372,4PP6
P03372,4PPP
P03372,4PPS
P03372,4PXM
P03372,4Q13
P03372,4Q50
P03372,4TUZ
P03372,4TV1
P03372,4XI3
P03372,4ZN7
P03372,4ZN9
P03372,4ZNH
P03372,4ZNS
P03372,4ZNT
P03372,4ZNU
P03372,4ZNV
P03372,4ZNW
P03372,5AAU
P03372,5AAV
P03372,5ACC
P03372,5AK2
P03372,5DI7
P03372,5DID
P03372,5DIE
P03372,5DIG
P03372,5DK9
P03372,5DKB
P03372,5DKE
P03372,5DKG
P03372,5DKS
P03372,5DL4
P03372,5DLR
P03372,5DMC
P03372,5DMF
P03372,5DP0
P03372,5DRJ
P03372,5DRM
P03372,5DTV
P03372,5DU5
P03372,5DUE
P03372,5DUG
P03372,5DUH
P03372,5DVS
P03372,5DVV
P03372,5DWE
P03372,5DWG
P03372,5DWI
P03372,5DWJ
P03372,5DX3
P03372,5DXB
P03372,5DXE
P03372,5DXG
P03372,5DXK
P03372,5DXM
P03372,5DXP
P03372,5DXQ
P03372,5DXR
P03372,5DY8
P03372,5DYB
P03372,5DYD
P03372,5DZ0
P03372,5DZ1
P03372,5DZ3
P03372,5DZH
P03372,5DZI
P03372,5E0W
P03372,5E0X
P03372,5E14
P03372,5E15
P03372,5E19
P03372,5E1C
P03372,5EGV
P03372,5EHJ
P03372,5EI1
P03372,5EIT
P03372,5FQP
P03372,5FQR
P03372,5FQS
P03372,5FQT
P03372,5FQV
P03372,5GS4
P03372,5GTR
P03372,5HYR
P03372,5JMM
P03372,5KCC
P03372,5KCD
P03372,5KCE
P03372,5KCF
P03372,5KCT
P03372,5KCU
P03372,5KCW
P03372,5KD9
P03372,5KR9
P03372,5KRA
P03372,5KRC
P03372,5KRF
P03372,5KRH
P03372,5KRI
P03372,5KRJ
P03372,5KRK
P03372,5KRL
P03372,5KRM
P03372,5KRO
P03372,5N10
P03372,5T0X
P03372,5T1Z
P03372,5T92
P03372,5T97
P03372,5TLD
P03372,5TLF
P03372,5TLG
P03372,5TLL
P03372,5TLM
P03372,5TLO
P03372,5TLP
P03372,5TLT
P03372,5TLU
P03372,5TLV
P03372,5TLX
P03372,5TLY
P03372,5TM1
P03372,5TM2
P03372,5TM3
P03372,5TM4
P03372,5TM5
P03372,5TM6
P03372,5TM7
P03372,5TM8
P03372,5TM9
P03372,5TML
P03372,5TMM
P03372,5TMO
P03372,5TMQ
P03372,5TMR
P03372,5TMS
P03372,5TMT
P03372,5TMU
P03372,5TMV
P03372,5TMW
P03372,5TMZ
P03372,5TN1
P03372,5TN3
P03372,5TN4
P03372,5TN5
P03372,5TN6
P03372,5TN7
P03372,5TN8
P03372,5TN9
P03372,5TNB
P03372,5U2B
P03372,5U2D
P03372,5UFW
P03372,5UFX
P03372,5W9C
P03372,5W9D
P03372,5WGD
P03372,5WGQ
P03372,6B0F
P03372,6C42
P03372,6CBZ
P03372,6CHW
P03372,6CHZ
P03372,6CZN
P03372,6D0F
P03372,6DF6
P03372,6DFN
P03372,6HHP
P03372,6HKB
P03372,6HKF
P03372,6HMU
P03372,6IAR
P03372,6OWC
P03372,6PET
P03372,6PFM
P03372,6PIT
P03372,6PSJ
P03372,6SBO
P03372,6SQ0
P03372,6SUO
P03372,6TJM
P03372,6TL3
P03372,6V87
P03372,6V8T
P03372,6VGH
P03372,6VJD
P03372,6VPF
P03372,6WOK
P03372,6ZOQ
P03372,6ZOR
P03372,6ZOS
P03372,7B9M
P03372,7B9R
P03372,7B9T
P03372,7BA3
P03372,7BA5
P03372,7BA6
P03372,7BA7
P03372,7BA8
P03372,7BA9
P03372,7BAA
P03372,7BAB
P03372,7JHD
P03372,7KBS
P03372,7MSA
P03372,7N9O
P03372,7NDO
P03372,7NEL
P03372,7NFB
P03372,7NFW
P03372,7NIZ
P03372,7OPW
P03372,7OQ7
P03372,7OQ8
P03372,7PWT
P03372,7PWZ
P03372,7QVJ
P03372,7QVL
P03372,7R62
P03372,7RKE
P03372,7RNM
P03372,7RRX
P03372,7RRY
P03372,7RRZ
P03372,7RS0
P03372,7RS1
P03372,7RS2
P03372,7RS3
P03372,7RS4
P03372,7RS7
P03372,7RS8
P03372,7RS9
P03372,7SFO
P03372,7T2X
P03372,7TE7
P03372,7UJ7
P03372,7UJ8
P03372,7UJC
P03372,7UJF
P03372,7UJM
P03372,7UJO
P03372,7UJW
P03372,7UJY
P03372,7WNV
P03372,7Y8F
P03372,7Y8G
P03372,7YMK
P03372,8AFN
P03372,8AI0
P03372,8ALR
P03372,8ALT
P03372,8ALV
P03372,8ALW
P03372,8AM7
P03372,8ANF
P03372,8AOY
P03372,8APS
P03372,8AQ1
P03372,8AQC
P03372,8AQE
P03372,8AQZ
P03372,8AR4
P03372,8AR5
P03372,8ARG
P03372,8ARO
P03372,8ARQ
P03372,8ARR
P03372,8ARW
P03372,8ARX
P03372,8ARY
P03372,8ARZ
P03372,8AS1
P03372,8AT9
P03372,8ATP
P03372,8AU2
P03372,8AUS
P03372,8AUY
P03372,8AV3
P03372,8AV4
P03372,8AV7
P03372,8AV8
P03372,8AWG
P03372,8AXE
P03372,8AXU
P03372,8AZE
P03372,8B39
P03372,8BWJ
P03372,8BWX
P03372,8BWZ
P03372,8BX0
P03372,8BX3
P03372,8BX4
P03372,8BXI
P03372,8BXM
P03372,8BXN
P03372,8BXO
P03372,8BXQ
P03372,8BXS
P03372,8BY9
P03372,8BYB
P03372,8BYC
P03372,8BYD
P03372,8BYE
P03372,8BYF
P03372,8BYG
P03372,8BYO
P03372,8BYY
P03372,8BYZ
P03372,8BZ0
P03372,8BZ9
P03372,8BZA
P03372,8BZB
P03372,8BZC
P03372,8BZD
P03372,8BZE
P03372,8BZF
P03372,8BZG
P03372,8BZH
P03372,8BZT
P03372,8BZW
P03372,8C04
P03372,8C0K
P03372,8C0L
P03372,8C42
P03372,8C4F
P03372,8C4G
P03372,8DU6
P03372,8DU8
P03372,8DU9
P03372,8DUB
P03372,8DUC
P03372,8DUD
P03372,8DUG
P03372,8DUH
P03372,8DUI
P03372,8DUK
P03372,8DUS
P03372,8DV5
P03372,8DV7
P03372,8DV8
P03372,8DVB
P03372,8EV1
P03372,8EV2
P03372,8VV1
P03372,8VYT
P03372,8VYX
P03372,8VZ0
P03372,8VZ1
P03372,8VZP
P03372,8VZQ
P03372,8W03
P03372,8W07
P03372,9BPX
P03372,9BQE
P03372,9BU1
P03950,1A4Y
P03950,1ANG
P03950,1AWZ
P03950,1B1E
P03950,1B1I
P03950,1B1J
P03950,1GV7
P03950,1H0D
P03950,1H52
P03950,1H53
P03950,1HBY
P03950,1K58
P03950,1K59
P03950,1K5A
P03950,1K5B
P03950,1UN3
P03950,1UN4
P03950,1UN5
P03950,2ANG
P03950,4AHD
P03950,4AHE
P03950,4AHF
P03950,4AHG
P03950,4AHH
P03950,4AHI
P03950,4AHJ
P03950,4AHK
P03950,4AHL
P03950,4AHM
P03950,4AHN
P03950,4AOH
P03950,4B36
P03950,5EOP
P03950,5EPZ
P03950,5EQO
P03950,5M9A
P03950,5M9C
P03950,5M9G
P03950,5M9J
P03950,5M9M
P03950,5M9P
P03950,5M9Q
P03950,5M9R
P03950,5M9S
P03950,5M9T
P03950,5M9V
P03950,7NPM
P03950,7PNJ
P03950,7PNP
P03950,7PNR
P03950,8AF0
P03950,9BDL
P03950,9BDN
P03958,1A4L
P03958,1A4M
P03958,1ADD
P03958,1FKW
P03958,1FKX
P03958,1UIO
P03958,1UIP
P03958,2ADA
P03958,3KM8
P03958,3MVI
P03958,3MVT
P03958,3T1G
P03971,7L0J
P03971,9BAN
P03971,9BAO
P03973,2Z7F
P03973,4DOQ
P03999,8Y02
P04002,1J5B
P04002,1WFA
P04002,1WFB
P04004,1OC0
P04004,1S4G
P04004,1SSU
P04004,2JQ8
P04004,6O5E
P04004,7RJ9
P04035,1DQ8
P04035,1DQ9
P04035,1DQA
P04035,1HW8
P04035,1HW9
P04035,1HWI
P04035,1HWJ
P04035,1HWK
P04035,1HWL
P04035,2Q1L
P04035,2Q6B
P04035,2Q6C
P04035,2R4F
P04035,3BGL
P04035,3CCT
P04035,3CCW
P04035,3CCZ
P04035,3CD0
P04035,3CD5
P04035,3CD7
P04035,3CDA
P04035,3CDB
P04035,8PKN
P04035,8S6B
P04037,1HR8
P04037,2ODX
P04037,7CLV
P04054,3ELO
P04054,6Q42
P04056,3V9M
P04062,1OGS
P04062,1Y7V
P04062,2F61
P04062,2J25
P04062,2NSX
P04062,2NT0
P04062,2NT1
P04062,2V3D
P04062,2V3E
P04062,2V3F
P04062,2VT0
P04062,2WCG
P04062,2WKL
P04062,2XWD
P04062,2XWE
P04062,3GXD
P04062,3GXF
P04062,3GXI
P04062,3GXM
P04062,3KE0
P04062,3KEH
P04062,3RIK
P04062,3RIL
P04062,5LVX
P04062,6MOZ
P04062,6Q1N
P04062,6Q1P
P04062,6Q6K
P04062,6Q6L
P04062,6Q6N
P04062,6T13
P04062,6TJJ
P04062,6TJK
P04062,6TJQ
P04062,6TN1
P04062,6YTP
P04062,6YTR
P04062,6YUT
P04062,6YV3
P04062,6Z39
P04062,6Z3I
P04062,7NWV
P04062,8AWK
P04062,8AWR
P04062,8AX3
P04062,8P3E
P04062,8P41
P04062,9ENA
P04062,9F9Z
P04062,9FA3
P04062,9FA6
P04062,9FAD
P04062,9FAL
P04062,9FAY
P04062,9FAZ
P04062,9FB2
P04062,9FDI
P04062,9FJF
P04070,1AUT
P04070,1LQV
P04070,3F6U
P04070,3JTC
P04070,4DT7
P04070,6M3B
P04070,6M3C
P04070,9MOT
P04070,9MOV
P04080,1STF
P04080,2OCT
P04080,4N6V
P04083,1AIN
P04083,1BO9
P04083,1QLS
P04083,5VFW
P04115,1LWU
P04115,1N73
P04117,1A18
P04117,1A2D
P04117,1AB0
P04117,1ACD
P04117,1ADL
P04117,1ALB
P04117,1G74
P04117,1G7N
P04117,1LIB
P04117,1LIC
P04117,1LID
P04117,1LIE
P04117,1LIF
P04117,2ANS
P04117,2Q9S
P04117,2QM9
P04117,3HK1
P04117,3JS1
P04117,3JSQ
P04117,5C0N
P04117,5D8J
P04117,7FWT
P04117,7FZG
P04141,1CSG
P04141,2GMF
P04141,4NKQ
P04141,4RS1
P04141,5C7X
P04141,5D70
P04141,5D71
P04141,5D72
P04141,6BFQ
P04141,6BFS
P04150,1M2Z
P04150,1NHZ
P04150,1P93
P04150,3BQD
P04150,3CLD
P04150,3E7C
P04150,3H52
P04150,3K22
P04150,3K23
P04150,4CSJ
P04150,4HN5
P04150,4HN6
P04150,4LSJ
P04150,4MDD
P04150,4P6W
P04150,4P6X
P04150,4UDC
P04150,4UDD
P04150,5CBX
P04150,5CBY
P04150,5CBZ
P04150,5CC1
P04150,5E69
P04150,5E6A
P04150,5E6B
P04150,5E6C
P04150,5E6D
P04150,5EMC
P04150,5EMP
P04150,5EMQ
P04150,5G3J
P04150,5G5W
P04150,5NFP
P04150,5NFT
P04150,5UC1
P04150,5UC3
P04150,5VA0
P04150,5VA7
P04150,6BQU
P04150,6CFN
P04150,6DXK
P04150,6EL6
P04150,6EL7
P04150,6EL9
P04150,6X6D
P04150,6X6E
P04150,6YMO
P04150,6YO8
P04150,6YOS
P04150,7KRJ
P04150,7KW7
P04150,7PRV
P04150,7PRW
P04150,7PRX
P04150,8A9G
P04150,8FFV
P04150,8FFW
P04150,8VKZ
P04155,1HI7
P04155,1PS2
P04155,6V1D
P04156,1E1G
P04156,1E1J
P04156,1E1P
P04156,1E1S
P04156,1E1U
P04156,1E1W
P04156,1FKC
P04156,1FO7
P04156,1H0L
P04156,1HJM
P04156,1HJN
P04156,1I4M
P04156,1OEH
P04156,1OEI
P04156,1QLX
P04156,1QLZ
P04156,1QM0
P04156,1QM1
P04156,1QM2
P04156,1QM3
P04156,2IV4
P04156,2IV5
P04156,2IV6
P04156,2K1D
P04156,2KUN
P04156,2LBG
P04156,2LEJ
P04156,2LFT
P04156,2LSB
P04156,2LV1
P04156,2M8T
P04156,2OL9
P04156,2W9E
P04156,3HAF
P04156,3HAK
P04156,3HEQ
P04156,3HER
P04156,3HES
P04156,3HJ5
P04156,3HJX
P04156,3MD4
P04156,3MD5
P04156,3NHC
P04156,3NHD
P04156,3NVF
P04156,4DGI
P04156,4E1H
P04156,4E1I
P04156,4KML
P04156,4N9O
P04156,5L6R
P04156,5YJ4
P04156,5YJ5
P04156,6DU9
P04156,6LNI
P04156,6PQ5
P04156,6PQA
P04156,6SUZ
P04156,6SV2
P04156,6UUR
P04156,7DWV
P04156,7FHQ
P04156,7RL4
P04156,7RVC
P04156,7RVE
P04156,7RVJ
P04156,7RVK
P04156,7RVL
P04156,7UMQ
P04156,7UN5
P04177,1TOH
P04177,2MDA
P04177,2TOH
P04180,4X96
P04180,4XWG
P04180,4XX1
P04180,5BV7
P04180,5TXF
P04180,6MVD
P04180,9MXZ
P04181,1GBN
P04181,1OAT
P04181,2BYJ
P04181,2BYL
P04181,2CAN
P04181,2OAT
P04181,5VWO
P04181,6HX7
P04181,6OIA
P04181,6V8C
P04181,6V8D
P04181,7JX9
P04181,7LK0
P04181,7LK1
P04181,7LNM
P04181,7LOM
P04181,7LON
P04181,7T9Z
P04181,7TA0
P04181,7TA1
P04181,7TED
P04181,7TEV
P04181,7TFP
P04181,8EZ1
P04181,8V9M
P04191,1IWO
P04191,1KJU
P04191,1SU4
P04191,1T5S
P04191,1T5T
P04191,1VFP
P04191,1WPG
P04191,1XP5
P04191,2AGV
P04191,2BY4
P04191,2C88
P04191,2C8K
P04191,2C8L
P04191,2C9M
P04191,2DQS
P04191,2EAR
P04191,2EAT
P04191,2EAU
P04191,2O9J
P04191,2OA0
P04191,2VOY
P04191,2YFY
P04191,2ZBD
P04191,2ZBE
P04191,2ZBF
P04191,2ZBG
P04191,3AR2
P04191,3AR3
P04191,3AR4
P04191,3AR5
P04191,3AR6
P04191,3AR7
P04191,3AR8
P04191,3AR9
P04191,3B9B
P04191,3B9R
P04191,3BA6
P04191,3FGO
P04191,3FPB
P04191,3FPS
P04191,3J7T
P04191,3N5K
P04191,3N8G
P04191,3W5A
P04191,3W5B
P04191,3W5C
P04191,3W5D
P04191,4BEW
P04191,4H1W
P04191,4J2T
P04191,4KYT
P04191,4NAB
P04191,4UU0
P04191,4UU1
P04191,4XOU
P04191,4Y3U
P04191,4YCL
P04191,4YCM
P04191,4YCN
P04191,5A3Q
P04191,5A3R
P04191,5A3S
P04191,5NCQ
P04191,5XA7
P04191,5XA8
P04191,5XA9
P04191,5XAA
P04191,5XAB
P04191,5ZMV
P04191,5ZMW
P04191,6HEF
P04191,6RB2
P04191,6YAA
P04191,6YSO
P04191,8OWA
P04191,8OWL
P04254,1HC1
P04254,1HCY
P04264,4ZRY
P04264,6E2J
P04264,6UUI
P04271,1MQ1
P04271,1UWO
P04271,2H61
P04271,2M49
P04271,2PRU
P04271,3CZT
P04271,3D0Y
P04271,3D10
P04271,3HCM
P04271,5CSF
P04271,5CSI
P04271,5CSJ
P04271,5CSN
P04352,7JTS
P04361,1PPA
P04394,5LC5
P04394,5LDW
P04394,5LDX
P04394,5O31
P04394,7DGZ
P04394,7DH0
P04394,7QSD
P04394,7QSK
P04394,7QSL
P04394,7QSM
P04394,7QSN
P04394,7QSO
P04394,7R41
P04394,7R42
P04394,7R43
P04394,7R44
P04394,7R45
P04394,7R46
P04394,7R47
P04394,7R48
P04394,7R4C
P04394,7R4D
P04394,7R4F
P04394,7R4G
P04394,8Q0A
P04394,8Q0F
P04394,8Q0J
P04394,8Q0M
P04394,8Q0O
P04394,8Q0Q
P04394,8Q1P
P04394,8Q1U
P04394,8Q1Y
P04394,8Q25
P04394,8Q45
P04394,8Q46
P04394,8Q47
P04394,8Q48
P04394,8Q49
P04394,8Q4A
P04406,1U8F
P04406,1ZNQ
P04406,3GPD
P04406,4WNC
P04406,4WNI
P04406,6ADE
P04406,6IQ6
P04406,6M61
P04406,6YND
P04406,6YNE
P04406,6YNF
P04406,6YNH
P04406,8DNS
P04406,8G12
P04406,8G13
P04406,8G14
P04406,8G15
P04406,8G16
P04406,8G17
P04406,8P5F
P04406,9L3E
P04439,1AO7
P04439,1B0G
P04439,1B0R
P04439,1BD2
P04439,1DUY
P04439,1DUZ
P04439,1EEY
P04439,1EEZ
P04439,1HHG
P04439,1HHH
P04439,1HHI
P04439,1HHJ
P04439,1HHK
P04439,1HLA
P04439,1HSB
P04439,1I1F
P04439,1I1Y
P04439,1I4F
P04439,1I7R
P04439,1I7T
P04439,1I7U
P04439,1IM3
P04439,1JF1
P04439,1JHT
P04439,1LP9
P04439,1OGA
P04439,1P7Q
P04439,1Q94
P04439,1QEW
P04439,1QR1
P04439,1QRN
P04439,1QSE
P04439,1QSF
P04439,1QVO
P04439,1S8D
P04439,1S9W
P04439,1S9X
P04439,1S9Y
P04439,1T1W
P04439,1T1X
P04439,1T1Y
P04439,1T1Z
P04439,1T20
P04439,1T21
P04439,1T22
P04439,1TMC
P04439,1TVB
P04439,1TVH
P04439,1W72
P04439,1X7Q
P04439,2AV1
P04439,2AV7
P04439,2BCK
P04439,2BNQ
P04439,2BNR
P04439,2C7U
P04439,2CLR
P04439,2F53
P04439,2F54
P04439,2GIT
P04439,2GJ6
P04439,2GT9
P04439,2GTW
P04439,2GTZ
P04439,2GUO
P04439,2HLA
P04439,2HN7
P04439,2J8U
P04439,2JCC
P04439,2P5E
P04439,2P5W
P04439,2PYE
P04439,2UWE
P04439,2V2W
P04439,2V2X
P04439,2VLJ
P04439,2VLK
P04439,2VLL
P04439,2VLR
P04439,2X4N
P04439,2X4O
P04439,2X4P
P04439,2X4Q
P04439,2X4R
P04439,2X4S
P04439,2X4T
P04439,2X4U
P04439,2X70
P04439,3BGM
P04439,3BH8
P04439,3BH9
P04439,3BHB
P04439,3BO8
P04439,3D25
P04439,3D39
P04439,3D3V
P04439,3FQN
P04439,3FQR
P04439,3FQT
P04439,3FQU
P04439,3FQW
P04439,3FQX
P04439,3FT2
P04439,3FT3
P04439,3FT4
P04439,3GIV
P04439,3GJF
P04439,3GSN
P04439,3GSO
P04439,3GSQ
P04439,3GSR
P04439,3GSU
P04439,3GSV
P04439,3GSW
P04439,3GSX
P04439,3H7B
P04439,3H9H
P04439,3H9S
P04439,3HAE
P04439,3HLA
P04439,3HPJ
P04439,3I6G
P04439,3I6K
P04439,3I6L
P04439,3IXA
P04439,3KLA
P04439,3MGO
P04439,3MGT
P04439,3MR9
P04439,3MRB
P04439,3MRC
P04439,3MRD
P04439,3MRE
P04439,3MRF
P04439,3MRG
P04439,3MRH
P04439,3MRI
P04439,3MRJ
P04439,3MRK
P04439,3MRL
P04439,3MRM
P04439,3MRN
P04439,3MRO
P04439,3MRP
P04439,3MRQ
P04439,3MRR
P04439,3MYJ
P04439,3NFN
P04439,3O3A
P04439,3O3B
P04439,3O3D
P04439,3O3E
P04439,3O4L
P04439,3PWJ
P04439,3PWL
P04439,3PWN
P04439,3PWP
P04439,3QDG
P04439,3QDJ
P04439,3QDM
P04439,3QEQ
P04439,3QFD
P04439,3QFJ
P04439,3REW
P04439,3RL1
P04439,3RL2
P04439,3TO2
P04439,3UTQ
P04439,3UTS
P04439,3UTT
P04439,3V5D
P04439,3V5H
P04439,3V5K
P04439,3VXM
P04439,3VXN
P04439,3VXO
P04439,3VXP
P04439,3VXR
P04439,3VXS
P04439,3VXU
P04439,3W0W
P04439,3WL9
P04439,3WLB
P04439,4E5X
P04439,4EMZ
P04439,4EN2
P04439,4EUP
P04439,4F7M
P04439,4F7P
P04439,4F7T
P04439,4FTV
P04439,4GKN
P04439,4GKS
P04439,4HWZ
P04439,4HX1
P04439,4I48
P04439,4I4W
P04439,4JFD
P04439,4JFE
P04439,4JFF
P04439,4JFO
P04439,4JFP
P04439,4JFQ
P04439,4K7F
P04439,4L29
P04439,4L3C
P04439,4L3E
P04439,4MJ5
P04439,4MJ6
P04439,4MNQ
P04439,4N8V
P04439,4NNX
P04439,4NNY
P04439,4NO0
P04439,4NO2
P04439,4NO3
P04439,4NO5
P04439,4NQV
P04439,4NQX
P04439,4QOK
P04439,4U6X
P04439,4U6Y
P04439,4UQ2
P04439,4UQ3
P04439,4WJ5
P04439,4WU5
P04439,4WU7
P04439,4WUU
P04439,5BRZ
P04439,5BS0
P04439,5C07
P04439,5C08
P04439,5C09
P04439,5C0A
P04439,5C0B
P04439,5C0C
P04439,5C0D
P04439,5C0E
P04439,5C0F
P04439,5C0G
P04439,5C0I
P04439,5C0J
P04439,5D2L
P04439,5D2N
P04439,5D9S
P04439,5DDH
P04439,5E00
P04439,5E6I
P04439,5E9D
P04439,5ENW
P04439,5EOT
P04439,5EU3
P04439,5EU4
P04439,5EU5
P04439,5EU6
P04439,5EUO
P04439,5F7D
P04439,5F9J
P04439,5FA3
P04439,5FA4
P04439,5FDW
P04439,5GRD
P04439,5GRG
P04439,5GSD
P04439,5HGA
P04439,5HGB
P04439,5HGD
P04439,5HGH
P04439,5HHM
P04439,5HHN
P04439,5HHO
P04439,5HHP
P04439,5HHQ
P04439,5HYJ
P04439,5IRO
P04439,5ISZ
P04439,5JHD
P04439,5JZI
P04439,5MEN
P04439,5MEO
P04439,5MEP
P04439,5MEQ
P04439,5MER
P04439,5N1Y
P04439,5N6B
P04439,5NHT
P04439,5NME
P04439,5NMF
P04439,5NMG
P04439,5NMH
P04439,5NMK
P04439,5NQK
P04439,5SWQ
P04439,5TEZ
P04439,5W1W
P04439,5WJL
P04439,5WJN
P04439,5WKF
P04439,5WKH
P04439,5WSH
P04439,5WWI
P04439,5WWJ
P04439,5WWU
P04439,5WXC
P04439,5WXD
P04439,5XOV
P04439,5YXN
P04439,5YXU
P04439,6AM5
P04439,6AMT
P04439,6AMU
P04439,6APN
P04439,6AT9
P04439,6D78
P04439,6D7G
P04439,6DKP
P04439,6EI2
P04439,6ENY
P04439,6EQA
P04439,6EQB
P04439,6EWA
P04439,6EWC
P04439,6EWO
P04439,6G3J
P04439,6G3K
P04439,6ID4
P04439,6J1W
P04439,6J29
P04439,6J2A
P04439,6JOZ
P04439,6JP3
P04439,6MPP
P04439,6NCA
P04439,6O9B
P04439,6O9C
P04439,6OPD
P04439,6PBH
P04439,6PTB
P04439,6PTE
P04439,6Q3K
P04439,6Q3S
P04439,6R2L
P04439,6RP9
P04439,6RPA
P04439,6RPB
P04439,6RSY
P04439,6SS7
P04439,6SS8
P04439,6SS9
P04439,6SSA
P04439,7L1B
P04439,7L1C
P04439,7L1D
P04439,7MLE
P04439,7PHR
P04439,7QPD
P04439,7RK7
P04439,7RM4
P04439,7RRG
P04439,7STF
P04439,7UC5
P04439,7UX3
P04439,8D4C
P04439,8D4D
P04439,8D4E
P04439,8D4F
P04439,8D4G
P04439,8D9R
P04439,8D9S
P04439,8D9T
P04439,8D9U
P04439,8D9V
P04439,8D9W
P04439,8DVG
P04439,8K4T
P04439,8K4V
P04439,8K50
P04439,8RNI
P04439,8RRO
P04439,8RYM
P04439,8RYO
P04439,8RYP
P04439,8UDR
P04439,8VCL
P04439,8VJZ
P04439,8VR9
P04439,8VRA
P04439,9ASF
P04439,9ASG
P04456,6CB1
P04456,6EM5
P04456,7NAC
P04456,7NAD
P04456,7OHR
P04456,7R6Q
P04456,7R72
P04456,7R7A
P04456,8V87
P04626,1MFG
P04626,1MFL
P04626,1N8Z
P04626,1S78
P04626,2A91
P04626,2JWA
P04626,2N2A
P04626,3BE1
P04626,3H3B
P04626,3MZW
P04626,3N85
P04626,3PP0
P04626,3RCD
P04626,3WLW
P04626,3WSQ
P04626,4GFU
P04626,4HRL
P04626,4HRM
P04626,4HRN
P04626,4NND
P04626,5K33
P04626,5KWG
P04626,5MY6
P04626,5O4G
P04626,5OB4
P04626,5TQS
P04626,6ATT
P04626,6BGT
P04626,6J71
P04626,6LBX
P04626,6OGE
P04626,7JXH
P04626,7MN5
P04626,7MN6
P04626,7MN8
P04626,7PCD
P04626,7QVK
P04626,8FFJ
P04626,8JYQ
P04626,8JYR
P04626,8PWH
P04626,8Q6J
P04626,8U4K
P04626,8U4L
P04626,8U8X
P04626,8VB5
P04626,8VQD
P04626,8VQE
P04626,9IUT
P04626,9L1S
P04629,1HE7
P04629,1SHC
P04629,1WWA
P04629,1WWW
P04629,2IFG
P04629,2N90
P04629,4AOJ
P04629,4CRP
P04629,4F0I
P04629,4GT5
P04629,4PMM
P04629,4PMP
P04629,4PMS
P04629,4PMT
P04629,4YNE
P04629,4YPS
P04629,5H3Q
P04629,5I8A
P04629,5JFS
P04629,5JFV
P04629,5JFW
P04629,5JFX
P04629,5KMI
P04629,5KMJ
P04629,5KMK
P04629,5KML
P04629,5KMM
P04629,5KMN
P04629,5KMO
P04629,5KVT
P04629,5WR7
P04629,6D1Y
P04629,6D1Z
P04629,6D20
P04629,6D22
P04629,6DKB
P04629,6DKG
P04629,6DKI
P04629,6DKW
P04629,6IQN
P04629,6J5L
P04629,6NPT
P04629,6NSP
P04629,6NSS
P04629,6PL1
P04629,6PL2
P04629,6PL3
P04629,6PL4
P04629,6PMA
P04629,6PMB
P04629,6PMC
P04629,6PME
P04629,7N3T
P04629,7VKM
P04629,7VKN
P04629,7VKO
P04629,7XAF
P04629,7XBI
P04629,8J5W
P04629,8J5X
P04629,8J61
P04629,8J63
P04629,8YTD
P04629,8YTE
P04629,9DAI
P04637,1A1U
P04637,1AIE
P04637,1C26
P04637,1DT7
P04637,1GZH
P04637,1H26
P04637,1HS5
P04637,1JSP
P04637,1KZY
P04637,1MA3
P04637,1OLG
P04637,1OLH
P04637,1PES
P04637,1PET
P04637,1SAE
P04637,1SAF
P04637,1SAK
P04637,1SAL
P04637,1TSR
P04637,1TUP
P04637,1UOL
P04637,1XQH
P04637,1YC5
P04637,1YCQ
P04637,1YCR
P04637,1YCS
P04637,2AC0
P04637,2ADY
P04637,2AHI
P04637,2ATA
P04637,2B3G
P04637,2BIM
P04637,2BIN
P04637,2BIO
P04637,2BIP
P04637,2BIQ
P04637,2F1X
P04637,2FEJ
P04637,2FOJ
P04637,2FOO
P04637,2GS0
P04637,2H1L
P04637,2H2D
P04637,2H2F
P04637,2H4F
P04637,2H4H
P04637,2H4J
P04637,2H59
P04637,2J0Z
P04637,2J10
P04637,2J11
P04637,2J1W
P04637,2J1X
P04637,2J1Y
P04637,2J1Z
P04637,2J20
P04637,2J21
P04637,2K8F
P04637,2L14
P04637,2MEJ
P04637,2MWO
P04637,2MWP
P04637,2MWY
P04637,2MZD
P04637,2OCJ
P04637,2PCX
P04637,2RUK
P04637,2VUK
P04637,2WGX
P04637,2X0U
P04637,2X0V
P04637,2X0W
P04637,2XWR
P04637,2YBG
P04637,2YDR
P04637,2Z5S
P04637,2Z5T
P04637,3D05
P04637,3D06
P04637,3D07
P04637,3D08
P04637,3D09
P04637,3D0A
P04637,3DAB
P04637,3DAC
P04637,3IGK
P04637,3IGL
P04637,3KMD
P04637,3KZ8
P04637,3LW1
P04637,3OQ5
P04637,3PDH
P04637,3Q01
P04637,3Q05
P04637,3Q06
P04637,3SAK
P04637,3TG5
P04637,3TS8
P04637,3ZME
P04637,4AGL
P04637,4AGM
P04637,4AGN
P04637,4AGO
P04637,4AGP
P04637,4AGQ
P04637,4BUZ
P04637,4BV2
P04637,4HFZ
P04637,4HJE
P04637,4IBQ
P04637,4IBS
P04637,4IBT
P04637,4IBU
P04637,4IBV
P04637,4IBW
P04637,4IBY
P04637,4IBZ
P04637,4IJT
P04637,4KVP
P04637,4LO9
P04637,4LOE
P04637,4LOF
P04637,4MZI
P04637,4MZR
P04637,4QO1
P04637,4RP6
P04637,4RP7
P04637,4X34
P04637,4XR8
P04637,4ZZJ
P04637,5A7B
P04637,5AB9
P04637,5ABA
P04637,5AOI
P04637,5AOJ
P04637,5AOK
P04637,5AOL
P04637,5AOM
P04637,5BUA
P04637,5ECG
P04637,5G4M
P04637,5G4N
P04637,5G4O
P04637,5HOU
P04637,5HP0
P04637,5HPD
P04637,5LAP
P04637,5LGY
P04637,5MCT
P04637,5MCU
P04637,5MCV
P04637,5MCW
P04637,5MF7
P04637,5MG7
P04637,5MHC
P04637,5MOC
P04637,5O1A
P04637,5O1B
P04637,5O1C
P04637,5O1D
P04637,5O1E
P04637,5O1F
P04637,5O1G
P04637,5O1H
P04637,5O1I
P04637,5OL0
P04637,5XZC
P04637,6FF9
P04637,6FJ5
P04637,6GGA
P04637,6GGB
P04637,6GGC
P04637,6GGD
P04637,6GGE
P04637,6GGF
P04637,6LHD
P04637,6R5L
P04637,6RJZ
P04637,6RK8
P04637,6RKI
P04637,6RKK
P04637,6RKM
P04637,6RL3
P04637,6RL4
P04637,6RL6
P04637,6RM5
P04637,6RM7
P04637,6RWH
P04637,6RWI
P04637,6RWS
P04637,6RWU
P04637,6RX2
P04637,6RZ3
P04637,6S39
P04637,6S3C
P04637,6S40
P04637,6S9Q
P04637,6SHZ
P04637,6SI0
P04637,6SI1
P04637,6SI2
P04637,6SI3
P04637,6SI4
P04637,6SIN
P04637,6SIO
P04637,6SIP
P04637,6SIQ
P04637,6SL6
P04637,6SLV
P04637,6T58
P04637,6V4F
P04637,6V4H
P04637,6VQO
P04637,6VR1
P04637,6VR5
P04637,6VRM
P04637,6VRN
P04637,6W51
P04637,6XRE
P04637,6ZNC
P04637,7B46
P04637,7B47
P04637,7B48
P04637,7B49
P04637,7B4A
P04637,7B4B
P04637,7B4C
P04637,7B4D
P04637,7B4E
P04637,7B4F
P04637,7B4G
P04637,7B4H
P04637,7B4N
P04637,7BWN
P04637,7DHY
P04637,7DHZ
P04637,7DVD
P04637,7EAX
P04637,7EDS
P04637,7EEU
P04637,7EL4
P04637,7NMI
P04637,7V97
P04637,7XZX
P04637,7XZZ
P04637,7YGI
P04637,8A31
P04637,8A32
P04637,8A92
P04637,8CG7
P04637,8DC4
P04637,8DC6
P04637,8DC7
P04637,8DC8
P04637,8E7A
P04637,8E7B
P04637,8GCR
P04637,8J8N
P04637,8OXM
P04637,8OXO
P04637,8QWK
P04637,8QWL
P04637,8QWM
P04637,8QWN
P04637,8QWO
P04637,8QWP
P04637,8R1F
P04637,8R1G
P04637,8RBA
P04637,8RBB
P04637,8RBC
P04637,8RCI
P04637,8UQR
P04637,8WD2
P04637,8XP5
P04637,9BR3
P04637,9BR4
P04637,9C5S
P04637,9CHT
P04637,9FZB
P04650,5IT7
P04692,1IHQ
P04692,1KQL
P04692,1MV4
P04692,1TMZ
P04692,2B9C
P04692,2G9J
P04692,3AZD
P04695,1AQG
P04695,1FQJ
P04695,1FQK
P04695,1GOT
P04695,1LVZ
P04695,1TAD
P04695,1TAG
P04695,1TND
P04695,2X72
P04695,3DQB
P04695,3PQR
P04695,3V00
P04695,4BEY
P04695,4J4Q
P04695,6OY9
P04695,6OYA
P04695,7JSN
P04695,8XGR
P04775,1BYY
P04775,2KXW
P04775,2M5E
P04792,2N3J
P04792,3Q9P
P04792,3Q9Q
P04792,4MJH
P04792,6DV5
P04792,6GJH
P04818,1HVY
P04818,1HW3
P04818,1HW4
P04818,1HZW
P04818,1I00
P04818,1JU6
P04818,1JUJ
P04818,1YPV
P04818,2ONB
P04818,2RD8
P04818,2RDA
P04818,3EAW
P04818,3EBU
P04818,3ED7
P04818,3EDW
P04818,3EF9
P04818,3EGY
P04818,3EHI
P04818,3EJL
P04818,3GG5
P04818,3GH0
P04818,3GH2
P04818,3H9K
P04818,3HB8
P04818,3N5E
P04818,3N5G
P04818,3OB7
P04818,4E28
P04818,4FGT
P04818,4G2O
P04818,4G6W
P04818,4GD7
P04818,4GYH
P04818,4H1I
P04818,4JEF
P04818,4KPW
P04818,4O1U
P04818,4O1X
P04818,4UP1
P04818,5HS3
P04818,5WRN
P04818,5X4W
P04818,5X4X
P04818,5X4Y
P04818,5X5A
P04818,5X5D
P04818,5X5Q
P04818,5X66
P04818,5X67
P04818,5X69
P04818,6OJU
P04818,6OJV
P04818,6PF3
P04818,6PF4
P04818,6PF5
P04818,6PF6
P04818,6QXG
P04818,6QXH
P04818,6QYQ
P04818,6R2E
P04818,6ZXO
P04824,3LRK
P04824,3LRL
P04824,3LRM
P04842,5I68
P04899,7F8V
P04899,7YJ4
P04899,7YK6
P04899,7YK7
P04899,8K6M
P04899,8K6N
P04899,8K6O
P04899,8KGG
P04899,8ZSJ
P04899,8ZSP
P04899,8ZSS
P04899,8ZSV
P04925,1AG2
P04925,1XYX
P04925,1Y15
P04925,1Y16
P04925,2K5O
P04925,2KFM
P04925,2KFO
P04925,2KU5
P04925,2KU6
P04925,2L1D
P04925,2L1E
P04925,2L1H
P04925,2L1K
P04925,2L39
P04925,2L40
P04925,3NVG
P04925,3NVH
P04925,4H88
P04925,4J8R
P04925,4MA7
P04925,4MA8
P04925,6AQ7
P04925,6HER
P04925,6HHD
P04925,7QIG
P04925,7RVD
P04925,7TD6
P04925,8A00
P04925,8DJA
P04925,8EFU
P05023,7E1Z
P05023,7E20
P05023,7E21
P05044,1GJY
P05059,1N2Y
P05062,1QO5
P05062,1XDL
P05062,1XDM
P05062,8D44
P05067,1AAP
P05067,1AMB
P05067,1AMC
P05067,1AML
P05067,1BA4
P05067,1BA6
P05067,1BJB
P05067,1BJC
P05067,1BRC
P05067,1CA0
P05067,1HZ3
P05067,1IYT
P05067,1MWP
P05067,1OWT
P05067,1QCM
P05067,1QWP
P05067,1QXC
P05067,1QYT
P05067,1TAW
P05067,1TKN
P05067,1X11
P05067,1Z0Q
P05067,1ZE7
P05067,1ZE9
P05067,1ZJD
P05067,2BEG
P05067,2BP4
P05067,2FJZ
P05067,2FK1
P05067,2FK2
P05067,2FK3
P05067,2FKL
P05067,2FMA
P05067,2G47
P05067,2IPU
P05067,2LFM
P05067,2LLM
P05067,2LMN
P05067,2LMO
P05067,2LMP
P05067,2LMQ
P05067,2LNQ
P05067,2LOH
P05067,2LP1
P05067,2LZ3
P05067,2LZ4
P05067,2M4J
P05067,2M9R
P05067,2M9S
P05067,2MGT
P05067,2MJ1
P05067,2MPZ
P05067,2MVX
P05067,2MXU
P05067,2NAO
P05067,2OTK
P05067,2R0W
P05067,2WK3
P05067,2Y29
P05067,2Y2A
P05067,2Y3J
P05067,2Y3K
P05067,2Y3L
P05067,3AYU
P05067,3BAE
P05067,3BKJ
P05067,3DXC
P05067,3DXD
P05067,3DXE
P05067,3GCI
P05067,3IFL
P05067,3IFN
P05067,3IFO
P05067,3IFP
P05067,3JQ5
P05067,3JQL
P05067,3JTI
P05067,3KTM
P05067,3L33
P05067,3MOQ
P05067,3MXC
P05067,3MXY
P05067,3NYJ
P05067,3NYL
P05067,3OVJ
P05067,3OW9
P05067,3PZZ
P05067,3Q2X
P05067,3SV1
P05067,3U0T
P05067,3UMH
P05067,3UMI
P05067,3UMK
P05067,4HIX
P05067,4JFN
P05067,4M1C
P05067,4MVI
P05067,4MVK
P05067,4MVL
P05067,4NGE
P05067,4OJF
P05067,4ONF
P05067,4ONG
P05067,4PQD
P05067,4PWQ
P05067,4XXD
P05067,5AEF
P05067,5AM8
P05067,5AMB
P05067,5BUO
P05067,5C67
P05067,5CSZ
P05067,5HOW
P05067,5HOX
P05067,5HOY
P05067,5KK3
P05067,5LFY
P05067,5LV0
P05067,5MY4
P05067,5MYO
P05067,5MYX
P05067,5ONP
P05067,5ONQ
P05067,5OQV
P05067,5TXD
P05067,5VOS
P05067,5VZY
P05067,5W3P
P05067,6CO3
P05067,6GFI
P05067,6ITU
P05067,6NB9
P05067,6O4J
P05067,6OC9
P05067,6OIZ
P05067,6RHY
P05067,6SHS
P05067,6SZF
P05067,6TI5
P05067,6TI6
P05067,6TI7
P05067,6W0O
P05067,6WXM
P05067,6XOV
P05067,6YHF
P05067,6YHI
P05067,6YHO
P05067,6YHP
P05067,6YHX
P05067,7B3J
P05067,7B3K
P05067,7E6P
P05067,7F29
P05067,7JXN
P05067,7JXO
P05067,7O1Q
P05067,7OW1
P05067,7OXN
P05067,7Q4B
P05067,7Q4M
P05067,7RTZ
P05067,7U4P
P05067,7WFY
P05067,7Y3J
P05067,7Y8Q
P05067,8AZS
P05067,8AZT
P05067,8B9Q
P05067,8B9R
P05067,8BFA
P05067,8BFB
P05067,8BFZ
P05067,8BG0
P05067,8C3H
P05067,8EZD
P05067,8EZE
P05067,8FF2
P05067,8FF3
P05067,8H8Q
P05067,8I4O
P05067,8KEW
P05067,8KF1
P05067,8KF3
P05067,8KF4
P05067,8KF5
P05067,8KF6
P05067,8OL2
P05067,8OL3
P05067,8OL5
P05067,8OL6
P05067,8OL7
P05067,8OLG
P05067,8OLN
P05067,8OLO
P05067,8OLQ
P05067,8OT1
P05067,8OT3
P05067,8OT4
P05067,8OTF
P05067,8OVK
P05067,8OVM
P05067,8OWD
P05067,8OWE
P05067,8OWJ
P05067,8OWK
P05067,8QN6
P05067,8QN7
P05067,8SEJ
P05067,8SEK
P05067,8SEL
P05067,8T82
P05067,8T89
P05067,8Z9V
P05067,9CZN
P05067,9CZP
P05067,9IIO
P05067,9JAZ
P05067,9JB0
P05067,9JB1
P05067,9JB2
P05089,1WVA
P05089,1WVB
P05089,2AEB
P05089,2PHA
P05089,2PHO
P05089,2PLL
P05089,2ZAV
P05089,3DJ8
P05089,3E6K
P05089,3E6V
P05089,3F80
P05089,3GMZ
P05089,3GN0
P05089,3KV2
P05089,3LP4
P05089,3LP7
P05089,3MFV
P05089,3MFW
P05089,3MJL
P05089,3SJT
P05089,3SKK
P05089,3TF3
P05089,3TH7
P05089,3THE
P05089,3THH
P05089,3THJ
P05089,4FCI
P05089,4FCK
P05089,4GSM
P05089,4GSV
P05089,4GSZ
P05089,4GWC
P05089,4GWD
P05089,4HWW
P05089,4HXQ
P05089,4IE1
P05089,6Q92
P05089,6Q9P
P05089,6QAF
P05089,6V7C
P05089,6V7D
P05089,6V7E
P05089,6V7F
P05089,7K4G
P05089,7K4H
P05089,7K4I
P05089,7K4J
P05089,7K4K
P05089,7KLK
P05089,7KLL
P05089,7KLM
P05089,7LEX
P05089,7LEY
P05089,7LEZ
P05089,7LF0
P05089,7LF1
P05089,7LF2
P05089,8AUP
P05089,8E5M
P05089,8E5N
P05095,1G8X
P05095,4PD3
P05095,5I4E
P05095,5JLH
P05106,1JV2
P05106,1KUP
P05106,1KUZ
P05106,1L5G
P05106,1M1X
P05106,1M8O
P05106,1MIZ
P05106,1MK7
P05106,1MK9
P05106,1S4X
P05106,1TYE
P05106,1U8C
P05106,2K9J
P05106,2KNC
P05106,2KV9
P05106,2L1C
P05106,2L91
P05106,2LJD
P05106,2LJE
P05106,2LJF
P05106,2MTP
P05106,2N9Y
P05106,2RMZ
P05106,2RN0
P05106,2VC2
P05106,2VDK
P05106,2VDL
P05106,2VDM
P05106,2VDN
P05106,2VDO
P05106,2VDP
P05106,2VDQ
P05106,2VDR
P05106,3FCS
P05106,3FCU
P05106,3IJE
P05106,3NID
P05106,3NIF
P05106,3NIG
P05106,3T3M
P05106,3T3P
P05106,3ZDX
P05106,3ZDY
P05106,3ZDZ
P05106,3ZE0
P05106,3ZE1
P05106,3ZE2
P05106,4CAK
P05106,4G1E
P05106,4G1M
P05106,4MMX
P05106,4MMY
P05106,4MMZ
P05106,4O02
P05106,4Z7N
P05106,4Z7O
P05106,4Z7Q
P05106,5HDB
P05106,6AVQ
P05106,6AVR
P05106,6AVU
P05106,6BXB
P05106,6BXF
P05106,6BXJ
P05106,6CKB
P05106,6MK0
P05106,6MSL
P05106,6MSU
P05106,6NAJ
P05106,6V4P
P05106,7KN0
P05106,7L8P
P05106,7LA4
P05106,7TCT
P05106,7TD8
P05106,7THO
P05106,7TMZ
P05106,7TPD
P05106,7U60
P05106,7U9F
P05106,7U9V
P05106,7UBR
P05106,7UCY
P05106,7UDG
P05106,7UDH
P05106,7UE0
P05106,7UFH
P05106,7UH8
P05106,7UJE
P05106,7UJK
P05106,7UK9
P05106,7UKO
P05106,7UKP
P05106,7UKT
P05106,8GCD
P05106,8GCE
P05106,8IJ5
P05106,8T2U
P05106,8T2V
P05106,8XEI
P05106,8XEK
P05106,8XEL
P05106,8XEN
P05106,8XER
P05106,8XEZ
P05106,8XF6
P05106,8XFG
P05106,8XFO
P05106,9AXL
P05106,9DAO
P05106,9DAX
P05106,9DEQ
P05106,9DER
P05107,1L3Y
P05107,1YUK
P05107,2JF1
P05107,2P26
P05107,2P28
P05107,2V7D
P05107,3K6S
P05107,3K71
P05107,3K72
P05107,4NEH
P05107,4NEN
P05107,5E6R
P05107,5E6S
P05107,5E6U
P05107,5E6V
P05107,5E6W
P05107,5E6X
P05107,5ES4
P05107,5XR1
P05107,5ZAZ
P05107,7P2D
P05107,7USL
P05107,7USM
P05113,1HUL
P05113,3QT2
P05113,3VA2
P05113,8TLD
P05121,1A7C
P05121,1B3K
P05121,1C5G
P05121,1DB2
P05121,1DVM
P05121,1DVN
P05121,1LJ5
P05121,3CVM
P05121,3EOX
P05121,3Q02
P05121,3Q03
P05121,3R4L
P05121,3UT3
P05121,4AQH
P05121,4G8O
P05121,4G8R
P05121,4IC0
P05121,5BRR
P05121,5ZLZ
P05121,6GWN
P05121,6GWP
P05121,6GWQ
P05121,6I8S
P05121,6ZRV
P05121,7AQF
P05121,7AQG
P05121,9PAI
P05129,2E73
P05129,2UZP
P05132,1APM
P05132,1ATP
P05132,1BKX
P05132,1BX6
P05132,1FMO
P05132,1J3H
P05132,1JBP
P05132,1JLU
P05132,1L3R
P05132,1RDQ
P05132,1RE8
P05132,1REJ
P05132,1REK
P05132,1SYK
P05132,2CPK
P05132,2ERZ
P05132,2QCS
P05132,2QUR
P05132,2QVS
P05132,3FHI
P05132,3FJQ
P05132,3IDB
P05132,3IDC
P05132,3J4Q
P05132,3J4R
P05132,3OW3
P05132,3PVB
P05132,3QAL
P05132,3QAM
P05132,3TNP
P05132,3TNQ
P05132,3X2U
P05132,3X2V
P05132,3X2W
P05132,4DFX
P05132,4DFY
P05132,4DFZ
P05132,4DG0
P05132,4DG2
P05132,4DG3
P05132,4DH1
P05132,4DH3
P05132,4DH5
P05132,4DH7
P05132,4DH8
P05132,4DIN
P05132,4HPT
P05132,4HPU
P05132,4IAC
P05132,4IAD
P05132,4IAF
P05132,4IAI
P05132,4IAK
P05132,4IAY
P05132,4IAZ
P05132,4IB0
P05132,4IB1
P05132,4IB3
P05132,4NTS
P05132,4NTT
P05132,4O21
P05132,4O22
P05132,4WBB
P05132,4X6Q
P05132,4X6R
P05132,4XW4
P05132,4XW5
P05132,4XW6
P05132,5JR7
P05132,5X3F
P05132,6E21
P05132,6MM5
P05132,6MM6
P05132,6MM7
P05132,6MM8
P05132,7UJX
P05132,7V0G
P05132,8UKN
P05132,8UKO
P05132,8UKP
P05140,2AFP
P05154,1LQ8
P05154,2HI9
P05154,2OL2
P05154,3DY0
P05156,2XRC
P05156,5O32
P05161,1Z2M
P05161,2HJ8
P05161,3PHX
P05161,3PSE
P05161,3R66
P05161,3RT3
P05161,3SDL
P05161,5TL6
P05161,5W8T
P05161,5W8U
P05161,6BI8
P05161,6FFA
P05161,6XA9
P05161,7RBS
P05161,7S6P
P05161,8OIF
P05161,8SE9
P05161,8SEA
P05161,8SEB
P05161,8SV8
P05165,2CQY
P05165,2JKU
P05165,7YBU
P05165,8XL3
P05165,8XL4
P05165,8XL5
P05177,2HI4
P05186,7YIV
P05186,7YIW
P05186,7YIX
P05187,1EW2
P05187,1ZEB
P05187,1ZED
P05187,1ZEF
P05187,2GLQ
P05187,3MK0
P05187,3MK1
P05187,3MK2
P05202,3HLM
P05202,3PD6
P05202,3PDB
P05205,1KNA
P05205,1KNE
P05205,1Q3L
P05205,3P7J
P05205,6ASZ
P05205,6AT0
P05205,6MHA
P05231,1ALU
P05231,1IL6
P05231,2IL6
P05231,4CNI
P05231,4J4L
P05231,4NI7
P05231,4NI9
P05231,4O9H
P05231,4ZS7
P05231,7NXZ
P05231,8YWQ
P05231,8YWR
P05317,3J16
P05317,7U6V
P05480,6F3F
P05480,8XN8
P05484,1DW4
P05484,1DW5
P05484,1FEO
P05484,1MVI
P05484,1OMG
P05484,1TT3
P05484,1TTK
P05484,7VFU
P05554,1NWQ
P05555,6RHV
P05556,3G9W
P05556,3VI3
P05556,3VI4
P05556,4DX9
P05556,4WJK
P05556,4WK0
P05556,4WK2
P05556,4WK4
P05556,7CEB
P05556,7CEC
P05556,7NWL
P05556,7NXD
P05556,8RPQ
P05556,8W30
P05556,9B9J
P05556,9B9K
P05556,9CKV
P05556,9DIA
P05556,9EF2
P05556,9NAB
P05623,2LAQ
P05631,6TT7
P05631,6ZG7
P05631,6ZG8
P05631,6ZIK
P05696,1DSY
P05696,2NCE
P05696,3GPE
P05696,3RDJ
P05696,3TWY
P05696,4L1L
P05696,5W4S
P05737,5Z3G
P05737,6C0F
P05737,6EM1
P05737,6EM3
P05737,6EM4
P05737,7OHP
P05737,7OHS
P05737,7OHT
P05737,7OHU
P05737,7OHW
P05737,7OHX
P05737,7OHY
P05737,7OSA
P05737,8E5T
P05737,8V83
P05737,8V84
P05745,7OSM
P05745,7R6K
P05745,7RR5
P05750,4BSZ
P05756,9G25
P05756,9G28
P05759,5L6H
P05759,5L6I
P05759,5L6J
P05759,5U4P
P05759,6ZQH
P05759,9EYH
P05771,2I0E
P05771,8SE1
P05771,8SE2
P05771,8SE3
P05771,8SE4
P05771,8SG2
P05787,7K3C
P05787,7K3X
P05787,7K3Y
P05981,1O5E
P05981,1O5F
P05981,1P57
P05981,1Z8G
P05981,3T2N
P05981,5CE1
P05982,1QRD
P06003,3JCU
P06003,8Z9D
P06006,5XNL
P06006,5XNM
P06006,6YP7
P06007,8KDE
P06007,8R2I
P06007,8ZEE
P06007,9IIU
P06007,9IMN
P06007,9IOX
P06100,4BY6
P06103,3JAP
P06103,3NS5
P06103,3NS6
P06103,3ZWL
P06103,4U1E
P06103,4U1F
P06103,6FYX
P06103,6FYY
P06103,6GSM
P06103,6GSN
P06104,1AYZ
P06104,4R62
P06104,7UV8
P06104,7UVC
P06104,8IEG
P06106,8OVH
P06126,1ONQ
P06126,1XZ0
P06126,4X6C
P06126,4X6D
P06126,4X6E
P06126,4X6F
P06126,5J1A
P06126,6NUX
P06126,7KOZ
P06126,7KP0
P06126,7KP1
P06126,7RYM
P06126,7RYN
P06126,7RYO
P06126,7SH4
P06169,1PVD
P06169,1PYD
P06169,1QPB
P06169,2VK1
P06169,2VK8
P06169,2W93
P06239,1BHF
P06239,1BHH
P06239,1CWD
P06239,1CWE
P06239,1FBZ
P06239,1H92
P06239,1IJR
P06239,1KIK
P06239,1LCJ
P06239,1LCK
P06239,1LKK
P06239,1LKL
P06239,1QPC
P06239,1QPD
P06239,1QPE
P06239,1QPJ
P06239,1X27
P06239,2IIM
P06239,2OF2
P06239,2OF4
P06239,2OFU
P06239,2OFV
P06239,2OG8
P06239,2PL0
P06239,2ZM1
P06239,2ZM4
P06239,2ZYB
P06239,3AC1
P06239,3AC2
P06239,3AC3
P06239,3AC4
P06239,3AC5
P06239,3AC8
P06239,3ACJ
P06239,3ACK
P06239,3AD4
P06239,3AD5
P06239,3AD6
P06239,3B2W
P06239,3BRH
P06239,3BYM
P06239,3BYO
P06239,3BYS
P06239,3BYU
P06239,3KMM
P06239,3KXZ
P06239,3LCK
P06239,3MPM
P06239,4C3F
P06239,4D8K
P06239,5MTM
P06239,5MTN
P06239,6H6A
P06239,6PDJ
P06239,8X2P
P06244,1FOT
P06276,1P0I
P06276,1P0M
P06276,1P0P
P06276,1P0Q
P06276,1XLU
P06276,1XLV
P06276,1XLW
P06276,2J4C
P06276,2PM8
P06276,2WID
P06276,2WIF
P06276,2WIG
P06276,2WIJ
P06276,2WIK
P06276,2WIL
P06276,2WSL
P06276,2XMB
P06276,2XMC
P06276,2XMD
P06276,2XMG
P06276,2XQF
P06276,2XQG
P06276,2XQI
P06276,2XQJ
P06276,2XQK
P06276,2Y1K
P06276,3DJY
P06276,3DKK
P06276,3O9M
P06276,4AQD
P06276,4AXB
P06276,4B0O
P06276,4B0P
P06276,4BBZ
P06276,4BDS
P06276,4TPK
P06276,4XII
P06276,5DYT
P06276,5DYW
P06276,5DYY
P06276,5K5E
P06276,5LKR
P06276,5NN0
P06276,6EMI
P06276,6EP4
P06276,6EQP
P06276,6EQQ
P06276,6ESJ
P06276,6ESY
P06276,6EYF
P06276,6EZ2
P06276,6F7Q
P06276,6I0B
P06276,6I0C
P06276,6I2T
P06276,6QAA
P06276,6QAB
P06276,6QAC
P06276,6QAD
P06276,6QAE
P06276,6R6V
P06276,6R6W
P06276,6RUA
P06276,6SAM
P06276,6T9P
P06276,6T9S
P06276,6XTA
P06276,6ZWI
P06276,7AIY
P06276,7AMZ
P06276,7AWG
P06276,7AWH
P06276,7AWI
P06276,7BGC
P06276,7BO3
P06276,7BO4
P06276,7Q1M
P06276,7Q1N
P06276,7Q1O
P06276,7Q1P
P06276,7QBQ
P06276,7QBR
P06276,7QHD
P06276,7QHE
P06276,7ZPB
P06276,8AI7
P06276,8AM1
P06276,8AM2
P06276,8CGO
P06276,8QTW
P06276,8QTX
P06276,9EWU
P06276,9GCQ
P06276,9GCR
P06276,9I02
P06276,9I03
P06276,9I5O
P06276,9I5P
P06276,9I5Q
P06276,9R3B
P06276,9R3C
P06276,9R9D
P06276,9R9E
P06281,5MKT
P06312,1EEQ
P06312,1EEU
P06312,1EFQ
P06312,1EK3
P06312,1LVE
P06312,1QAC
P06312,2LVE
P06312,3LVE
P06312,4LVE
P06312,5LVE
P06401,1A28
P06401,1E3K
P06401,1SQN
P06401,1SR7
P06401,1ZUC
P06401,2C7A
P06401,2OVH
P06401,2OVM
P06401,2W8Y
P06401,3D90
P06401,3G8O
P06401,3HQ5
P06401,3KBA
P06401,3ZR7
P06401,3ZRA
P06401,3ZRB
P06401,4A2J
P06401,4APU
P06401,4OAR
P06401,5CC0
P06493,4Y72
P06493,4YC3
P06493,4YC6
P06493,5HQ0
P06493,5LQF
P06493,6GU2
P06493,6GU3
P06493,6GU4
P06493,6GU6
P06493,6GU7
P06493,6TWN
P06493,7NJ0
P06536,1GDC
P06536,1GLU
P06536,1LAT
P06536,1R4O
P06536,1R4R
P06536,1RGD
P06536,2GDA
P06536,3FYL
P06536,3G6P
P06536,3G6Q
P06536,3G6R
P06536,3G6T
P06536,3G6U
P06536,3G8U
P06536,3G8X
P06536,3G97
P06536,3G99
P06536,3G9I
P06536,3G9J
P06536,3G9M
P06536,3G9O
P06536,3G9P
P06537,3MNE
P06537,3MNO
P06537,3MNP
P06576,8H9E
P06576,8H9I
P06576,8H9L
P06576,8H9P
P06576,8H9S
P06576,8H9T
P06576,8H9U
P06576,8H9V
P06576,8KI3
P06685,1MO7
P06685,1MO8
P06700,2HJH
P06700,4IAO
P06702,1IRJ
P06702,1XK4
P06702,4GGF
P06702,4XJK
P06702,5I8N
P06702,5W1F
P06702,6DS2
P06702,7QUV
P06702,7UI5
P06702,8SJB
P06702,8SJC
P06704,2DOQ
P06704,2GV5
P06704,3FWB
P06704,3FWC
P06729,1CDB
P06729,1GYA
P06729,1HNF
P06729,1L2Z
P06729,1QA9
P06729,2J6O
P06729,2J7I
P06730,1IPB
P06730,1IPC
P06730,1WKW
P06730,2GPQ
P06730,2V8W
P06730,2V8X
P06730,2V8Y
P06730,2W97
P06730,3AM7
P06730,3TF2
P06730,3U7X
P06730,4AZA
P06730,4BEA
P06730,4DT6
P06730,4DUM
P06730,4TPW
P06730,4TQB
P06730,4TQC
P06730,4UED
P06730,5EHC
P06730,5EI3
P06730,5EIR
P06730,5EKV
P06730,5GW6
P06730,5T46
P06730,5ZJY
P06730,5ZJZ
P06730,5ZK5
P06730,5ZK7
P06730,5ZK9
P06730,5ZML
P06730,7D6Y
P06730,7D8B
P06730,7EZW
P06730,7F07
P06730,7MEU
P06730,7XTP
P06730,8QM4
P06730,8QM5
P06730,8QM6
P06730,8QM7
P06730,8QM8
P06730,8QM9
P06730,8SX4
P06730,9DON
P06731,1E07
P06731,2QSQ
P06731,2QST
P06731,2VER
P06731,8BW0
P06731,9U93
P06733,2PSN
P06733,3B97
P06733,5OCK
P06744,1IAT
P06744,1IRI
P06744,1JIQ
P06744,1JLH
P06744,1NUH
P06744,6XUH
P06744,6XUI
P06744,8BBH
P06744,8P2K
P06744,9FCW
P06744,9FHF
P06744,9FKC
P06744,9FKF
P06748,2LLH
P06748,2P1B
P06748,2VXD
P06748,5EHD
P06748,7OBG
P06748,7OBH
P06748,8AH2
P06748,8AS5
P06756,4UM8
P06756,4UM9
P06756,5FFG
P06756,5FFO
P06756,5NEM
P06756,5NER
P06756,5NET
P06756,5NEU
P06756,6DJP
P06756,6OM1
P06756,6OM2
P06756,6UJA
P06756,6UJB
P06756,6UJC
P06756,7Y1T
P06756,8TCF
P06756,8TCG
P06756,8VS6
P06756,8VSD
P06756,9CZ7
P06756,9CZA
P06756,9CZD
P06756,9CZF
P06756,9IND
P06756,9IUJ
P06756,9JEI
P06782,2FH9
P06782,2QLV
P06782,3DAE
P06782,3HYH
P06782,3MN3
P06782,3T4N
P06782,3TDH
P06782,3TE5
P06787,1F54
P06787,1F55
P06787,1LKJ
P06787,2LHH
P06787,2LHI
P06787,6OQQ
P06802,4B56
P06802,4GTW
P06802,4GTX
P06802,4GTY
P06802,4GTZ
P06802,6AEK
P06802,6AEL
P06802,6XKD
P06857,1RP1
P06858,6E7K
P06858,6OAU
P06858,6OAZ
P06858,6OB0
P06858,6WN4
P07030,1BYO
P07030,1BYP
P07147,6MP0
P07147,6MP1
P07170,1AKY
P07170,1DVR
P07170,2AKY
P07170,3AKY
P07174,1NGR
P07174,1SG1
P07174,2MIC
P07174,2MJO
P07174,3BUK
P07174,3IJ2
P07174,4F42
P07174,4F44
P07195,1I0Z
P07195,1T2F
P07195,7DBJ
P07195,7DBK
P07195,8QDE
P07195,8S88
P07213,2GW1
P07221,1A8Y
P07221,3TRP
P07221,3TRQ
P07221,3US3
P07221,3V1W
P07231,1AD7
P07231,1AWY
P07231,1ONU
P07231,2DPQ
P07231,2MZL
P07231,2MZM
P07237,1BJX
P07237,1MEK
P07237,1X5C
P07237,2BJX
P07237,2K18
P07237,3BJ5
P07237,3UEM
P07237,4EKZ
P07237,4EL1
P07237,4JU5
P07237,6I7S
P07237,7ZSC
P07237,8EOJ
P07237,8GDY
P07270,1A0A
P07270,3W3X
P07270,9D45
P07271,5O6B
P07271,5O6D
P07271,5O6E
P07271,6E49
P07271,8XAK
P07293,1DU1
P07293,1JZP
P07293,1T3L
P07293,6BYO
P07293,6JPA
P07293,6JPB
P07293,7JPK
P07293,7JPL
P07293,7JPV
P07293,7JPW
P07293,7JPX
P07293,8E56
P07293,8E57
P07293,8E58
P07306,1DV8
P07306,5JPV
P07306,5JQ1
P07306,6YAU
P07306,8TS0
P07306,9G76
P07306,9G7D
P07306,9G7E
P07313,2BBM
P07313,2BBN
P07313,6HR1
P07347,4HNW
P07347,4HNX
P07347,4HNY
P07347,4XNH
P07347,4XPD
P07347,4Y49
P07347,6HD5
P07347,6O07
P07355,1W7B
P07355,1XJL
P07355,2HYU
P07355,2HYV
P07355,2HYW
P07355,4DRW
P07355,4FTG
P07355,5LPX
P07355,5LQ0
P07355,5LQ2
P07355,6TWQ
P07355,7DTO
P07355,7EQ7
P07355,7P70
P07355,7P72
P07355,7P73
P07355,7P74
P07355,7PC4
P07355,7PC5
P07355,7PC8
P07355,7PC9
P07355,7PCB
P07355,7QQL
P07355,7QQN
P07355,7ZVN
P07355,7ZVX
P07355,8AEL
P07384,1ZCM
P07384,2ARY
P07384,7W7O
P07384,7X79
P07384,8GX3
P07437,3QNZ
P07437,3QO0
P07437,5N5N
P07437,6I2I
P07437,6QUS
P07437,6QUY
P07437,6QVE
P07437,6QVJ
P07437,7TRG
P07437,7TTN
P07437,7TTT
P07437,7TUB
P07437,7X0S
P07437,8BPO
P07437,8V2J
P07437,9BP6
P07451,1Z93
P07451,1Z97
P07451,2HFW
P07451,3UYN
P07451,3UYQ
P07465,7PCY
P07492,2N0B
P07492,2N0C
P07492,2N0D
P07492,2N0E
P07492,2N0F
P07492,2N0G
P07492,2N0H
P07525,1CHV
P07602,1M12
P07602,1N69
P07602,1SN6
P07602,2DOB
P07602,2GTG
P07602,2QYP
P07602,2R0R
P07602,2R1Q
P07602,2RB3
P07602,2Z9A
P07602,3BQP
P07602,3BQQ
P07602,4DDJ
P07602,4UEX
P07602,4V2O
P07602,6SLR
P07602,8EQU
P07602,9AVS
P07602,9AXG
P07602,9I63
P07688,1ITO
P07688,1QDQ
P07688,1SP4
P07688,2DC6
P07688,2DC7
P07688,2DC8
P07688,2DC9
P07688,2DCA
P07688,2DCB
P07688,2DCC
P07688,2DCD
P07711,1CJL
P07711,1CS8
P07711,1ICF
P07711,1MHW
P07711,2NQD
P07711,2VHS
P07711,2XU1
P07711,2XU3
P07711,2XU4
P07711,2XU5
P07711,2YJ2
P07711,2YJ8
P07711,2YJ9
P07711,2YJB
P07711,2YJC
P07711,3BC3
P07711,3H89
P07711,3H8B
P07711,3H8C
P07711,3HHA
P07711,3HWN
P07711,3IV2
P07711,3K24
P07711,3KSE
P07711,3OF8
P07711,3OF9
P07711,4AXL
P07711,4AXM
P07711,5F02
P07711,5I4H
P07711,5MAE
P07711,5MAJ
P07711,5MQY
P07711,6EZP
P07711,6EZX
P07711,6F06
P07711,6JD0
P07711,6JD8
P07711,7QKB
P07711,7QKC
P07711,7QKD
P07711,7W33
P07711,7W34
P07711,7Z3T
P07711,7Z58
P07711,7ZS7
P07711,7ZVF
P07711,7ZXA
P07711,8A4U
P07711,8A4V
P07711,8A4W
P07711,8A4X
P07711,8A5B
P07711,8AHV
P07711,8B4F
P07711,8C77
P07711,8GX2
P07711,8HET
P07711,8HFV
P07711,8OFA
P07711,8OZA
P07711,8PRX
P07711,8QKB
P07711,8UAC
P07766,1A81
P07766,1SY6
P07766,1XIW
P07766,2ROL
P07766,5QU2
P07766,6JXR
P07766,7FJD
P07766,7FJE
P07766,7FJF
P07766,8ES7
P07766,8ES8
P07766,8ES9
P07766,8F0L
P07766,8JC0
P07766,8JCB
P07766,8TW4
P07766,8TW6
P07766,8VY4
P07766,8WXE
P07766,8WY0
P07766,8WYI
P07766,8YC0
P07766,8ZA6
P07766,9BBC
P07766,9C3E
P07766,9CI8
P07766,9CIA
P07766,9CQ4
P07814,1FYJ
P07814,4HVC
P07814,4K86
P07814,4K87
P07814,4K88
P07814,5A1N
P07814,5A34
P07814,5A5H
P07814,5BMU
P07814,5V58
P07814,5VAD
P07814,5Y6L
P07814,6IY6
P07814,7BBU
P07814,7F98
P07814,7F99
P07814,7F9A
P07814,7F9B
P07814,7F9C
P07814,7F9D
P07814,7OSY
P07814,7OSZ
P07814,7OT0
P07814,7OT1
P07814,7OT2
P07814,7OT3
P07814,7X09
P07814,7X1O
P07814,7Y1H
P07814,7Y1W
P07814,7Y28
P07814,7Y3S
P07814,8YTK
P07845,1GWY
P07845,1O71
P07845,1O72
P07845,2L2B
P07845,2L38
P07858,1CSB
P07858,1GMY
P07858,1HUC
P07858,1PBH
P07858,2IPP
P07858,2PBH
P07858,3AI8
P07858,3CBJ
P07858,3CBK
P07858,3K9M
P07858,3PBH
P07858,5MBL
P07858,5MBM
P07858,6AY2
P07858,8B4T
P07858,8B5F
P07858,8HE9
P07858,8HEI
P07858,8HEN
P07884,3EPH
P07884,3EPJ
P07884,3EPK
P07884,3EPL
P07900,1BYQ
P07900,1OSF
P07900,1UY6
P07900,1UY7
P07900,1UY8
P07900,1UY9
P07900,1UYC
P07900,1UYD
P07900,1UYE
P07900,1UYF
P07900,1UYG
P07900,1UYH
P07900,1UYI
P07900,1UYK
P07900,1UYL
P07900,1YC1
P07900,1YC3
P07900,1YC4
P07900,1YER
P07900,1YES
P07900,1YET
P07900,2BSM
P07900,2BT0
P07900,2BUG
P07900,2BYH
P07900,2BYI
P07900,2BZ5
P07900,2C2L
P07900,2CCS
P07900,2CCT
P07900,2CCU
P07900,2FWY
P07900,2FWZ
P07900,2H55
P07900,2JJC
P07900,2K5B
P07900,2QF6
P07900,2QFO
P07900,2QG0
P07900,2QG2
P07900,2UWD
P07900,2VCI
P07900,2VCJ
P07900,2WI1
P07900,2WI2
P07900,2WI3
P07900,2WI4
P07900,2WI5
P07900,2WI6
P07900,2WI7
P07900,2XAB
P07900,2XDK
P07900,2XDL
P07900,2XDS
P07900,2XDU
P07900,2XDX
P07900,2XHR
P07900,2XHT
P07900,2XHX
P07900,2XJG
P07900,2XJJ
P07900,2XJX
P07900,2XK2
P07900,2YE2
P07900,2YE3
P07900,2YE4
P07900,2YE5
P07900,2YE6
P07900,2YE7
P07900,2YE8
P07900,2YE9
P07900,2YEA
P07900,2YEB
P07900,2YEC
P07900,2YED
P07900,2YEE
P07900,2YEF
P07900,2YEG
P07900,2YEH
P07900,2YEI
P07900,2YEJ
P07900,2YI0
P07900,2YI5
P07900,2YI6
P07900,2YI7
P07900,2YJW
P07900,2YJX
P07900,2YK2
P07900,2YK9
P07900,2YKB
P07900,2YKC
P07900,2YKE
P07900,2YKI
P07900,2YKJ
P07900,3B24
P07900,3B25
P07900,3B26
P07900,3B27
P07900,3B28
P07900,3BM9
P07900,3BMY
P07900,3D0B
P07900,3EKO
P07900,3EKR
P07900,3FT5
P07900,3FT8
P07900,3HEK
P07900,3HHU
P07900,3HYY
P07900,3HYZ
P07900,3HZ1
P07900,3HZ5
P07900,3INW
P07900,3INX
P07900,3K97
P07900,3K98
P07900,3K99
P07900,3MNR
P07900,3O0I
P07900,3OW6
P07900,3OWB
P07900,3OWD
P07900,3Q6M
P07900,3Q6N
P07900,3QDD
P07900,3QTF
P07900,3R4M
P07900,3R4N
P07900,3R4O
P07900,3R4P
P07900,3R91
P07900,3R92
P07900,3RKZ
P07900,3RLP
P07900,3RLQ
P07900,3RLR
P07900,3T0H
P07900,3T0Z
P07900,3T10
P07900,3T1K
P07900,3T2S
P07900,3TUH
P07900,3VHA
P07900,3VHC
P07900,3VHD
P07900,3WHA
P07900,3WQ9
P07900,4AIF
P07900,4AWO
P07900,4AWP
P07900,4AWQ
P07900,4B7P
P07900,4BQG
P07900,4BQJ
P07900,4CGQ
P07900,4CGU
P07900,4CGV
P07900,4CGW
P07900,4CWF
P07900,4CWN
P07900,4CWO
P07900,4CWP
P07900,4CWQ
P07900,4CWR
P07900,4CWS
P07900,4CWT
P07900,4EEH
P07900,4EFT
P07900,4EFU
P07900,4EGH
P07900,4EGI
P07900,4EGK
P07900,4FCP
P07900,4FCQ
P07900,4FCR
P07900,4HY6
P07900,4JQL
P07900,4L8Z
P07900,4L90
P07900,4L91
P07900,4L93
P07900,4L94
P07900,4LWE
P07900,4LWF
P07900,4LWG
P07900,4LWH
P07900,4LWI
P07900,4NH7
P07900,4NH8
P07900,4O04
P07900,4O05
P07900,4O07
P07900,4O09
P07900,4O0B
P07900,4R3M
P07900,4U93
P07900,4W7T
P07900,4XIP
P07900,4XIQ
P07900,4XIR
P07900,4XIT
P07900,4YKQ
P07900,4YKR
P07900,4YKT
P07900,4YKU
P07900,4YKW
P07900,4YKX
P07900,4YKY
P07900,4YKZ
P07900,5CF0
P07900,5FNC
P07900,5FND
P07900,5FNF
P07900,5GGZ
P07900,5J20
P07900,5J27
P07900,5J2V
P07900,5J2X
P07900,5J64
P07900,5J6L
P07900,5J6M
P07900,5J6N
P07900,5J80
P07900,5J82
P07900,5J86
P07900,5J8M
P07900,5J8U
P07900,5J9X
P07900,5LNY
P07900,5LNZ
P07900,5LO0
P07900,5LO1
P07900,5LO5
P07900,5LO6
P07900,5LQ9
P07900,5LR1
P07900,5LR7
P07900,5LRL
P07900,5LRZ
P07900,5LS1
P07900,5M4E
P07900,5M4H
P07900,5NYH
P07900,5NYI
P07900,5OCI
P07900,5OD7
P07900,5ODX
P07900,5T21
P07900,5VYY
P07900,5XQD
P07900,5XQE
P07900,5XR5
P07900,5XR9
P07900,5XRB
P07900,5XRD
P07900,5XRE
P07900,5ZR3
P07900,6B99
P07900,6B9A
P07900,6CEO
P07900,6CYG
P07900,6CYH
P07900,6EI5
P07900,6EL5
P07900,6ELN
P07900,6ELO
P07900,6ELP
P07900,6EY8
P07900,6EY9
P07900,6EYA
P07900,6EYB
P07900,6F1N
P07900,6FCJ
P07900,6FDP
P07900,6GP4
P07900,6GP8
P07900,6GPF
P07900,6GPH
P07900,6GPO
P07900,6GPP
P07900,6GPR
P07900,6GPT
P07900,6GPW
P07900,6GPY
P07900,6GQ6
P07900,6GQR
P07900,6GQS
P07900,6GQU
P07900,6GR1
P07900,6GR3
P07900,6GR4
P07900,6GR5
P07900,6HHR
P07900,6KSQ
P07900,6LR9
P07900,6LSZ
P07900,6LT8
P07900,6LTI
P07900,6LTK
P07900,6N8X
P07900,6OLX
P07900,6TN4
P07900,6TN5
P07900,6U98
P07900,6U99
P07900,6U9A
P07900,6U9B
P07900,7DMC
P07900,7H9K
P07900,7H9L
P07900,7H9M
P07900,7H9N
P07900,7H9O
P07900,7H9P
P07900,7H9Q
P07900,7H9R
P07900,7H9S
P07900,7H9T
P07900,7H9U
P07900,7H9V
P07900,7H9W
P07900,7H9X
P07900,7H9Y
P07900,7H9Z
P07900,7HA0
P07900,7HA1
P07900,7HA2
P07900,7HA3
P07900,7HA4
P07900,7HA5
P07900,7HA6
P07900,7HA7
P07900,7HA8
P07900,7HA9
P07900,7HAA
P07900,7HAB
P07900,7HAC
P07900,7HAD
P07900,7HAE
P07900,7HAF
P07900,7HAG
P07900,7HAH
P07900,7HAI
P07900,7HAJ
P07900,7HAK
P07900,7HAL
P07900,7HAM
P07900,7HAN
P07900,7HAO
P07900,7HAP
P07900,7HAQ
P07900,7HAR
P07900,7HAS
P07900,7HAT
P07900,7HAU
P07900,7HAV
P07900,7HAW
P07900,7HAX
P07900,7HAY
P07900,7HAZ
P07900,7HB0
P07900,7HB1
P07900,7HB2
P07900,7HB3
P07900,7HB4
P07900,7HB5
P07900,7HB6
P07900,7HB7
P07900,7HB8
P07900,7HB9
P07900,7HBA
P07900,7HBB
P07900,7HBC
P07900,7HBD
P07900,7HBE
P07900,7HBF
P07900,7HBG
P07900,7HBH
P07900,7HBJ
P07900,7HBK
P07900,7HBL
P07900,7HBM
P07900,7HBN
P07900,7HBO
P07900,7HBP
P07900,7HBQ
P07900,7HBR
P07900,7HBS
P07900,7HBT
P07900,7HBU
P07900,7HBV
P07900,7HBW
P07900,7HBX
P07900,7HBY
P07900,7HBZ
P07900,7HC0
P07900,7HC1
P07900,7HC2
P07900,7HC3
P07900,7L7I
P07900,7L7J
P07900,7LSZ
P07900,7LT0
P07900,7RXZ
P07900,7RY0
P07900,7RY1
P07900,7S8Y
P07900,7S8Z
P07900,7S90
P07900,7S95
P07900,7S98
P07900,7S99
P07900,7S9F
P07900,7S9G
P07900,7S9H
P07900,7S9I
P07900,7UR3
P07900,8AGI
P07900,8AGJ
P07900,8AGL
P07900,8B7I
P07900,8B7J
P07900,8JR6
P07900,8JR7
P07900,8JRA
P07900,8KI4
P07900,8SBT
P07900,8W4V
P07900,8W8K
P07900,8X2R
P07900,9AUU
P07901,5H22
P07901,7D1V
P07901,7D22
P07901,7D24
P07901,7D25
P07901,7D26
P07911,4WRN
P07911,6TQK
P07911,6TQL
P07911,6ZS5
P07911,6ZYA
P07911,7PFP
P07911,7Q3N
P07911,9NU1
P07911,9NU2
P07911,9NU3
P07949,2IVS
P07949,2IVT
P07949,2IVU
P07949,2IVV
P07949,2X2K
P07949,2X2L
P07949,2X2M
P07949,2X2U
P07949,4CKI
P07949,4CKJ
P07949,4UX8
P07949,5AMN
P07949,5FM2
P07949,5FM3
P07949,6FEK
P07949,6GL7
P07949,6I82
P07949,6I83
P07949,6NE7
P07949,6NEC
P07949,6NJA
P07949,6Q2J
P07949,6Q2N
P07949,6Q2O
P07949,6Q2R
P07949,6Q2S
P07949,6VHG
P07949,7DU8
P07949,7DU9
P07949,7DUA
P07949,7JU5
P07949,7JU6
P07949,7NZN
P07949,7RUN
P07954,3E04
P07954,5D6B
P07954,5UPP
P07954,6EBT
P07954,6V8F
P07954,6VBE
P07954,7LUB
P07981,1EG1
P07981,4BMF
P07987,1CB2
P07987,1HGW
P07987,1HGY
P07987,1QJW
P07987,1QK0
P07987,1QK2
P07987,3CBH
P07987,4AU0
P07987,4AX6
P07987,4AX7
P07987,4I5R
P07987,4I5U
P07992,1Z00
P07992,2A1I
P07992,2A1J
P07992,2JNW
P07992,2JPD
P07992,2MUT
P07992,6SXA
P07992,6SXB
P07996,1LSL
P07996,1UX6
P07996,1Z78
P07996,1ZA4
P07996,2ERF
P07996,2ES3
P07996,2OUH
P07996,2OUJ
P07996,3R6B
P07996,5FOE
P07996,7YYK
P08018,2VKN
P08045,1ZNF
P08046,1A1F
P08046,1A1G
P08046,1A1H
P08046,1A1I
P08046,1A1J
P08046,1A1K
P08046,1A1L
P08046,1AAY
P08046,1F2I
P08046,1G2D
P08046,1G2F
P08046,1JK1
P08046,1JK2
P08046,1LLM
P08046,1P47
P08046,1ZAA
P08050,1R5S
P08067,9GS2
P08069,1IGR
P08069,1JQH
P08069,1K3A
P08069,1M7N
P08069,1P4O
P08069,2OJ9
P08069,2ZM3
P08069,3D94
P08069,3F5P
P08069,3I81
P08069,3LVP
P08069,3LW0
P08069,3NW5
P08069,3NW6
P08069,3NW7
P08069,3O23
P08069,3QQU
P08069,4D2R
P08069,4XSS
P08069,5FXQ
P08069,5FXR
P08069,5FXS
P08069,5HZN
P08069,5U8Q
P08069,5U8R
P08069,6JK8
P08069,6VWG
P08069,6VWH
P08069,6VWI
P08069,6VWJ
P08069,7PH8
P08069,7S0Q
P08069,7S8V
P08069,7U23
P08069,7V3P
P08069,7XGD
P08069,7XLC
P08069,7YRR
P08069,8PYI
P08069,8PYJ
P08069,8PYK
P08069,8PYL
P08069,8PYM
P08069,8PYN
P08069,8TAN
P08074,1CYD
P08133,1M9I
P08138,2N80
P08138,2N83
P08138,2N97
P08138,3EWV
P08138,5ZGG
P08138,7CSQ
P08138,8X8T
P08151,2GLI
P08151,4BLB
P08151,4KMD
P08151,5OM0
P08151,7T91
P08153,1NCS
P08153,1ZFD
P08168,1AYR
P08168,1CF1
P08168,3UGU
P08168,3UGX
P08168,4J2Q
P08168,4PXF
P08168,4ZRG
P08168,7F1W
P08168,7F1X
P08168,7JSM
P08168,7JTB
P08168,7JXA
P08168,7MOR
P08168,7MP0
P08168,7MP1
P08168,7MP2
P08168,9C6E
P08172,3UON
P08172,4MQS
P08172,4MQT
P08172,5YC8
P08172,5ZK3
P08172,5ZK8
P08172,5ZKB
P08172,5ZKC
P08172,6OIK
P08172,6U1N
P08172,7T8X
P08172,7T90
P08172,7T94
P08172,7T96
P08172,8J8R
P08172,8J97
P08172,8JAF
P08174,1H03
P08174,1H04
P08174,1H2P
P08174,1H2Q
P08174,1M11
P08174,1NWV
P08174,1OJV
P08174,1OJW
P08174,1OJY
P08174,1OK1
P08174,1OK2
P08174,1OK3
P08174,1OK9
P08174,1UOT
P08174,1UPN
P08174,2C8I
P08174,2QZD
P08174,2QZF
P08174,2QZH
P08174,3IYP
P08174,3J24
P08174,5FOA
P08174,6ILJ
P08174,6ILK
P08174,6LA5
P08174,7C9W
P08174,7DO4
P08174,7VY5
P08174,7VY6
P08174,8B8R
P08174,8B9F
P08174,8K9R
P08174,8K9T
P08183,6C0V
P08183,6FN1
P08183,6FN4
P08183,6QEX
P08183,7A65
P08183,7A69
P08183,7A6C
P08183,7A6E
P08183,7A6F
P08183,7O9W
P08183,8GMG
P08183,8GMJ
P08183,8SA0
P08183,8SA1
P08183,8SB7
P08183,8SB8
P08183,8SB9
P08183,8SBA
P08183,8Y6H
P08183,8Y6I
P08183,9CR8
P08183,9CTC
P08183,9CTF
P08183,9CTG
P08195,2DH2
P08195,2DH3
P08195,6JMR
P08195,6S8V
P08195,7B00
P08195,7CMH
P08195,7CMI
P08195,7DF1
P08195,8A6L
P08195,8G0M
P08195,8QEY
P08195,8WNS
P08195,8WNT
P08195,8WNY
P08238,1QZ2
P08238,1UYM
P08238,2L6J
P08238,3FWV
P08238,3NMQ
P08238,3PRY
P08238,3UQ3
P08238,5FWK
P08238,5FWL
P08238,5FWM
P08238,5FWP
P08238,5UC4
P08238,5UCH
P08238,5UCI
P08238,5UCJ
P08238,6N8W
P08238,6N8Y
P08238,7ULJ
P08238,7Z37
P08238,7Z38
P08238,7ZR0
P08238,7ZR5
P08238,7ZR6
P08238,7ZUB
P08238,8EOA
P08238,8EOB
P08238,8GAE
P08238,8GFT
P08238,8QMO
P08238,9D9H
P08238,9D9I
P08311,1AU8
P08311,1CGH
P08311,1KYN
P08311,1T32
P08311,6VTM
P08311,7H6G
P08311,7H6H
P08311,8D4S
P08311,8D4V
P08311,8D7I
P08311,8D7K
P08311,8G24
P08311,8G25
P08311,8G26
P08311,9ASX
P08311,9ATK
P08413,6HCS
P08413,8T17
P08413,8T18
P08413,8T6K
P08413,8T6Q
P08417,1YFM
P08473,1DMT
P08473,1R1H
P08473,1R1I
P08473,1R1J
P08473,1Y8J
P08473,2QPJ
P08473,2YB9
P08473,4CTH
P08473,5JMY
P08473,6GID
P08473,6SH1
P08473,6SH2
P08473,6SUK
P08473,6SVY
P08473,6THP
P08473,6XVP
P08483,4DAJ
P08483,4U14
P08483,4U15
P08483,4U16
P08483,5ZHP
P08505,2L3Y
P08510,1HO2
P08510,1HO7
P08510,7SIP
P08510,7SJ1
P08510,8TEO
P08510,9NEC
P08510,9NED
P08510,9NEG
P08510,9NEI
P08510,9NES
P08510,9NEU
P08536,1G8F
P08536,1G8G
P08536,1G8H
P08536,1J70
P08536,1JEC
P08536,1JED
P08536,1JEE
P08536,1R6X
P08571,4GLP
P08575,1YGR
P08575,1YGU
P08575,5FMV
P08575,5FN6
P08575,5FN7
P08575,8VSE
P08592,1M7E
P08592,1NMJ
P08592,1OQN
P08592,2LI9
P08621,2L5I
P08621,2L5J
P08621,4PKD
P08631,1AD5
P08631,1BU1
P08631,1QCF
P08631,2C0I
P08631,2C0O
P08631,2C0T
P08631,2HCK
P08631,2HK5
P08631,2OI3
P08631,2OJ2
P08631,3HCK
P08631,3NHN
P08631,3RBB
P08631,3REA
P08631,3REB
P08631,3VRY
P08631,3VRZ
P08631,3VS0
P08631,3VS1
P08631,3VS2
P08631,3VS3
P08631,3VS4
P08631,3VS5
P08631,3VS6
P08631,3VS7
P08631,4HCK
P08631,4LUD
P08631,4LUE
P08631,4ORZ
P08631,4U5W
P08631,5H09
P08631,5H0B
P08631,5H0E
P08631,5H0G
P08631,5H0H
P08631,5HCK
P08631,5NUH
P08631,5ZJ6
P08631,8F2P
P08631,9BYJ
P08637,3AY4
P08637,3SGJ
P08637,3SGK
P08637,3WN5
P08637,5BW7
P08637,5D6D
P08637,5ML9
P08637,5MN2
P08637,5VU0
P08637,5XJE
P08637,5XJF
P08637,5YC5
P08637,7SEG
P08637,7URU
P08640,4UYR
P08640,4UYS
P08640,4UYT
P08650,6JV7
P08650,6JV8
P08670,1GK4
P08670,1GK6
P08670,1GK7
P08670,3G1E
P08670,3KLT
P08670,3S4R
P08670,3SSU
P08670,3SWK
P08670,3TRT
P08670,3UF1
P08670,4YPC
P08670,4YV3
P08670,5WHF
P08670,6YXK
P08670,8RVE
P08679,8GR8
P08679,8GR9
P08679,8GRE
P08679,8GRF
P08680,1H7D
P08680,1H7J
P08684,1TQN
P08684,1W0E
P08684,1W0F
P08684,1W0G
P08684,2J0D
P08684,2V0M
P08684,3NXU
P08684,3TJS
P08684,3UA1
P08684,4D6Z
P08684,4D75
P08684,4D78
P08684,4D7D
P08684,4I3Q
P08684,4I4G
P08684,4I4H
P08684,4K9T
P08684,4K9U
P08684,4K9V
P08684,4K9W
P08684,4K9X
P08684,4NY4
P08684,5A1P
P08684,5A1R
P08684,5G5J
P08684,5TE8
P08684,5VC0
P08684,5VCC
P08684,5VCD
P08684,5VCE
P08684,5VCG
P08684,6BCZ
P08684,6BD5
P08684,6BD6
P08684,6BD7
P08684,6BD8
P08684,6BDH
P08684,6BDI
P08684,6BDK
P08684,6BDM
P08684,6OO9
P08684,6OOA
P08684,6OOB
P08684,7KS8
P08684,7KSA
P08684,7KVH
P08684,7KVI
P08684,7KVJ
P08684,7KVK
P08684,7KVM
P08684,7KVN
P08684,7KVO
P08684,7KVP
P08684,7KVQ
P08684,7KVS
P08684,7LXL
P08684,7UAY
P08684,7UAZ
P08684,7UF9
P08684,7UFA
P08684,7UFB
P08684,7UFC
P08684,7UFD
P08684,7UFE
P08684,7UFF
P08684,8DYC
P08684,8EWD
P08684,8EWE
P08684,8EWL
P08684,8EWM
P08684,8EWN
P08684,8EWP
P08684,8EWQ
P08684,8EWR
P08684,8EWS
P08684,8EXB
P08684,8SO1
P08684,8SO2
P08684,9BBB
P08684,9COR
P08684,9COS
P08684,9COT
P08684,9COU
P08684,9COV
P08684,9COW
P08684,9COX
P08684,9COY
P08684,9GK1
P08686,4Y8W
P08686,5VBU
P08754,2IHB
P08754,2ODE
P08754,2V4Z
P08754,4G5O
P08754,4G5R
P08754,4G5S
P08754,7RA3
P08754,8OY1
P08754,8YK0
P08760,2AK3
P08842,1P49
P08842,8EG3
P08879,1NDL
P08879,1NSQ
P08879,3WX8
P08887,1N26
P08887,1P9M
P08887,2ARW
P08887,5FUC
P08887,7DC8
P08887,8D82
P08887,8IOW
P08887,8J6F
P08887,8QY5
P08887,8QY6
P08900,2LI7
P08900,2LJM
P08908,9DYD
P08908,9DYE
P08908,9DYF
P08908,9GL2
P08908,9MD1
P08909,2MHO
P08913,1HLL
P08913,1HO9
P08913,1HOD
P08913,1HOF
P08913,6K42
P08913,6KUX
P08913,6KUY
P08913,7EJ0
P08913,7EJ8
P08913,7EJA
P08913,7EJK
P08913,7W6P
P08913,7W7E
P08913,9IQR
P08913,9PLN
P08913,9PLO
P08913,9PQD
P08921,1A64
P08921,1A6P
P08921,1A7B
P08921,1CCZ
P08921,1CDC
P08921,1HNG
P08921,1T6W
P08921,2DRU
P08953,4ARN
P08953,4ARR
P08953,4BV4
P08953,4LXR
P08953,4LXS
P09038,1BAS
P09038,1BFB
P09038,1BFC
P09038,1BFF
P09038,1BFG
P09038,1BLA
P09038,1BLD
P09038,1CVS
P09038,1EV2
P09038,1FGA
P09038,1FQ9
P09038,1II4
P09038,1IIL
P09038,2BFH
P09038,2FGF
P09038,4FGF
P09038,4OEE
P09038,4OEF
P09038,4OEG
P09038,5X1O
P09038,8HU7
P09038,8HUE
P09038,8OM6
P09052,2DB3
P09052,3EMW
P09052,3F2O
P09052,5NT7
P09055,5XQ0
P09055,8TEC
P09055,8TEE
P09132,1JID
P09132,1MFQ
P09132,1RY1
P09132,2J37
P09132,3KTV
P09132,4P3E
P09132,7QWQ
P09172,4ZEL
P09211,10GS
P09211,11GS
P09211,12GS
P09211,13GS
P09211,14GS
P09211,16GS
P09211,17GS
P09211,18GS
P09211,19GS
P09211,1AQV
P09211,1AQW
P09211,1AQX
P09211,1EOG
P09211,1EOH
P09211,1GSS
P09211,1KBN
P09211,1LBK
P09211,1MD3
P09211,1MD4
P09211,1PGT
P09211,1PX6
P09211,1PX7
P09211,1ZGN
P09211,20GS
P09211,22GS
P09211,2A2R
P09211,2A2S
P09211,2GSS
P09211,2J9H
P09211,2PGT
P09211,3CSH
P09211,3CSI
P09211,3CSJ
P09211,3DD3
P09211,3DGQ
P09211,3GSS
P09211,3GUS
P09211,3HJM
P09211,3HJO
P09211,3HKR
P09211,3IE3
P09211,3KM6
P09211,3KMN
P09211,3KMO
P09211,3N9J
P09211,3PGT
P09211,4GSS
P09211,4PGT
P09211,5DAK
P09211,5DAL
P09211,5DCG
P09211,5DDL
P09211,5DJL
P09211,5DJM
P09211,5GSS
P09211,5J41
P09211,5JCW
P09211,5L6X
P09211,5X79
P09211,6AP9
P09211,6GSS
P09211,6LLX
P09211,6Y1E
P09211,7BIA
P09211,7GSS
P09211,7XBA
P09211,8GSS
P09211,9GSS
P09215,1BDY
P09215,7KND
P09215,7KNJ
P09215,7KO6
P09215,7L92
P09215,7LCB
P09215,7LEO
P09215,7LF3
P09216,1GMI
P09217,4MJS
P09326,2EDO
P09382,1GZW
P09382,1W6M
P09382,1W6N
P09382,1W6O
P09382,1W6P
P09382,1W6Q
P09382,2KM2
P09382,2ZKN
P09382,3OY8
P09382,3OYW
P09382,3T2T
P09382,3W58
P09382,3W59
P09382,4Q1P
P09382,4Q1R
P09382,4Q26
P09382,4Q27
P09382,4Q2F
P09382,4XBL
P09382,4Y1U
P09382,4Y1V
P09382,4Y1X
P09382,4Y1Y
P09382,4Y1Z
P09382,4Y20
P09382,4Y22
P09382,4Y24
P09382,5MWT
P09382,5MWX
P09382,6B94
P09382,6F83
P09382,6M5Y
P09382,7LTA
P09382,7NML
P09382,8B0W
P09382,8B0Z
P09382,8OJP
P09382,8R74
P09382,8RDC
P09429,2LY4
P09429,2RTU
P09429,2YRQ
P09429,6CG0
P09429,6CIJ
P09429,6CIK
P09429,6CIL
P09429,6CIM
P09429,6OEM
P09429,6OEN
P09429,6OEO
P09429,8I9M
P09429,9CG9
P09455,5H8T
P09455,5H9A
P09455,5HA1
P09455,5HBS
P09455,5LJB
P09455,5LJC
P09455,5LJD
P09455,5LJE
P09455,5LJG
P09455,5LJH
P09455,5LJK
P09455,6E5L
P09455,6E5T
P09455,6E6M
P09455,8GD2
P09455,8GDM
P09455,8GEM
P09455,8GEU
P09455,8GEV
P09455,8GEY
P09464,1BBP
P09464,1KXO
P09464,1LKE
P09464,1LNM
P09464,1N0S
P09464,1T0V
P09466,4R0B
P09486,1BMO
P09486,1NUB
P09486,1SRA
P09486,2V53
P09496,6E5N
P09527,1VG0
P09527,1VG1
P09527,1VG8
P09527,1VG9
P09543,1WOJ
P09581,3EJJ
P09581,4EXP
P09601,1N3U
P09601,1N45
P09601,1NI6
P09601,1OYK
P09601,1OYL
P09601,1OZE
P09601,1OZL
P09601,1OZR
P09601,1OZW
P09601,1S13
P09601,1S8C
P09601,1T5P
P09601,1TWN
P09601,1TWR
P09601,1XJZ
P09601,1XK0
P09601,1XK1
P09601,1XK2
P09601,1XK3
P09601,3CZY
P09601,3HOK
P09601,3K4F
P09601,3TGM
P09601,4WD4
P09601,5BTQ
P09601,6EHA
P09603,1HMC
P09603,3UEZ
P09603,3UF2
P09603,4ADF
P09603,4FA8
P09603,4WRL
P09603,4WRM
P09603,5LXF
P09620,1AC5
P09622,1ZMC
P09622,1ZMD
P09622,1ZY8
P09622,2F5Z
P09622,3RNM
P09622,5J5Z
P09622,5NHG
P09622,6HG8
P09622,6I4P
P09622,6I4Q
P09622,6I4R
P09622,6I4S
P09622,6I4T
P09622,6I4U
P09622,6I4Z
P09622,7PSC
P09622,7ZYT
P09651,1HA1
P09651,1L3K
P09651,1PGZ
P09651,1PO6
P09651,1U1K
P09651,1U1L
P09651,1U1M
P09651,1U1N
P09651,1U1O
P09651,1U1P
P09651,1U1Q
P09651,1U1R
P09651,1UP1
P09651,2H4M
P09651,2LYV
P09651,2UP1
P09651,4YOE
P09651,5MPG
P09651,5MPL
P09651,5ZGD
P09651,5ZGL
P09651,6BXX
P09651,6DCL
P09651,6J60
P09651,7BX7
P09651,7ZJ2
P09651,8IK7
P09651,8IKB
P09651,8IKP
P09651,8IKS
P09651,8RZV
P09651,8X0N
P09651,9F1S
P09651,9F4D
P09651,9F4G
P09651,9F4H
P09651,9F4J
P09651,9F4K
P09651,9F4L
P09651,9F4N
P09651,9F4O
P09651,9F4P
P09651,9F4Q
P09651,9F4R
P09651,9F4S
P09651,9F4T
P09651,9F4U
P09651,9F4V
P09651,9F4W
P09651,9F4X
P09651,9F4Y
P09651,9F4Z
P09651,9F50
P09651,9F51
P09651,9F52
P09651,9F53
P09651,9F54
P09651,9F55
P09651,9F5C
P09651,9F5D
P09651,9F5E
P09651,9F5F
P09651,9F5G
P09651,9F5K
P09651,9F7F
P09651,9F7H
P09651,9GEA
P09651,9GKF
P09651,9GPJ
P09651,9HQ9
P09651,9HQJ
P09651,9HQL
P09683,6WI9
P09683,6WZG
P09693,7Q5U
P09803,1EDH
P09803,1FF5
P09803,1I7W
P09803,1I7X
P09803,1Q1P
P09803,1SUH
P09803,2OMW
P09803,2QVF
P09803,3LNE
P09803,3LNF
P09803,3LNG
P09803,3LNH
P09803,3LNI
P09803,3Q2L
P09803,3Q2N
P09803,3Q2V
P09803,3QRB
P09803,4QD2
P09803,7AR4
P09838,1JMS
P09838,1KDH
P09838,1KEJ
P09838,4I27
P09838,4I28
P09838,4I29
P09838,4I2A
P09838,4I2B
P09838,4I2C
P09838,4I2D
P09838,4I2E
P09838,4I2F
P09838,4I2G
P09838,4I2H
P09838,4I2I
P09838,4I2J
P09838,4IQT
P09838,4IQU
P09838,4IQV
P09838,4IQW
P09838,4QZ8
P09838,4QZ9
P09838,4QZA
P09838,4QZB
P09838,4QZC
P09838,4QZD
P09838,4QZE
P09838,4QZF
P09838,4QZG
P09838,4QZH
P09838,4QZI
P09838,5D46
P09838,5D49
P09838,5D4B
P09838,6GO3
P09838,6GO4
P09838,6GO5
P09838,6GO6
P09838,6GO7
P09874,1UK0
P09874,1UK1
P09874,1WOK
P09874,2COK
P09874,2CR9
P09874,2CS2
P09874,2DMJ
P09874,2JVN
P09874,2L30
P09874,2L31
P09874,2N8A
P09874,2RCW
P09874,2RD6
P09874,2RIQ
P09874,3GJW
P09874,3GN7
P09874,3L3L
P09874,3L3M
P09874,3OD8
P09874,3ODA
P09874,3ODC
P09874,3ODE
P09874,4AV1
P09874,4DQY
P09874,4GV7
P09874,4HHY
P09874,4HHZ
P09874,4L6S
P09874,4OPX
P09874,4OQA
P09874,4OQB
P09874,4PJT
P09874,4R5W
P09874,4R6E
P09874,4RV6
P09874,4UND
P09874,4UXB
P09874,4XHU
P09874,4ZZZ
P09874,5A00
P09874,5DS3
P09874,5HA9
P09874,5KPN
P09874,5KPO
P09874,5KPP
P09874,5KPQ
P09874,5WRQ
P09874,5WRY
P09874,5WRZ
P09874,5WS0
P09874,5WS1
P09874,5WTC
P09874,5XSR
P09874,5XST
P09874,5XSU
P09874,6BHV
P09874,6GHK
P09874,6M3I
P09874,6NRF
P09874,6NRG
P09874,6NRH
P09874,6NRI
P09874,6NRJ
P09874,6NTU
P09874,6VKK
P09874,6VKO
P09874,6VKQ
P09874,6XVW
P09874,7AAA
P09874,7AAB
P09874,7AAC
P09874,7AAD
P09874,7CMW
P09874,7KK2
P09874,7KK3
P09874,7KK4
P09874,7KK5
P09874,7KK6
P09874,7ONR
P09874,7ONS
P09874,7ONT
P09874,7S68
P09874,7S6H
P09874,7S6M
P09874,7S81
P09874,7SCY
P09874,7SCZ
P09874,8FYY
P09874,8FYZ
P09874,8FZ1
P09874,8G0H
P09874,8HE7
P09874,8HLR
P09874,8JNZ
P09874,8U4W
P09874,8VYH
P09874,9BPY
P09874,9CKC
P09874,9DMC
P09874,9ETQ
P09874,9ETR
P09874,9ILN
P09884,1K0P
P09884,1K18
P09884,1N5G
P09884,4Q5V
P09884,4QCL
P09884,4Y97
P09884,5EXR
P09884,5IUD
P09884,6AS7
P09884,7N2M
P09884,7OPL
P09884,7U5C
P09884,8B9D
P09884,8D0B
P09884,8D0K
P09884,8D96
P09884,8D9D
P09884,8QJ7
P09884,8VY3
P09884,9C8V
P09884,9MJ5
P09913,4G1T
P09914,4HOU
P09914,5UDI
P09914,5UDJ
P09914,5UDK
P09914,5UDL
P09914,5W5H
P09914,5W5I
P09917,3O8Y
P09917,3V92
P09917,3V98
P09917,3V99
P09917,6N2W
P09917,6NCF
P09917,7TTJ
P09917,7TTK
P09917,7TTL
P09936,2ETL
P09936,2LEN
P09936,3IRT
P09936,4DM9
P09936,4JKJ
P09936,7ZM0
P09936,8DY8
P09936,8EDE
P09936,8PW1
P09936,8XI7
P09950,5TXR
P09950,5TXT
P09950,8EIM
P09958,4OMC
P09958,4OMD
P09958,4RYD
P09958,4Z2A
P09958,5JMO
P09958,5JXG
P09958,5JXH
P09958,5JXI
P09958,5JXJ
P09958,5MIM
P09958,6A8Y
P09958,6EQV
P09958,6EQW
P09958,6EQX
P09958,6HLB
P09958,6HLD
P09958,6HLE
P09958,6HZA
P09958,6HZB
P09958,6HZC
P09958,6HZD
P09958,6YD2
P09958,6YD3
P09958,6YD4
P09958,6YD7
P09958,7LCU
P09958,7O1U
P09958,7O1W
P09958,7O1Y
P09958,7O20
P09958,7O22
P09958,7QXY
P09958,7QXZ
P09958,7QY0
P09958,7QY1
P09958,7QY2
P09958,8B4V
P09958,8B4W
P09958,8B4X
P09958,8OYH
P09958,9FID
P09958,9FIE
P09960,1GW6
P09960,1H19
P09960,1HS6
P09960,1SQM
P09960,2R59
P09960,2VJ8
P09960,3B7R
P09960,3B7S
P09960,3B7T
P09960,3B7U
P09960,3CHO
P09960,3CHP
P09960,3CHQ
P09960,3CHR
P09960,3CHS
P09960,3FH5
P09960,3FH7
P09960,3FH8
P09960,3FHE
P09960,3FTS
P09960,3FTU
P09960,3FTV
P09960,3FTW
P09960,3FTX
P09960,3FTY
P09960,3FTZ
P09960,3FU0
P09960,3FU3
P09960,3FU5
P09960,3FU6
P09960,3FUD
P09960,3FUE
P09960,3FUF
P09960,3FUH
P09960,3FUI
P09960,3FUJ
P09960,3FUK
P09960,3FUL
P09960,3FUM
P09960,3FUN
P09960,3U9W
P09960,4DPR
P09960,4L2L
P09960,4MKT
P09960,4MS6
P09960,4R7L
P09960,4RSY
P09960,4RVB
P09960,5AEN
P09960,5BPP
P09960,5FWQ
P09960,5N3W
P09960,5NI2
P09960,5NI4
P09960,5NI6
P09960,5NIA
P09960,5NID
P09960,5NIE
P09960,6ENB
P09960,6ENC
P09960,6END
P09960,6O5H
P09960,7AUZ
P09960,7AV0
P09960,7AV1
P09960,7AV2
P09960,7KZE
P09960,7LLQ
P09960,8AVA
P09960,8AWH
P09960,8QOW
P09960,8QPN
P09960,8QQ4
P09960,8RX3
P09960,8RX7
P09960,8RX9
P09960,8TWX
P09981,5MOU
P0C0L4,1HZF
P0C0L4,5JPM
P0C0L4,5JPN
P0C0L4,5JTW
P0C0L4,6YSQ
P0C0L4,7B2M
P0C0L4,7B2P
P0C0L4,7B2Q
P0C174,2MSF
P0C1W6,7TXF
P0C1Y9,1FAS
P0C1Z0,1FSC
P0C1Z0,1FSS
P0C1Z0,1KU6
P0C1Z0,1MAH
P0C201,1X5V
P0C247,2A2V
P0C250,2M6G
P0C250,2M6H
P0C6G6,1YIV
P0C870,5NFN
P0C870,5NFO
P0C908,6ATM
P0CAP1,2KXS
P0CB20,4U5B
P0CB20,4U5C
P0CB20,4U5D
P0CB20,4U5E
P0CB20,4U5F
P0CB20,4U5G
P0CB20,4U5H
P0CC17,5TS5
P0CE80,3RLG
P0CE80,3RLH
P0CF96,6L80
P0CG29,4MPF
P0CG30,1LJR
P0CG30,2LJR
P0CG30,3LJR
P0CG30,4MPG
P0CG47,2KHW
P0CG47,2MBB
P0CG47,2MRO
P0CG47,2MSG
P0CG47,2N13
P0CG47,4UEL
P0CG47,4UF6
P0CG47,4WHV
P0CG47,4WLR
P0CG47,4WUR
P0CG47,4XOF
P0CG47,4ZFR
P0CG47,4ZFT
P0CG47,4ZPZ
P0CG47,4ZUX
P0CG47,5BNB
P0CG47,5CAW
P0CG47,5CRA
P0CG47,5CVM
P0CG47,5CVN
P0CG47,5CVO
P0CG47,5D0K
P0CG47,5D0M
P0CG47,5DFL
P0CG47,5DK8
P0CG47,5E6J
P0CG47,5EDV
P0CG47,5EMZ
P0CG47,5EYA
P0CG47,5GJQ
P0CG47,5GO7
P0CG47,5GO8
P0CG47,5GOB
P0CG47,5GOC
P0CG47,5GOD
P0CG47,5GOG
P0CG47,5GOH
P0CG47,5GOI
P0CG47,5GOJ
P0CG47,5GOK
P0CG47,5H7S
P0CG47,5IBK
P0CG47,5IFR
P0CG47,5JBY
P0CG47,5JG6
P0CG47,5JP3
P0CG47,5JTJ
P0CG47,5JTV
P0CG47,5K9P
P0CG47,5KGF
P0CG47,5KHY
P0CG47,5KYC
P0CG47,5KYD
P0CG47,5KYE
P0CG47,5KYF
P0CG47,5L8H
P0CG47,5L8W
P0CG47,5L9T
P0CG47,5LN1
P0CG47,5LRV
P0CG47,5LRW
P0CG47,5LRX
P0CG47,5M93
P0CG47,5MNJ
P0CG47,5N2W
P0CG47,5N38
P0CG47,5NL5
P0CG47,5NLJ
P0CG47,5NVG
P0CG47,5O44
P0CG47,5O6T
P0CG47,5OHK
P0CG47,5OHL
P0CG47,5OHN
P0CG47,5OHP
P0CG47,5TOF
P0CG47,5TOG
P0CG47,5TUT
P0CG47,5TXK
P0CG47,5UJL
P0CG47,5UJN
P0CG47,5ULF
P0CG47,5ULH
P0CG47,5ULK
P0CG47,5V1Y
P0CG47,5V1Z
P0CG47,5VEY
P0CG47,5VF0
P0CG47,5VNZ
P0CG47,5VO0
P0CG47,5VZM
P0CG47,5VZW
P0CG47,5W46
P0CG47,5WFI
P0CG47,5X3M
P0CG47,5X3N
P0CG47,5X3O
P0CG47,5XBO
P0CG47,5XDP
P0CG47,5XK4
P0CG47,5XK5
P0CG47,5XPK
P0CG47,5YDR
P0CG47,5YIJ
P0CG47,5YIK
P0CG47,5YMY
P0CG47,5YT6
P0CG47,5ZBU
P0CG47,5ZD0
P0CG47,6ASR
P0CG47,6BVA
P0CG47,6BYH
P0CG47,6C16
P0CG47,6CP2
P0CG47,6DGF
P0CG47,6EI1
P0CG47,6FDK
P0CG47,6FGE
P0CG47,6FTX
P0CG47,6FX4
P0CG47,6FYH
P0CG47,6GLC
P0CG47,6GZS
P0CG47,6H4H
P0CG47,6HEI
P0CG47,6HEK
P0CG47,6IF1
P0CG47,6ISU
P0CG47,6JB6
P0CG47,6JB7
P0CG47,6JMA
P0CG47,6K4I
P0CG47,6K9P
P0CG47,6KOW
P0CG47,6KOX
P0CG47,6LP2
P0CG47,6MSB
P0CG47,6MSD
P0CG47,6MSE
P0CG47,6MSG
P0CG47,6N13
P0CG47,6NJ9
P0CG47,6NJG
P0CG47,6O96
P0CG47,6OAM
P0CG47,6PGV
P0CG47,6PZV
P0CG47,6QF8
P0CG47,6QK9
P0CG47,6QML
P0CG47,6TBM
P0CG47,6UH5
P0CG47,6XAA
P0CG47,6XQC
P0CG47,6XZ1
P0CG47,7AY2
P0CG47,7BBD
P0CG47,7BU0
P0CG47,7CAP
P0CG47,7DNI
P0CG47,7DNJ
P0CG47,7E8I
P0CG47,7F7X
P0CG47,7JMS
P0CG47,7LYC
P0CG47,7M2K
P0CG47,7MC9
P0CG47,7MEY
P0CG47,7MYF
P0CG47,7MYH
P0CG47,7NBB
P0CG47,7NPO
P0CG47,7OJE
P0CG47,7OJX
P0CG47,7QO4
P0CG47,7QO5
P0CG47,7RBR
P0CG47,7RMA
P0CG47,7UD5
P0CG47,7US1
P0CG47,7UV5
P0CG47,7W38
P0CG47,7W39
P0CG47,7W3A
P0CG47,7W3B
P0CG47,7W3C
P0CG47,7W3F
P0CG47,7W3G
P0CG47,7W3H
P0CG47,7W3I
P0CG47,7W3J
P0CG47,7W3K
P0CG47,7W3M
P0CG47,7W3U
P0CG47,7W54
P0CG47,7XCR
P0CG47,7XCT
P0CG47,7YQK
P0CG47,8A67
P0CG47,8BS9
P0CG47,8C07
P0CG47,8C61
P0CG47,8CMR
P0CG47,8DMQ
P0CG47,8DMS
P0CG47,8DU4
P0CG47,8EFW
P0CG47,8EFX
P0CG47,8EHO
P0CG47,8G6G
P0CG47,8G6H
P0CG47,8G6Q
P0CG47,8G6S
P0CG47,8GRM
P0CG47,8H1T
P0CG47,8HQY
P0CG47,8IC9
P0CG47,8ITP
P0CG47,8J1P
P0CG47,8K0G
P0CG47,8OYP
P0CG47,8PP6
P0CG47,8Q00
P0CG47,8RQI
P0CG47,8SN3
P0CG47,8SN4
P0CG47,8SN5
P0CG47,8SN6
P0CG47,8SN7
P0CG47,8SN8
P0CG47,8SN9
P0CG47,8SNA
P0CG47,8T2D
P0CG47,8TXV
P0CG47,8TXW
P0CG47,8TXX
P0CG47,8V25
P0CG47,8V26
P0CG47,8V27
P0CG47,8V28
P0CG47,8W31
P0CG47,8WG5
P0CG47,8XEP
P0CG47,9AVT
P0CG47,9AVW
P0CG47,9AZJ
P0CG47,9B0Z
P0CG47,9B12
P0CG47,9C5E
P0CG47,9EMK
P0CG47,9F5T
P0CG47,9FN4
P0CG47,9FPA
P0CG47,9G7G
P0CG47,9GKM
P0CG47,9HNW
P0CG48,1C3T
P0CG48,1CMX
P0CG48,1D3Z
P0CG48,1F9J
P0CG48,1FXT
P0CG48,1G6J
P0CG48,1GJZ
P0CG48,1NBF
P0CG48,1OGW
P0CG48,1Q5W
P0CG48,1S1Q
P0CG48,1SIF
P0CG48,1TBE
P0CG48,1UBI
P0CG48,1UBQ
P0CG48,1UD7
P0CG48,1XD3
P0CG48,1XQQ
P0CG48,1YX5
P0CG48,1YX6
P0CG48,1ZGU
P0CG48,2AYO
P0CG48,2BGF
P0CG48,2DEN
P0CG48,2FUH
P0CG48,2G45
P0CG48,2GBJ
P0CG48,2GBK
P0CG48,2GBM
P0CG48,2GBN
P0CG48,2GBR
P0CG48,2GMI
P0CG48,2HTH
P0CG48,2IBI
P0CG48,2J7Q
P0CG48,2JF5
P0CG48,2JRI
P0CG48,2JY6
P0CG48,2JZZ
P0CG48,2K25
P0CG48,2K6D
P0CG48,2K8B
P0CG48,2K8C
P0CG48,2KDF
P0CG48,2KJH
P0CG48,2KLG
P0CG48,2KN5
P0CG48,2KX0
P0CG48,2L3Z
P0CG48,2LD9
P0CG48,2LVO
P0CG48,2LVP
P0CG48,2LVQ
P0CG48,2LZ6
P0CG48,2MBO
P0CG48,2MBQ
P0CG48,2MCN
P0CG48,2MI8
P0CG48,2MJ5
P0CG48,2MOR
P0CG48,2MRE
P0CG48,2MWS
P0CG48,2N2K
P0CG48,2NR2
P0CG48,2O6V
P0CG48,2OJR
P0CG48,2PE9
P0CG48,2PEA
P0CG48,2RR9
P0CG48,2RU6
P0CG48,2W9N
P0CG48,2WDT
P0CG48,2XEW
P0CG48,2Y5B
P0CG48,2Z59
P0CG48,2ZCB
P0CG48,2ZVN
P0CG48,2ZVO
P0CG48,3A33
P0CG48,3ALB
P0CG48,3AUL
P0CG48,3B08
P0CG48,3B0A
P0CG48,3BY4
P0CG48,3C0R
P0CG48,3DVG
P0CG48,3DVN
P0CG48,3EEC
P0CG48,3EFU
P0CG48,3EHV
P0CG48,3H7P
P0CG48,3H7S
P0CG48,3HM3
P0CG48,3I3T
P0CG48,3IFW
P0CG48,3IHP
P0CG48,3JSV
P0CG48,3JVZ
P0CG48,3JW0
P0CG48,3K9O
P0CG48,3K9P
P0CG48,3KVF
P0CG48,3KW5
P0CG48,3LDZ
P0CG48,3MHS
P0CG48,3MTN
P0CG48,3N30
P0CG48,3N32
P0CG48,3N3K
P0CG48,3NS8
P0CG48,3O65
P0CG48,3OFI
P0CG48,3OJ3
P0CG48,3OJ4
P0CG48,3ONS
P0CG48,3PRM
P0CG48,3PT2
P0CG48,3PTF
P0CG48,3Q3F
P0CG48,3RUL
P0CG48,3TMP
P0CG48,3U30
P0CG48,3UGB
P0CG48,3V6C
P0CG48,3V6E
P0CG48,3VFK
P0CG48,3VUW
P0CG48,3VUX
P0CG48,3VUY
P0CG48,3WXE
P0CG48,3WXF
P0CG48,3ZLZ
P0CG48,3ZNH
P0CG48,3ZNI
P0CG48,3ZNZ
P0CG48,4AP4
P0CG48,4AUQ
P0CG48,4BOS
P0CG48,4BOZ
P0CG48,4BVU
P0CG48,4DDG
P0CG48,4DDI
P0CG48,4DHJ
P0CG48,4DHZ
P0CG48,4FJV
P0CG48,4HK2
P0CG48,4HXD
P0CG48,4I6L
P0CG48,4I6N
P0CG48,4IG7
P0CG48,4IUM
P0CG48,4JQW
P0CG48,4K1R
P0CG48,4K7S
P0CG48,4K7U
P0CG48,4K7W
P0CG48,4KSK
P0CG48,4KSL
P0CG48,4LCD
P0CG48,4LDT
P0CG48,4MDK
P0CG48,4MM3
P0CG48,4MSM
P0CG48,4MSQ
P0CG48,4NQK
P0CG48,4UN2
P0CG48,4V3K
P0CG48,4V3L
P0CG48,4WZP
P0CG48,4XOK
P0CG48,4XOL
P0CG48,4ZQS
P0CG48,5A5B
P0CG48,5AF4
P0CG48,5AF5
P0CG48,5AF6
P0CG48,5AIT
P0CG48,5AIU
P0CG48,5B83
P0CG48,5C7J
P0CG48,5C7M
P0CG48,5H07
P0CG48,5NL4
P0CG48,5NLF
P0CG48,5NLI
P0CG48,5NMC
P0CG48,5OE7
P0CG48,5OHV
P0CG48,5OXH
P0CG48,5OXI
P0CG48,5UDH
P0CG48,5WQ4
P0CG48,5ZQ3
P0CG48,5ZQ4
P0CG48,5ZQ5
P0CG48,5ZQ6
P0CG48,5ZQ7
P0CG48,6A43
P0CG48,6A44
P0CG48,6AQR
P0CG48,6B7M
P0CG48,6B7O
P0CG48,6EQI
P0CG48,6K2U
P0CG48,6KBE
P0CG48,6N6R
P0CG48,6NQA
P0CG48,6NXK
P0CG48,6OI4
P0CG48,6P5B
P0CG48,6Q00
P0CG48,6RYA
P0CG48,6S53
P0CG48,6SQR
P0CG48,6T7F
P0CG48,6T9L
P0CG48,6TNF
P0CG48,6TTU
P0CG48,6TUV
P0CG48,6TXB
P0CG48,6ULH
P0CG48,6UMP
P0CG48,6UMS
P0CG48,6UPU
P0CG48,6V5D
P0CG48,6VAE
P0CG48,6VAF
P0CG48,6VEN
P0CG48,6W9D
P0CG48,6W9R
P0CG48,6W9S
P0CG48,6WJD
P0CG48,6WKR
P0CG48,6WTG
P0CG48,6YPT
P0CG48,6Z7V
P0CG48,7B5L
P0CG48,7B5M
P0CG48,7B5N
P0CG48,7BBF
P0CG48,7BXG
P0CG48,7EAL
P0CG48,7EAO
P0CG48,7EB9
P0CG48,7JXV
P0CG48,7K6P
P0CG48,7K6Q
P0CG48,7KEO
P0CG48,7M4M
P0CG48,7M4N
P0CG48,7M4O
P0CG48,7MEX
P0CG48,7MIC
P0CG48,7NPI
P0CG48,7OWD
P0CG48,7R70
P0CG48,7R71
P0CG48,7TV4
P0CG48,7UYH
P0CG48,7YUI
P0CG48,7ZF1
P0CG48,7ZJ3
P0CG48,8A9J
P0CG48,8A9K
P0CG48,8ADB
P0CG48,8AMS
P0CG48,8B3G
P0CG48,8B3I
P0CG48,8E7O
P0CG48,8EAZ
P0CG48,8EB0
P0CG48,8FTQ
P0CG48,8JRT
P0CG48,8JTI
P0CG48,8K6E
P0CG48,8K6F
P0CG48,8K6I
P0CG48,8K6R
P0CG48,8K6V
P0CG48,8OFF
P0CG48,8PJN
P0CG48,8PMQ
P0CG48,8PQL
P0CG48,8Q06
P0CG48,8Q7R
P0CG48,8R5H
P0CG48,8RX0
P0CG48,8SSI
P0CG48,8ST7
P0CG48,8ST8
P0CG48,8ST9
P0CG48,8SVF
P0CG48,8T48
P0CG48,8U5H
P0CG48,9D1I
P0CG48,9D1Y
P0CG48,9D1Z
P0CG48,9D8P
P0CG48,9DBY
P0CG48,9DDE
P0CG48,9DG3
P0CG48,9DNS
P0CG48,9EBS
P0CG48,9EGV
P0CG48,9EGW
P0CG48,9ERZ
P0CG48,9F6G
P0CG48,9FCI
P0CG48,9FCJ
P0CG48,9FJ3
P0CG48,9FJ4
P0CG48,9GKN
P0CG48,9ISZ
P0CG48,9KHS
P0CG48,9KHT
P0CG48,9M7O
P0CG48,9N1F
P0CG48,9O4M
P0CG48,9OFV
P0CG48,9Q8Y
P0CG48,9UV6
P0CH08,6EF3
P0CH08,6NYO
P0CH08,6OA9
P0CH08,6OAA
P0CH08,8DAS
P0CH08,8HTD
P0CH08,8HTE
P0CH09,6NZO
P0CH09,6PX1
P0CH09,6PX3
P0CH43,2N9Z
P0CH43,2NAJ
P0CH43,6CUC
P0CS83,1EAG
P0CS83,1ZAP
P0CS83,3PVK
P0CS83,3Q70
P0CU33,1IZD
P0CU33,1IZE
P0CX29,4V7H
P0CX41,2X7N
P0CX41,7NAF
P0CX43,2NOQ
P0CX43,3J0P
P0CX43,3J0Q
P0CX43,7R7C
P0CY27,2QZW
P0DI84,3KVE
P0DJ08,2KYJ
P0DJ41,2NDD
P0DJI8,4IP8
P0DJI8,4IP9
P0DJI8,6MST
P0DJI8,7ZKY
P0DJJ9,6AL3
P0DKH5,4C6S
P0DKH5,4C6T
P0DKS3,2MFA
P0DL36,2MUN
P0DL36,2MZ4
P0DL37,6MZT
P0DM21,2UZ6
P0DM21,6OTA
P0DMM9,1CJM
P0DMM9,2A3R
P0DMV8,1HJO
P0DMV8,1S3X
P0DMV8,1XQS
P0DMV8,2E88
P0DMV8,2E8A
P0DMV8,2LMG
P0DMV8,3A8Y
P0DMV8,3ATU
P0DMV8,3ATV
P0DMV8,3AY9
P0DMV8,3D2E
P0DMV8,3D2F
P0DMV8,3JXU
P0DMV8,3LOF
P0DMV8,3Q49
P0DMV8,4IO8
P0DMV8,4J8F
P0DMV8,4PO2
P0DMV8,4WV5
P0DMV8,4WV7
P0DMV8,5AQW
P0DMV8,5AQX
P0DMV8,5AQY
P0DMV8,5AQZ
P0DMV8,5AR0
P0DMV8,5BN8
P0DMV8,5BN9
P0DMV8,5BPL
P0DMV8,5BPM
P0DMV8,5BPN
P0DMV8,5GJJ
P0DMV8,5MKR
P0DMV8,5MKS
P0DMV8,5XI9
P0DMV8,5XIR
P0DMV8,6FHK
P0DMV8,6G3R
P0DMV8,6G3S
P0DMV8,6JPV
P0DMV8,6K39
P0DMV8,6ZYI
P0DMV8,7FGM
P0DMV8,7GY4
P0DMV8,7GY5
P0DMV8,7GY6
P0DMV8,7GY7
P0DMV8,7GY8
P0DMV8,7GY9
P0DMV8,7GYA
P0DMV8,7GYB
P0DMV8,7GYC
P0DMV8,7GYD
P0DMV8,7GYE
P0DMV8,7GYF
P0DMV8,7GYG
P0DMV8,7GYH
P0DMV8,7GYI
P0DMV8,7GYJ
P0DMV8,7GYK
P0DMV8,7GYL
P0DMV8,7GYM
P0DMV8,7GYN
P0DMV8,7GYO
P0DMV8,7GYP
P0DMV8,7GYQ
P0DMV8,7GYR
P0DMV8,7GYS
P0DMV8,7GYT
P0DMV8,7GYU
P0DMV8,7GYV
P0DMV8,7GYW
P0DMV8,7GYX
P0DMV8,7Q4R
P0DMV8,9DYA
P0DMV9,6FDT
P0DMV9,7F4X
P0DMV9,7F4Z
P0DMV9,7F50
P0DOV2,5YZP
P0DOV2,5YZW
P0DOV2,5Z7D
P0DOV2,6OE9
P0DOX7,5VIC
P0DOX7,5VIG
P0DOX7,5W1K
P0DOX7,6MSY
P0DOX7,6MU3
P0DOX7,6MUB
P0DOX7,6N2X
P0DOX7,6N32
P0DOX7,6NQD
P0DOX7,6UOE
P0DOX7,6UTA
P0DOX7,6UTE
P0DOX7,8BBO
P0DOX7,8XKJ
P0DOY2,1JVK
P0DOY2,1LIL
P0DOY2,3C2A
P0DOY2,4LLU
P0DOY2,4LLW
P0DOY2,4LLY
P0DOY2,4O58
P0DOY2,4O5I
P0DOY2,6UMX
P0DOY2,8ECQ
P0DOY2,8ECV
P0DOY2,8ECZ
P0DOY2,8ED1
P0DOY2,8EDF
P0DOY2,8XLC
P0DOY3,4O5L
P0DOY3,4R26
P0DOY3,7FAB
P0DOY3,8XLB
P0DP01,7CZY
P0DP01,7CZZ
P0DP23,1CDL
P0DP23,1CLL
P0DP23,1CTR
P0DP23,1IWQ
P0DP23,1J7O
P0DP23,1J7P
P0DP23,1K90
P0DP23,1K93
P0DP23,1L7Z
P0DP23,1LVC
P0DP23,1NKF
P0DP23,1PK0
P0DP23,1S26
P0DP23,1SK6
P0DP23,1SW8
P0DP23,1UP5
P0DP23,1WRZ
P0DP23,1XFU
P0DP23,1XFV
P0DP23,1XFW
P0DP23,1XFX
P0DP23,1XFY
P0DP23,1XFZ
P0DP23,1Y6W
P0DP23,1YR5
P0DP23,1YRT
P0DP23,1YRU
P0DP23,1ZOT
P0DP23,1ZUZ
P0DP23,2BE6
P0DP23,2F3Y
P0DP23,2F3Z
P0DP23,2HF5
P0DP23,2I08
P0DP23,2K0E
P0DP23,2K0F
P0DP23,2K0J
P0DP23,2K61
P0DP23,2KUG
P0DP23,2KUH
P0DP23,2L7L
P0DP23,2LL6
P0DP23,2LL7
P0DP23,2LQC
P0DP23,2LQP
P0DP23,2LV6
P0DP23,2M0J
P0DP23,2M0K
P0DP23,2M55
P0DP23,2MG5
P0DP23,2N27
P0DP23,2N6A
P0DP23,2N77
P0DP23,2N8J
P0DP23,2V01
P0DP23,2V02
P0DP23,2VAY
P0DP23,2WEL
P0DP23,2X0G
P0DP23,2Y4V
P0DP23,3DVE
P0DP23,3DVJ
P0DP23,3DVK
P0DP23,3DVM
P0DP23,3EVV
P0DP23,3G43
P0DP23,3HR4
P0DP23,3O77
P0DP23,3O78
P0DP23,3OXQ
P0DP23,3UCT
P0DP23,3UCW
P0DP23,3UCY
P0DP23,4BW7
P0DP23,4BW8
P0DP23,4GOW
P0DP23,4L79
P0DP23,4LZX
P0DP23,4M1L
P0DP23,4Q57
P0DP23,4UPU
P0DP23,5COC
P0DP23,5DSU
P0DP23,5GGM
P0DP23,5I0I
P0DP23,5J8H
P0DP23,5JQA
P0DP23,5JTH
P0DP23,5TP5
P0DP23,5TP6
P0DP23,5V02
P0DP23,5V03
P0DP23,5V7X
P0DP23,5WBX
P0DP23,5WC5
P0DP23,6B8L
P0DP23,6B8M
P0DP23,6B8N
P0DP23,6B8P
P0DP23,6C1D
P0DP23,6C1G
P0DP23,6C1H
P0DP23,6DAD
P0DP23,6DAE
P0DP23,6DAF
P0DP23,6DAH
P0DP23,6EEB
P0DP23,6GDK
P0DP23,6GDL
P0DP23,6JI8
P0DP23,6JII
P0DP23,6JIU
P0DP23,6JIY
P0DP23,6JRS
P0DP23,6JV2
P0DP23,6K4K
P0DP23,6K4L
P0DP23,6K4R
P0DP23,6M2W
P0DP23,6M7H
P0DP23,6N5W
P0DP23,6O5G
P0DP23,6OS4
P0DP23,6PAW
P0DP23,6TV7
P0DP23,6U39
P0DP23,6U3A
P0DP23,6U3B
P0DP23,6U3D
P0DP23,6X32
P0DP23,6X33
P0DP23,6X35
P0DP23,6X36
P0DP23,6XXX
P0DP23,6XY3
P0DP23,6XYR
P0DP23,6Y4P
P0DP23,6Y94
P0DP23,6Y95
P0DP23,6YA9
P0DP23,6YNS
P0DP23,6YNU
P0DP23,6ZBI
P0DP23,7AUG
P0DP23,7BF1
P0DP23,7BF2
P0DP23,7KL5
P0DP23,7L8V
P0DP23,7PSZ
P0DP23,7PU9
P0DP23,7SHQ
P0DP23,7T2Q
P0DP23,7TCI
P0DP23,7TCP
P0DP23,7U9T
P0DP23,7UA3
P0DP23,7UA4
P0DP23,7VMB
P0DP23,7VUR
P0DP23,7VUS
P0DP23,7VUT
P0DP23,7VUU
P0DP23,7WR3
P0DP23,7WZS
P0DP23,7XN4
P0DP23,7XN5
P0DP23,7XN6
P0DP23,7ZRP
P0DP23,7ZRQ
P0DP23,8AHS
P0DP23,8B6Q
P0DP23,8BFG
P0DP23,8DGH
P0DP23,8DGK
P0DP23,8DUJ
P0DP23,8DVE
P0DP23,8FNY
P0DP23,8FO6
P0DP23,8GM4
P0DP23,8GM5
P0DP23,8JFK
P0DP23,8ODZ
P0DP23,8OE0
P0DP23,8PB1
P0DP23,8UXL
P0DP23,8UXM
P0DP23,8XJI
P0DP23,8XKH
P0DP23,8XLF
P0DP23,8XLH
P0DP23,8XYA
P0DP23,8XYB
P0DP23,8Y40
P0DP23,9JQI
P0DP23,9K8W
P0DP23,9K8X
P0DP24,5VMS
P0DP24,5WSU
P0DP24,5WSV
P0DP24,6PLM
P0DP24,6S5T
P0DP24,6SZ5
P0DP24,6XXF
P0DP24,6Y4O
P0DP24,7MIR
P0DP24,7MIS
P0DP24,7PPO
P0DP24,7PQE
P0DP24,8K9Z
P0DP24,8KA0
P0DP24,8KA1
P0DP25,6K67
P0DP25,7BYL
P0DP25,7BYM
P0DP25,7BYN
P0DP25,7VNP
P0DP25,7VNQ
P0DP25,7VNR
P0DP25,8BD2
P0DP25,8Z5M
P0DP25,8Z5P
P0DP25,8Z5Q
P0DP25,8Z5R
P0DP25,8Z5T
P0DP26,2DFS
P0DP26,2IX7
P0DP26,4E50
P0DP26,4E53
P0DP26,4HEX
P0DP26,4ZLK
P0DP26,7B1G
P0DP26,7CQP
P0DP26,7YV9
P0DP26,8OF8
P0DP26,9CFU
P0DP26,9CFV
P0DP26,9CFW
P0DP26,9CFX
P0DP57,2N99
P0DQN8,6OHX
P0DQP5,7AY8
P0DQT6,6X5X
P0DSL4,7R6P
P0DTS8,4K09
P0DW10,8JYY
P10081,1FUK
P10081,1FUU
P10081,1QDE
P10081,1QVA
P10081,2VSO
P10081,2VSX
P10109,3N9Y
P10109,3N9Z
P10109,3NA0
P10109,3NA1
P10109,3P1M
P10109,7M8I
P10144,1FQ3
P10144,1IAU
P10152,1AGI
P10152,1GIO
P10275,1E3G
P10275,1GS4
P10275,1T5Z
P10275,1T63
P10275,1T65
P10275,1XJ7
P10275,1XOW
P10275,1XQ3
P10275,1Z95
P10275,2AM9
P10275,2AMA
P10275,2AMB
P10275,2AO6
P10275,2AX6
P10275,2AX7
P10275,2AX8
P10275,2AX9
P10275,2AXA
P10275,2HVC
P10275,2OZ7
P10275,2PIO
P10275,2PIP
P10275,2PIQ
P10275,2PIR
P10275,2PIT
P10275,2PIU
P10275,2PIV
P10275,2PIW
P10275,2PIX
P10275,2PKL
P10275,2PNU
P10275,2Q7I
P10275,2Q7J
P10275,2Q7K
P10275,2Q7L
P10275,2YHD
P10275,2YLO
P10275,2YLP
P10275,2YLQ
P10275,2Z4J
P10275,3B5R
P10275,3B65
P10275,3B66
P10275,3B67
P10275,3B68
P10275,3BTR
P10275,3L3X
P10275,3L3Z
P10275,3RLJ
P10275,3RLL
P10275,3V49
P10275,3V4A
P10275,3ZQT
P10275,4HLW
P10275,4K7A
P10275,4OEA
P10275,4OED
P10275,4OEY
P10275,4OEZ
P10275,4OFR
P10275,4OFU
P10275,4OGH
P10275,4OH5
P10275,4OH6
P10275,4OHA
P10275,4OIL
P10275,4OIU
P10275,4OJ9
P10275,4OJB
P10275,4OK1
P10275,4OKB
P10275,4OKT
P10275,4OKW
P10275,4OKX
P10275,4OLM
P10275,4QL8
P10275,5CJ6
P10275,5JJM
P10275,5T8E
P10275,5T8J
P10275,5V8Q
P10275,5VO4
P10275,7ZTX
P10275,7ZTZ
P10275,7ZU1
P10275,7ZU2
P10275,8E1A
P10275,8FGY
P10275,8FGZ
P10275,8FH0
P10275,8FH1
P10275,8FH2
P10275,8RM6
P10275,8RM7
P10276,1DKF
P10276,1DSZ
P10276,3A9E
P10276,3KMR
P10276,3KMZ
P10276,4DQM
P10276,5K13
P10276,6XWG
P10276,7AOS
P10276,7APO
P10276,7QAA
P10276,7WQQ
P10276,9GFE
P10276,9GFI
P10321,1EFX
P10321,1IM9
P10321,1QQD
P10321,3BZF
P10321,4NT6
P10321,5VGD
P10321,5VGE
P10321,5W67
P10321,5W69
P10321,5W6A
P10321,6JTO
P10321,6PA1
P10321,6PAG
P10415,1G5M
P10415,1GJH
P10415,1YSW
P10415,2O21
P10415,2O22
P10415,2O2F
P10415,2W3L
P10415,2XA0
P10415,4AQ3
P10415,4IEH
P10415,4LVT
P10415,4LXD
P10415,4MAN
P10415,5AGW
P10415,5AGX
P10415,5FCG
P10415,5JSN
P10415,6GL8
P10415,6IWB
P10415,6O0K
P10415,6O0L
P10415,6O0M
P10415,6O0O
P10415,6O0P
P10415,7LHB
P10415,7Y90
P10415,7YA5
P10415,8FY1
P10415,8FY2
P10415,8HLL
P10415,8HLM
P10415,8HLN
P10415,8HOG
P10415,8HOH
P10415,8HOI
P10415,8HTR
P10415,8HTS
P10415,8IQL
P10415,8U27
P10415,8VWX
P10415,8VWZ
P10415,8VXM
P10415,8VXN
P10507,1HR6
P10507,1HR7
P10507,1HR9
P10591,5LYN
P10591,5Z8I
P10591,5Z8Q
P10599,1AIU
P10599,1AUC
P10599,1CQG
P10599,1CQH
P10599,1ERT
P10599,1ERU
P10599,1ERV
P10599,1ERW
P10599,1M7T
P10599,1MDI
P10599,1MDJ
P10599,1MDK
P10599,1TRS
P10599,1TRU
P10599,1TRV
P10599,1TRW
P10599,2HSH
P10599,2HXK
P10599,2IFQ
P10599,2IIY
P10599,3E3E
P10599,3KD0
P10599,3M9J
P10599,3M9K
P10599,3QFA
P10599,3QFB
P10599,3TRX
P10599,4LL1
P10599,4LL4
P10599,4OO4
P10599,4OO5
P10599,4POK
P10599,4POL
P10599,4POM
P10599,4PUF
P10599,4TRX
P10599,5DQY
P10606,5Z62
P10614,4LXJ
P10614,5EQB
P10614,7RY8
P10614,7RY9
P10614,7RYA
P10614,7RYB
P10614,7RYX
P10614,8DL4
P10614,8VK6
P10635,2F9Q
P10635,3QM4
P10635,3TBG
P10635,3TDA
P10635,4WNT
P10635,4WNU
P10635,4WNV
P10635,4WNW
P10635,4XRY
P10635,4XRZ
P10635,5TFT
P10635,5TFU
P10635,6CSB
P10635,6CSD
P10636,1I8H
P10636,2MZ7
P10636,2ON9
P10636,3OVL
P10636,4E0M
P10636,4E0N
P10636,4E0O
P10636,4FL5
P10636,4GLR
P10636,4NP8
P10636,4TQE
P10636,4Y32
P10636,4Y5I
P10636,5DMG
P10636,5E2V
P10636,5E2W
P10636,5HF3
P10636,5K7N
P10636,5MO3
P10636,5MP1
P10636,5MP3
P10636,5MP5
P10636,5N5A
P10636,5N5B
P10636,5NVB
P10636,5O3L
P10636,5O3O
P10636,5O3T
P10636,5V5B
P10636,5V5C
P10636,5ZIA
P10636,5ZV3
P10636,6BB4
P10636,6CVJ
P10636,6CVN
P10636,6DC8
P10636,6DC9
P10636,6DCA
P10636,6FBW
P10636,6FI5
P10636,6GK7
P10636,6GK8
P10636,6GX5
P10636,6H06
P10636,6HRE
P10636,6HRF
P10636,6LRA
P10636,6N4P
P10636,6NK4
P10636,6NWP
P10636,6NWQ
P10636,6ODG
P10636,6PXR
P10636,6QJH
P10636,6QJM
P10636,6QJP
P10636,6QJQ
P10636,6TJO
P10636,6TJX
P10636,6VH7
P10636,6VHA
P10636,6VHL
P10636,6VI3
P10636,6XLI
P10636,7EYC
P10636,7KQK
P10636,7MKF
P10636,7MKG
P10636,7MKH
P10636,7NRQ
P10636,7NRS
P10636,7NRT
P10636,7NRV
P10636,7NRX
P10636,7P65
P10636,7P66
P10636,7P67
P10636,7P68
P10636,7P6A
P10636,7P6B
P10636,7P6C
P10636,7P6D
P10636,7P6E
P10636,7PQC
P10636,7PQP
P10636,7QJV
P10636,7QJW
P10636,7QJX
P10636,7QJY
P10636,7QJZ
P10636,7QK1
P10636,7QK2
P10636,7QK3
P10636,7QK5
P10636,7QK6
P10636,7QKF
P10636,7QKG
P10636,7QKH
P10636,7QKI
P10636,7QKJ
P10636,7QKK
P10636,7QKL
P10636,7QKM
P10636,7QKU
P10636,7QKV
P10636,7QKW
P10636,7QKX
P10636,7QKY
P10636,7QKZ
P10636,7QL0
P10636,7QL1
P10636,7QL2
P10636,7QL3
P10636,7QL4
P10636,7R4T
P10636,7R5H
P10636,7SP1
P10636,7U0Z
P10636,7UPE
P10636,7UPF
P10636,7UPG
P10636,7YMN
P10636,7YPG
P10636,8AZU
P10636,8BGS
P10636,8BGV
P10636,8BYN
P10636,8CAQ
P10636,8CAX
P10636,8FNZ
P10636,8FUG
P10636,8FYU
P10636,8G54
P10636,8G55
P10636,8G58
P10636,8GCK
P10636,8KDX
P10636,8OH2
P10636,8OHI
P10636,8OHP
P10636,8OI0
P10636,8OP0
P10636,8OPI
P10636,8ORE
P10636,8ORF
P10636,8ORG
P10636,8OT6
P10636,8OT9
P10636,8OTC
P10636,8OTG
P10636,8OTH
P10636,8OTI
P10636,8OTJ
P10636,8P34
P10636,8PII
P10636,8PPO
P10636,8Q27
P10636,8Q2J
P10636,8Q2K
P10636,8Q2L
P10636,8Q7F
P10636,8Q7L
P10636,8Q7M
P10636,8Q7P
P10636,8Q7T
P10636,8Q88
P10636,8Q8C
P10636,8Q8D
P10636,8Q8E
P10636,8Q8F
P10636,8Q8L
P10636,8Q8M
P10636,8Q8R
P10636,8Q8S
P10636,8Q8U
P10636,8Q8V
P10636,8Q8W
P10636,8Q8X
P10636,8Q8Y
P10636,8Q8Z
P10636,8Q92
P10636,8Q97
P10636,8Q98
P10636,8Q99
P10636,8Q9A
P10636,8Q9B
P10636,8Q9C
P10636,8Q9D
P10636,8Q9E
P10636,8Q9F
P10636,8Q9G
P10636,8Q9H
P10636,8Q9I
P10636,8Q9J
P10636,8Q9K
P10636,8Q9L
P10636,8Q9M
P10636,8Q9O
P10636,8QCP
P10636,8QCR
P10636,8QDV
P10636,8QJJ
P10636,8R3T
P10636,8SEH
P10636,8SEI
P10636,8TTL
P10636,8TTN
P10636,8UQ7
P10636,8V1N
P10636,8WCP
P10636,8ZWL
P10636,8ZWM
P10636,8ZX6
P10636,9B3A
P10636,9B3C
P10636,9B4L
P10636,9B4M
P10636,9B4N
P10636,9B4O
P10636,9BBL
P10636,9BBM
P10636,9BXI
P10636,9BXO
P10636,9BXQ
P10636,9BXR
P10636,9CGX
P10636,9CGZ
P10636,9CZI
P10636,9CZL
P10636,9DME
P10636,9EO7
P10636,9EO9
P10636,9EOE
P10636,9EOG
P10636,9EOH
P10636,9ERM
P10636,9ERN
P10636,9ERO
P10636,9G13
P10636,9GG0
P10636,9GG1
P10636,9GG6
P10636,9H5G
P10636,9H5J
P10636,9HBB
P10636,9MR8
P10646,1ADZ
P10646,1IRH
P10646,1TFX
P10646,4BQD
P10646,4DTG
P10646,5NMV
P10646,6BX8
P10646,7V1N
P10721,1PKG
P10721,1T45
P10721,1T46
P10721,2E9W
P10721,2EC8
P10721,2IUH
P10721,2VIF
P10721,3G0E
P10721,3G0F
P10721,4HVS
P10721,4K94
P10721,4K9E
P10721,4PGZ
P10721,4U0I
P10721,6GQJ
P10721,6GQK
P10721,6GQL
P10721,6GQM
P10721,6HH1
P10721,6ITT
P10721,6ITV
P10721,6KLA
P10721,6MOB
P10721,6XV9
P10721,6XVA
P10721,6XVB
P10721,7KHG
P10721,7KHJ
P10721,7KHK
P10721,7ZW8
P10721,7ZY6
P10721,8DFM
P10721,8DFP
P10721,8DFQ
P10721,8PQ9
P10721,8PQA
P10721,8PQB
P10721,8PQC
P10721,8PQD
P10721,8PQE
P10721,8PQF
P10721,8PQG
P10721,8S13
P10721,8S14
P10721,8S15
P10721,8S16
P10721,8S17
P10721,8S18
P10721,8S19
P10721,8S1A
P10721,8S1B
P10747,1YJD
P10747,3WA4
P10747,5AUL
P10747,5GJH
P10747,5GJI
P10747,6O8D
P10747,7PPN
P10747,7VU5
P10747,8S6Z
P10747,8W2V
P10749,2MIB
P10749,8I1B
P10761,3D4C
P10761,3D4G
P10761,3EF7
P10761,5OSQ
P10810,1WWL
P10820,3NSJ
P10820,4Y1S
P10820,4Y1T
P10820,5UG6
P10820,5UG7
P10820,7PAG
P10824,1AGR
P10824,1AS0
P10824,1AS2
P10824,1AS3
P10824,1BH2
P10824,1BOF
P10824,1CIP
P10824,1GDD
P10824,1GFI
P10824,1GG2
P10824,1GIA
P10824,1GIL
P10824,1GIT
P10824,1GP2
P10824,1SHZ
P10824,1SVK
P10824,1SVS
P10824,2BCJ
P10824,2RGN
P10824,2ZJY
P10824,2ZJZ
P10824,3AH8
P10824,3D7M
P10824,3FFA
P10824,3FFB
P10824,4N0D
P10824,4N0E
P10824,4PAM
P10824,4PAN
P10824,4PAO
P10824,4PAQ
P10824,5KDL
P10824,5KDO
P10824,6M8H
P10824,6TYL
P10824,6UKT
P10824,6VMS
P10824,7S0F
P10824,7S0G
P10824,9CBL
P10824,9CBM
P10826,1HRA
P10826,1XAP
P10826,4DM6
P10826,4DM8
P10826,4JYG
P10826,4JYH
P10826,4JYI
P10826,5UAN
P10826,6SSQ
P10852,6I9Q
P10852,6SUA
P10896,4W5W
P10909,7ZET
P10909,7ZEU
P10997,1KUW
P10997,2KB8
P10997,2L86
P10997,3DG1
P10997,3FPO
P10997,3FR1
P10997,3FTH
P10997,3FTK
P10997,3FTL
P10997,3FTR
P10997,3G7V
P10997,3G7W
P10997,5K5G
P10997,5KNZ
P10997,5KO0
P10997,5MGQ
P10997,6UCJ
P10997,6UCK
P10997,6VW2
P10997,6Y1A
P10997,6ZRF
P10997,6ZRQ
P10997,6ZRR
P10997,7BG0
P10997,7M61
P10997,7M62
P10997,7M64
P10997,7M65
P10997,7YKW
P10997,7YL0
P10997,7YL3
P10997,7YL7
P10997,8AWT
P10997,8AZ0
P10997,8AZ1
P10997,8AZ2
P10997,8AZ3
P10997,8AZ4
P10997,8AZ5
P10997,8AZ6
P10997,8AZ7
P10997,8F0J
P10997,8QJ1
P10997,8QVQ
P10997,8QVR
P10997,8R1S
P10997,8R4I
P10997,8YG2
P10997,9BLB
P10997,9BLC
P10997,9BLW
P10997,9BP3
P10997,9BQ3
P10997,9BUB
P10997,9BUC
P10997,9BUD
P10997,9BUE
P10997,9CC5
P10997,9GZ6
P10997,9GZP
P10997,9GZS
P10997,9GZT
P10997,9GZW
P10997,9GZX
P10997,9GZY
P10997,9NZH
P11021,3IUC
P11021,3LDL
P11021,3LDN
P11021,3LDO
P11021,3LDP
P11021,5E84
P11021,5E85
P11021,5E86
P11021,5EVZ
P11021,5EX5
P11021,5EXW
P11021,5EY4
P11021,5F0X
P11021,5F1X
P11021,5F2R
P11021,6ASY
P11021,6CZ1
P11021,6DFM
P11021,6DFO
P11021,6DO2
P11021,6DWS
P11021,7N1R
P11151,6U7M
P11151,8ERL
P11151,9NRN
P11155,1VBG
P11155,1VBH
P11166,4PYP
P11166,5EQG
P11166,5EQH
P11166,5EQI
P11166,6THA
P11169,4ZW9
P11169,4ZWB
P11169,4ZWC
P11169,5C65
P11169,7CRZ
P11169,7SPS
P11169,7SPT
P11171,1GG3
P11171,2RQ1
P11171,3QIJ
P11181,2IHW
P11181,2II3
P11181,2II4
P11181,2II5
P11215,1BHO
P11215,1BHQ
P11215,1IDN
P11215,1IDO
P11215,1JLM
P11215,1M1U
P11215,1MF7
P11215,1N9Z
P11215,1NA5
P11215,2LKE
P11215,2LKJ
P11215,3Q3G
P11215,3QA3
P11215,4M76
P11215,4XW2
P11215,6RHW
P11215,7AKK
P11215,8CE6
P11215,8CE9
P11215,8VOH
P11215,8VOI
P11215,9GMU
P11226,1HUP
P11234,2KE5
P11260,2JRB
P11279,8ATH
P11279,9C59
P11279,9C5A
P11279,9C5B
P11308,1SXE
P11308,4IRG
P11308,4IRH
P11308,4IRI
P11308,5YBC
P11308,5YBD
P11308,6VGE
P11308,6VGG
P11310,1EGC
P11310,1EGD
P11310,1EGE
P11310,1T9G
P11310,2A1T
P11310,4P13
P11310,8SGP
P11353,1TK1
P11353,1TKL
P11353,1TLB
P11353,1TXN
P11373,3DCN
P11373,3DD5
P11373,3DEA
P11387,1A31
P11387,1A35
P11387,1A36
P11387,1EJ9
P11387,1K4S
P11387,1K4T
P11387,1LPQ
P11387,1NH3
P11387,1R49
P11387,1RR8
P11387,1RRJ
P11387,1SC7
P11387,1SEU
P11387,1T8I
P11387,1TL8
P11388,1ZXM
P11388,1ZXN
P11388,4FM9
P11388,4R1F
P11388,5GWK
P11388,5NNE
P11388,6ZY5
P11388,6ZY6
P11388,6ZY7
P11388,6ZY8
P11388,8W50
P11388,9BQ6
P11388,9BQ7
P11388,9BQ9
P11388,9BQB
P11413,1QKI
P11413,2BH9
P11413,2BHL
P11413,5UKW
P11413,6E07
P11413,6E08
P11413,6JYU
P11413,6VA0
P11413,6VA7
P11413,6VA8
P11413,6VA9
P11413,6VAQ
P11413,7SEH
P11413,7SEI
P11413,7SNF
P11413,7SNG
P11413,7SNH
P11413,7SNI
P11413,7TOE
P11413,7TOF
P11413,7UAG
P11413,7UAL
P11413,7UC2
P11413,7ZVD
P11413,7ZVE
P11414,7B0Y
P11414,7OKX
P11414,7OKY
P11414,7OO3
P11414,7OOB
P11414,7OOP
P11414,7OPC
P11414,7OPD
P11414,8OEU
P11414,8OEV
P11414,8OEW
P11414,8OF0
P11414,8P4B
P11414,8P4C
P11414,8P4D
P11414,8P4E
P11414,8P4F
P11438,5GV0
P11441,2DZI
P11441,4WWR
P11441,4X86
P11441,7RU9
P11441,7RUA
P11441,7RUC
P11442,1BPO
P11442,1C9I
P11442,1C9L
P11456,1C39
P11456,1KEO
P11456,1M6P
P11456,2RL7
P11456,2RL8
P11456,2RL9
P11456,2RLB
P11456,3CY4
P11456,3K41
P11456,3K42
P11456,3K43
P11473,1DB1
P11473,1IE8
P11473,1IE9
P11473,1KB2
P11473,1KB4
P11473,1KB6
P11473,1S0Z
P11473,1S19
P11473,1TXI
P11473,1YNW
P11473,2HAM
P11473,2HAR
P11473,2HAS
P11473,2HB7
P11473,2HB8
P11473,3A2I
P11473,3A2J
P11473,3A3Z
P11473,3A40
P11473,3A78
P11473,3AUQ
P11473,3AUR
P11473,3AX8
P11473,3AZ1
P11473,3AZ2
P11473,3AZ3
P11473,3B0T
P11473,3CS4
P11473,3CS6
P11473,3KPZ
P11473,3M7R
P11473,3OGT
P11473,3P8X
P11473,3TKC
P11473,3VHW
P11473,3W0A
P11473,3W0C
P11473,3W0Y
P11473,3WGP
P11473,3WWR
P11473,3X31
P11473,3X36
P11473,4G2I
P11473,4ITE
P11473,4ITF
P11473,5GT4
P11473,5V39
P11473,5YSY
P11473,5YT2
P11473,7QPP
P11473,8IQN
P11473,8IQT
P11474,1XB7
P11474,2PJL
P11474,3D24
P11474,3K6P
P11474,7E2E
P11484,3GL1
P11498,3BG3
P11498,3BG9
P11498,7WTA
P11498,7WTB
P11498,7WTC
P11498,7WTD
P11498,7WTE
P11498,8HWL
P11498,8J7O
P11498,8XL9
P11499,7Y04
P11499,8H77
P11511,3EQM
P11511,3S79
P11511,3S7S
P11511,4GL5
P11511,4GL7
P11511,4KQ8
P11511,5JKV
P11511,5JKW
P11511,5JL6
P11511,5JL7
P11511,5JL9
P11597,2OBD
P11597,4EWS
P11597,4F2A
P11607,5MPM
P11607,6HXB
P11609,1CD1
P11609,1Z5L
P11609,1ZHN
P11609,2AKR
P11609,2FIK
P11609,2GAZ
P11609,2Q7Y
P11609,3ARB
P11609,3ARD
P11609,3ARE
P11609,3ARF
P11609,3ARG
P11609,3AU1
P11609,3G08
P11609,3GML
P11609,3GMM
P11609,3GMN
P11609,3GMO
P11609,3GMP
P11609,3GMQ
P11609,3GMR
P11609,3HE6
P11609,3HE7
P11609,3ILP
P11609,3ILQ
P11609,3MA7
P11609,3O8X
P11609,3O9W
P11609,3QI9
P11609,3QUX
P11609,3QUY
P11609,3QUZ
P11609,3RTQ
P11609,3RUG
P11609,3RZC
P11609,3SCM
P11609,3SDA
P11609,3SDC
P11609,3SDD
P11609,3T1F
P11609,3TA3
P11609,3TN0
P11609,3TO4
P11609,3TVM
P11609,3UBX
P11609,4APQ
P11609,4EI5
P11609,4ELM
P11609,4IRJ
P11609,4IRS
P11609,4MNG
P11609,4MQ7
P11609,4MX7
P11609,4Y16
P11609,4Y2D
P11609,4Y4F
P11609,4Y4H
P11609,4Y4K
P11609,4ZAK
P11609,5EFI
P11609,5FKP
P11609,5TW2
P11609,5TW5
P11609,5VCJ
P11609,6BNK
P11609,6BNL
P11609,6C5M
P11609,6C69
P11609,6C6A
P11609,6C6C
P11609,6C6E
P11609,6C6F
P11609,6C6H
P11609,6C6J
P11609,6CW6
P11609,6CW9
P11609,6CWB
P11609,6CWE
P11609,6CX5
P11609,6CX7
P11609,6CX9
P11609,6CXA
P11609,6CXE
P11609,6CXF
P11609,6CYW
P11609,6MIV
P11609,6MIY
P11609,6MJ4
P11609,6MJ6
P11609,6MJA
P11609,6MJI
P11609,6MJJ
P11609,6MJQ
P11609,6MSS
P11609,6OJP
P11609,6OMG
P11609,6OOR
P11609,6XNG
P11609,7M72
P11609,8T4Z
P11672,3S26
P11672,3U9P
P11712,1OG2
P11712,1OG5
P11712,1R9O
P11712,4NZ2
P11712,5A5I
P11712,5A5J
P11712,5K7K
P11712,5W0C
P11712,5X23
P11712,5X24
P11712,5XXI
P11712,6VLT
P11712,7RL2
P11712,8VX0
P11712,8VZ7
P11799,1QS7
P11799,1QTX
P11799,1VRK
P11799,2O5G
P11799,3EK7
P11799,3EK8
P11799,3EKH
P11799,3EKJ
P11799,3EVR
P11799,3EVU
P11799,4OY4
P11802,2W96
P11802,2W99
P11802,2W9F
P11802,2W9Z
P11802,3G33
P11802,6P8E
P11802,6P8F
P11802,6P8G
P11802,6P8H
P11802,7SJ3
P11802,9CSK
P11836,2OSL
P11836,3BKY
P11836,3PP4
P11836,6VJA
P11836,6Y90
P11836,6Y92
P11836,6Y97
P11836,6Y9A
P11836,8VGN
P11836,8VGO
P11862,1V5R
P11862,9KBW
P11862,9KBX
P11911,8E4C
P11911,8EMA
P11940,1CVJ
P11940,1G9L
P11940,1JGN
P11940,1JH4
P11940,2K8G
P11940,2RQG
P11940,2RQH
P11940,2X04
P11940,3KTP
P11940,3KTR
P11940,3KUI
P11940,3KUJ
P11940,3KUR
P11940,3KUS
P11940,3KUT
P11940,3PKN
P11940,3PTH
P11940,4F02
P11940,4F25
P11940,4F26
P11940,5DX1
P11940,5DX8
P11940,5DXA
P11940,5LGP
P11940,5LGQ
P11940,5LGR
P11940,5LGS
P11940,7BN3
P11940,8SMO
P11970,4DP0
P11970,4DP1
P11970,4DP2
P11970,4DP4
P11970,4DP5
P11970,4DP6
P12003,1QKR
P12003,1ST6
P12003,1T01
P12003,1U6H
P12003,1XWJ
P12003,1ZVZ
P12003,1ZW2
P12003,1ZW3
P12003,2GDC
P12003,3JBI
P12003,3ZDL
P12003,4E17
P12003,4E18
P12003,6FQ4
P12003,6NR7
P12023,2ROZ
P12023,2YSZ
P12023,2YT0
P12023,2YT1
P12023,4YN0
P12023,5MYK
P12023,7MRN
P12023,8BG9
P12023,8S4Y
P12110,9GTU
P12268,1B3O
P12268,1NF7
P12268,1NFB
P12268,6I0M
P12268,6I0O
P12268,6U8E
P12268,6U8N
P12268,6U8R
P12268,6U8S
P12268,6U9O
P12268,6UA2
P12268,6UA4
P12268,6UA5
P12268,6UAJ
P12268,6UC2
P12268,6UDO
P12268,6UDP
P12268,6UDQ
P12268,8FOZ
P12268,8FUZ
P12268,8G8F
P12268,8G9B
P12268,9DMU
P12314,3RJD
P12314,4W4O
P12314,4X4M
P12314,4ZNE
P12314,8DIN
P12314,8DIR
P12314,8DJ7
P12318,1FCG
P12318,1H9V
P12318,3D5O
P12318,3RY4
P12318,3RY5
P12318,3RY6
P12318,8CHA
P12353,2O01
P12353,2WSC
P12353,2WSE
P12353,2WSF
P12353,9GRX
P12385,4CRM
P12385,4CRN
P12530,1LOX
P12530,2P0M
P12544,1OP8
P12544,1ORF
P12814,2EYI
P12814,2EYN
P12814,2N8Y
P12814,2N8Z
P12821,1O86
P12821,1O8A
P12821,1UZE
P12821,1UZF
P12821,2C6F
P12821,2C6N
P12821,2IUL
P12821,2IUX
P12821,2OC2
P12821,2XY9
P12821,2XYD
P12821,2YDM
P12821,3BKK
P12821,3BKL
P12821,3L3N
P12821,3NXQ
P12821,4APH
P12821,4APJ
P12821,4BXK
P12821,4BZR
P12821,4BZS
P12821,4C2N
P12821,4C2O
P12821,4C2P
P12821,4C2Q
P12821,4C2R
P12821,4CA5
P12821,4CA6
P12821,4UFA
P12821,4UFB
P12821,5AM9
P12821,5AMA
P12821,5AMC
P12821,6EN5
P12821,6EN6
P12821,6F9R
P12821,6F9T
P12821,6F9U
P12821,6F9V
P12821,6H5W
P12821,6H5X
P12821,6QS1
P12821,6TT1
P12821,6TT3
P12821,6TT4
P12821,6ZPQ
P12821,6ZPT
P12821,6ZPU
P12821,7Q24
P12821,7Q25
P12821,7Q26
P12821,7Q27
P12821,7Q28
P12821,7Q29
P12821,7Q3Y
P12821,7Q49
P12821,7Q4C
P12821,7Q4D
P12821,7Q4E
P12821,7Z6Z
P12821,7Z70
P12821,8QFX
P12821,8QHL
P12821,9GBL
P12821,9GBM
P12821,9GBN
P12821,9GBO
P12821,9GBP
P12821,9GBQ
P12821,9GBR
P12821,9GBS
P12821,9H1A
P12821,9H1B
P12821,9H1C
P12821,9H1D
P12821,9H1E
P12830,1O6S
P12830,2O72
P12830,2OMT
P12830,2OMU
P12830,2OMV
P12830,2OMX
P12830,2OMY
P12830,2OMZ
P12830,3FF7
P12830,3L6X
P12830,3L6Y
P12830,4ZT1
P12830,4ZTE
P12830,6CXY
P12830,6VEL
P12830,7STZ
P12830,8H62
P12838,1ZMM
P12838,6DMM
P12838,6DMQ
P12868,7ZU0
P12868,8CUK
P12868,8QX8
P12904,2NYC
P12904,2NYE
P12931,1A07
P12931,1A08
P12931,1A09
P12931,1A1A
P12931,1A1B
P12931,1A1C
P12931,1A1E
P12931,1FMK
P12931,1HCS
P12931,1HCT
P12931,1KSW
P12931,1O41
P12931,1O42
P12931,1O43
P12931,1O44
P12931,1O45
P12931,1O46
P12931,1O47
P12931,1O48
P12931,1O49
P12931,1O4A
P12931,1O4B
P12931,1O4C
P12931,1O4D
P12931,1O4E
P12931,1O4F
P12931,1O4G
P12931,1O4H
P12931,1O4I
P12931,1O4J
P12931,1O4K
P12931,1O4L
P12931,1O4M
P12931,1O4N
P12931,1O4O
P12931,1O4P
P12931,1O4Q
P12931,1O4R
P12931,1SHD
P12931,1Y57
P12931,1YI6
P12931,1YOJ
P12931,1YOL
P12931,1YOM
P12931,2BDF
P12931,2BDJ
P12931,2H8H
P12931,2SRC
P12931,3VRO
P12931,4F59
P12931,4F5A
P12931,4F5B
P12931,4HXJ
P12931,4K11
P12931,4MXO
P12931,4MXX
P12931,4MXY
P12931,4MXZ
P12931,6ATE
P12931,6C4S
P12931,6E6E
P12931,7NG7
P12931,7OTE
P12931,7T1U
P12931,7YQE
P12931,8GWH
P12931,8HAQ
P12931,8JF3
P12931,8JN8
P12931,8JN9
P12931,8VCF
P12931,8VCG
P12931,9OFX
P12962,6FC3
P13010,1JEQ
P13010,1JEY
P13010,1Q2Z
P13010,1RW2
P13010,3RZ9
P13010,5Y3R
P13010,6ERG
P13010,6ERH
P13010,6ZH6
P13010,6ZHA
P13010,6ZHE
P13010,7AXZ
P13010,7K0Y
P13010,7K17
P13010,7K1J
P13010,7K1K
P13010,7K1N
P13010,7SGL
P13010,7SU3
P13010,7SUD
P13010,7Z6O
P13010,7Z87
P13010,7Z88
P13010,7ZT6
P13010,7ZVT
P13010,8AG4
P13010,8AG5
P13010,8RD4
P13208,1SRB
P13232,3DI2
P13232,3DI3
P13255,1BHJ
P13255,1D2C
P13255,1D2G
P13255,1D2H
P13255,1KIA
P13255,1NBH
P13255,1NBI
P13255,1XVA
P13255,2IDJ
P13255,2IDK
P13255,3THR
P13255,3THS
P13386,8Y81
P13386,8Y84
P13386,8ZGS
P13386,8ZGT
P13473,2MOF
P13473,2MOM
P13487,1BAH
P13487,1CMR
P13487,2A9H
P13487,2CRD
P13494,1VTX
P13497,3EDG
P13497,3EDH
P13497,6BSL
P13497,6BSM
P13497,6BTN
P13497,6BTO
P13497,6BTP
P13497,6BTQ
P13500,1DOK
P13500,1DOL
P13500,1DOM
P13500,1DON
P13500,1ML0
P13500,2BDN
P13500,2NZ1
P13500,3IFD
P13500,4DN4
P13500,4R8I
P13500,4ZK9
P13500,7SO0
P13500,8FJ0
P13516,4YMK
P13516,6WF2
P13569,1XMI
P13569,1XMJ
P13569,2BBO
P13569,2BBS
P13569,2BBT
P13569,2PZE
P13569,2PZF
P13569,2PZG
P13569,3GD7
P13569,3ISW
P13569,4WZ6
P13569,5D2D
P13569,5D3E
P13569,5D3F
P13569,5TF7
P13569,5TF8
P13569,5TFA
P13569,5TFB
P13569,5TFC
P13569,5TFD
P13569,5TFF
P13569,5TFG
P13569,5TFI
P13569,5TFJ
P13569,5TGK
P13569,5UAK
P13569,6GJQ
P13569,6GJS
P13569,6GJU
P13569,6GK4
P13569,6GKD
P13569,6HEP
P13569,6MSM
P13569,6O1V
P13569,6O2P
P13569,6UK1
P13569,6WBS
P13569,6ZE1
P13569,7QI1
P13569,7SV7
P13569,7SVD
P13569,7SVR
P13569,8EIG
P13569,8EIO
P13569,8EIQ
P13569,8EJ1
P13569,8FZQ
P13569,8GLS
P13569,8UBR
P13569,8V7Z
P13569,8V81
P13569,9DW4
P13569,9DW5
P13569,9DW7
P13569,9DW8
P13569,9DW9
P13569,9MXL
P13599,1FRT
P13599,1I1A
P13599,3FRU
P13631,1EXA
P13631,1EXX
P13631,1FCX
P13631,1FCY
P13631,1FCZ
P13631,1FD0
P13631,2LBD
P13631,3LBD
P13631,4LBD
P13631,5M24
P13631,6FX0
P13635,5N0K
P13635,5N4L
P13637,8D3U
P13637,8D3V
P13637,8D3W
P13637,8D3X
P13637,8D3Y
P13639,6D9J
P13645,3ASW
P13645,4F1Z
P13645,6EC0
P13667,3IDV
P13688,2GK2
P13688,4QXW
P13688,4WHD
P13688,5DZL
P13688,6AW2
P13688,6GBG
P13688,6GBH
P13688,6V3P
P13688,6XNO
P13688,6XNT
P13688,6XNW
P13688,6XO1
P13688,7MU8
P13688,7RPP
P13688,8CXJ
P13688,9GH5
P13688,9GH6
P13689,1LR5
P13689,1LRH
P13693,1YZ1
P13693,2HR9
P13693,3EBM
P13693,4Z9V
P13693,5O9L
P13693,5O9M
P13693,6IZB
P13693,6IZE
P13721,4MPS
P13726,1AHW
P13726,1BOY
P13726,1DAN
P13726,1FAK
P13726,1J9C
P13726,1JPS
P13726,1O5D
P13726,1TFH
P13726,1UJ3
P13726,1W0Y
P13726,1W2K
P13726,1WQV
P13726,1WSS
P13726,1WTG
P13726,1WUN
P13726,1WV7
P13726,1Z6J
P13726,2A2Q
P13726,2AEI
P13726,2AER
P13726,2B7D
P13726,2B8O
P13726,2C4F
P13726,2CEF
P13726,2CEH
P13726,2CEZ
P13726,2CFJ
P13726,2EC9
P13726,2F9B
P13726,2FIR
P13726,2FLB
P13726,2FLR
P13726,2HFT
P13726,2PUQ
P13726,2ZP0
P13726,2ZWL
P13726,2ZZU
P13726,3ELA
P13726,3TH2
P13726,3TH3
P13726,3TH4
P13726,4IBL
P13726,4M7L
P13726,4YLQ
P13726,4Z6A
P13726,4ZMA
P13726,5W06
P13726,6R2W
P13726,6Z9W
P13726,8CN9
P13726,8QOD
P13726,8QQ6
P13726,8UUD
P13726,9P0X
P13747,1KPR
P13747,1KTL
P13747,1MHE
P13747,2ESV
P13747,3AM8
P13747,3BZE
P13747,3CDG
P13747,3CII
P13747,5W1V
P13747,6GGM
P13747,6GH1
P13747,6GH4
P13747,6GHN
P13747,6GL1
P13747,6ZKW
P13747,6ZKX
P13747,6ZKY
P13747,6ZKZ
P13747,7BH8
P13747,7NDQ
P13747,7NDT
P13747,7NDU
P13747,7P49
P13747,7P4B
P13747,8QFY
P13747,8RLT
P13747,8RLU
P13747,8RLV
P13796,2D85
P13796,5JOJ
P13796,5JOL
P13796,6VEC
P13861,2IZX
P13861,2KYG
P13861,4ZP3
P13861,5H77
P13861,5H78
P13861,5XBY
P13861,8S8O
P13864,3AV4
P13864,3AV5
P13864,3AV6
P13864,3PT6
P13864,3PT9
P13864,4DA4
P13864,5GUT
P13864,5GUV
P13864,5WY1
P13864,6W8V
P13864,6W8W
P13866,7SL8
P13866,7SLA
P13866,7WMV
P13866,7YNI
P14120,1CK2
P14120,1CN7
P14120,1NMU
P14120,1T0K
P14136,6A9P
P14151,2LGF
P14151,3CFW
P14151,5VC1
P14174,1CA7
P14174,1CGQ
P14174,1GCZ
P14174,1GD0
P14174,1GIF
P14174,1LJT
P14174,1MIF
P14174,1P1G
P14174,2OOH
P14174,2OOW
P14174,2OOZ
P14174,3B9S
P14174,3CE4
P14174,3DJH
P14174,3DJI
P14174,3HOF
P14174,3IJG
P14174,3IJJ
P14174,3JSF
P14174,3JSG
P14174,3JTU
P14174,3L5P
P14174,3L5R
P14174,3L5S
P14174,3L5T
P14174,3L5U
P14174,3L5V
P14174,3SMB
P14174,3SMC
P14174,3U18
P14174,3WNR
P14174,3WNS
P14174,3WNT
P14174,4ETG
P14174,4EUI
P14174,4EVG
P14174,4F2K
P14174,4GRN
P14174,4GRO
P14174,4GRP
P14174,4GRQ
P14174,4GRR
P14174,4GRU
P14174,4GUM
P14174,4K9G
P14174,4OSF
P14174,4OYQ
P14174,4P01
P14174,4P0H
P14174,4PKK
P14174,4PKZ
P14174,4PLU
P14174,4TRF
P14174,4TRU
P14174,4WR8
P14174,4WRB
P14174,4XX7
P14174,4XX8
P14174,4Z15
P14174,4Z1T
P14174,4Z1U
P14174,5B4O
P14174,5BS9
P14174,5BSC
P14174,5BSI
P14174,5BSJ
P14174,5EIZ
P14174,5HVS
P14174,5HVT
P14174,5HVV
P14174,5J7P
P14174,5J7Q
P14174,5UMJ
P14174,5UMK
P14174,5UZY
P14174,5V70
P14174,5V73
P14174,5XEJ
P14174,6B1C
P14174,6B1K
P14174,6B2C
P14174,6BG6
P14174,6BG7
P14174,6CB5
P14174,6CBF
P14174,6CBG
P14174,6CBH
P14174,6FVE
P14174,6FVH
P14174,6OY8
P14174,6OYB
P14174,6OYE
P14174,6OYG
P14174,6PEG
P14174,7E45
P14174,7E47
P14174,7E49
P14174,7E4A
P14174,7E4B
P14174,7E4C
P14174,7EDQ
P14174,7EE8
P14174,7KQX
P14174,7XTX
P14174,7XVX
P14174,8CA0
P14174,8IMR
P14174,8SON
P14174,8SPN
P14174,8TT9
P14174,9BNQ
P14174,9BNR
P14211,3O0V
P14211,3O0W
P14211,3O0X
P14211,3RG0
P14223,1A5C
P14223,2EPH
P14223,2PC4
P14315,1IZN
P14315,2KXP
P14315,2KZ7
P14315,3AA0
P14315,3AA6
P14315,3AA7
P14315,3AAA
P14315,3AAE
P14315,3LK2
P14315,3LK3
P14315,3LK4
P14315,7DS2
P14315,7DS3
P14315,7DS4
P14315,7DS6
P14315,7DS8
P14315,7DSA
P14315,7DSB
P14315,9BLI
P14384,1UWY
P14404,6XAU
P14416,5AER
P14416,6CM4
P14416,6LUQ
P14416,7DFP
P14416,8TZQ
P14416,8U02
P14418,1BK9
P14418,1PSJ
P14448,1EI3
P14448,1M1J
P14555,1AYP
P14555,1BBC
P14555,1DB4
P14555,1DB5
P14555,1DCY
P14555,1J1A
P14555,1KQU
P14555,1KVO
P14555,1N28
P14555,1N29
P14555,1POD
P14555,1POE
P14555,3U8B
P14555,3U8D
P14555,3U8H
P14555,3U8I
P14555,5G3N
P14585,2FO1
P14585,3BRD
P14585,3BRF
P14598,1GD5
P14598,1K4U
P14598,1KQ6
P14598,1NG2
P14598,1O7K
P14598,1OV3
P14598,1UEC
P14598,1W70
P14598,1WLP
P14598,7YXW
P14598,8WEJ
P14604,1DUB
P14604,1EY3
P14604,1MJ3
P14604,2DUB
P14618,1T5A
P14618,1ZJH
P14618,3BJF
P14618,3BJT
P14618,3G2G
P14618,3GQY
P14618,3GR4
P14618,3H6O
P14618,3ME3
P14618,3SRD
P14618,3SRF
P14618,3SRH
P14618,3U2Z
P14618,4B2D
P14618,4FXF
P14618,4FXJ
P14618,4G1N
P14618,4JPG
P14618,4QG6
P14618,4QG8
P14618,4QG9
P14618,4QGC
P14618,4RPP
P14618,4WJ8
P14618,4YJ5
P14618,5X0I
P14618,5X1V
P14618,5X1W
P14618,6B6U
P14618,6GG3
P14618,6GG4
P14618,6GG5
P14618,6GG6
P14618,6JFB
P14618,6NU1
P14618,6NU5
P14618,6NUB
P14618,6TTF
P14618,6TTH
P14618,6TTI
P14618,6TTQ
P14618,6V74
P14618,6V75
P14618,6V76
P14618,6WP3
P14618,6WP4
P14618,6WP5
P14618,6WP6
P14618,7L21
P14618,8G2E
P14618,8HGF
P14618,8HMQ
P14618,8HMR
P14618,8HMS
P14618,8HMU
P14618,8X4R
P14618,9O3B
P14625,4NH9
P14625,7ULL
P14661,2N92
P14661,7DEH
P14661,7VOZ
P14672,7WSM
P14672,7WSN
P14678,1D3B
P14678,3CW1
P14678,3JCR
P14678,3PGW
P14678,4PJO
P14678,4WZJ
P14678,5MQF
P14678,5Z56
P14678,5Z57
P14678,5Z58
P14678,6AH0
P14678,6FF7
P14678,6ID0
P14678,6ID1
P14678,6QW6
P14678,6QX9
P14678,6V4X
P14678,7A5P
P14678,7ABG
P14678,7DVQ
P14678,7QTT
P14678,8CH6
P14678,8H6E
P14678,8H6J
P14678,8HK1
P14678,8I0R
P14678,8I0S
P14678,8I0T
P14678,8I0U
P14678,8I0V
P14678,8Q7Q
P14678,8Q7V
P14678,8Q7W
P14678,8Q7X
P14678,8Q91
P14678,8R08
P14678,8R0A
P14678,8R7N
P14678,8RC0
P14678,8RO2
P14678,8Y6O
P14678,8Y7E
P14678,9GBW
P14678,9GC0
P14678,9GCL
P14682,6NYA
P14682,6NYD
P14682,6ZHU
P14682,7K5J
P14712,8F5Z
P14712,8IFF
P14712,8ISI
P14712,8ISJ
P14713,4OUR
P14713,7RZW
P14713,8YB4
P14713,9IRK
P14713,9ITF
P14713,9IUZ
P14713,9JLB
P14735,2G48
P14735,2G49
P14735,2G54
P14735,2G56
P14735,2JBU
P14735,2JG4
P14735,2WBY
P14735,2WC0
P14735,2YPU
P14735,3CWW
P14735,3E4A
P14735,3E4Z
P14735,3E50
P14735,3H44
P14735,3HGZ
P14735,3N56
P14735,3N57
P14735,3QZ2
P14735,4DTT
P14735,4DWK
P14735,4GS8
P14735,4GSC
P14735,4GSF
P14735,4IFH
P14735,4IOF
P14735,4LTE
P14735,4NXO
P14735,4PES
P14735,4PF7
P14735,4PF9
P14735,4PFC
P14735,4QIA
P14735,4RAL
P14735,4RE9
P14735,5CJO
P14735,5UOE
P14735,5WOB
P14735,6B3Q
P14735,6B70
P14735,6B7Y
P14735,6B7Z
P14735,6BF6
P14735,6BF7
P14735,6BF8
P14735,6BF9
P14735,6BFC
P14735,6BYZ
P14735,6EDS
P14735,6MQ3
P14735,7K1D
P14735,7K1E
P14735,7K1F
P14735,7RZE
P14735,7RZF
P14735,7RZG
P14735,7RZH
P14735,7RZI
P14736,2M14
P14736,2QSF
P14736,2QSG
P14736,2QSH
P14736,4YIR
P14736,6CFI
P14736,6UBF
P14736,6UG1
P14736,6UIN
P14736,7K04
P14736,7M2U
P14743,1IIC
P14743,1IID
P14743,2NMT
P14743,2P6E
P14743,2P6F
P14743,2P6G
P14755,3ADO
P14755,3ADP
P14778,1G0Y
P14778,1IRA
P14778,1ITB
P14778,4DEP
P14778,4GAF
P14780,1GKC
P14780,1GKD
P14780,1ITV
P14780,1L6J
P14780,2OVX
P14780,2OVZ
P14780,2OW0
P14780,2OW1
P14780,2OW2
P14780,4H1Q
P14780,4H2E
P14780,4H3X
P14780,4H82
P14780,4HMA
P14780,4JIJ
P14780,4JQG
P14780,4WZV
P14780,4XCT
P14780,5CUH
P14780,5I12
P14780,5TH6
P14780,5TH9
P14780,5UE3
P14780,5UE4
P14780,6ESM
P14780,8K5V
P14780,8K5W
P14780,8K5X
P14780,8K5Y
P14784,2B5I
P14784,2ERJ
P14784,3QAZ
P14784,4GS7
P14784,5M5E
P14784,6E8K
P14784,7S2S
P14832,1IST
P14832,1VDN
P14832,9CF0
P14832,9CF1
P14832,9CF2
P14832,9CF3
P14842,4OAJ
P14866,3R27
P14866,3TO8
P14866,7EVR
P14867,6CDU
P14867,6D1S
P14867,6D6T
P14867,6D6U
P14867,6HUG
P14867,6HUJ
P14867,6HUK
P14867,6HUO
P14867,6HUP
P14867,6I53
P14867,6X3S
P14867,6X3T
P14867,6X3U
P14867,6X3V
P14867,6X3W
P14867,6X3X
P14867,6X3Z
P14867,6X40
P14867,7PBD
P14867,7PBZ
P14867,7PC0
P14867,7QNE
P14867,7T0W
P14867,7T0Z
P14867,8DD2
P14867,8DD3
P14867,8SGO
P14867,8SI9
P14867,8SID
P14867,8VQY
P14867,8VRN
P14867,9CRS
P14867,9CRV
P14867,9CSB
P14867,9CT0
P14867,9CTJ
P14867,9CTP
P14867,9CTV
P14867,9CX7
P14867,9CXA
P14867,9CXB
P14867,9CXC
P14867,9CXD
P14867,9DRX
P14867,9EQG
P14867,9FAS
P14867,9FFL
P14867,9FFM
P14867,9FFN
P14867,9FFO
P14867,9FFP
P14867,9FFQ
P14867,9FFR
P14867,9FFS
P14867,9FFT
P14867,9FFU
P14867,9FFV
P14867,9FFW
P14867,9FFX
P14867,9FFY
P14867,9FFZ
P14867,9FG1
P14867,9FG2
P14867,9FG3
P14867,9FG4
P14867,9FG5
P14867,9FG6
P14867,9FG7
P14867,9FG8
P14867,9FG9
P14867,9FGA
P14867,9FGB
P14867,9FGC
P14867,9FGD
P14867,9FGF
P14867,9FGG
P14867,9FGH
P14867,9H9E
P14868,4J15
P14891,7ULI
P14891,8ECG
P14902,2D0T
P14902,2D0U
P14902,4PK5
P14902,4PK6
P14902,4U72
P14902,4U74
P14902,5EK2
P14902,5EK3
P14902,5EK4
P14902,5ETW
P14902,5WHR
P14902,5WMU
P14902,5WMV
P14902,5WMW
P14902,5WMX
P14902,5WN8
P14902,5XE1
P14902,6AZU
P14902,6AZV
P14902,6AZW
P14902,6CXU
P14902,6CXV
P14902,6DPQ
P14902,6DPR
P14902,6E35
P14902,6E40
P14902,6E41
P14902,6E42
P14902,6E43
P14902,6E44
P14902,6E45
P14902,6E46
P14902,6F0A
P14902,6KOF
P14902,6KPS
P14902,6KW7
P14902,6MQ6
P14902,6O3I
P14902,6PU7
P14902,6PZ1
P14902,6R63
P14902,6UBP
P14902,6V52
P14902,6WJY
P14902,6WPE
P14902,6X5Y
P14902,7A62
P14902,7AH4
P14902,7AH5
P14902,7AH6
P14902,7B1O
P14902,7E0O
P14902,7E0P
P14902,7E0Q
P14902,7E0S
P14902,7E0T
P14902,7E0U
P14902,7M63
P14902,7M7D
P14902,7NGE
P14902,7P0N
P14902,7P0R
P14902,7RRB
P14902,7RRC
P14902,7RRD
P14902,7YXT
P14902,7Z2L
P14902,7ZV3
P14902,8ABX
P14902,8FUR
P14902,8I7L
P14902,8U5I
P14902,9ESB
P14902,9ESC
P14902,9ESE
P14902,9ESG
P14902,9EW0
P14902,9F5R
P14902,9FOZ
P14921,1GVJ
P14921,2NNY
P14921,2STT
P14921,2STW
P14921,3MFK
P14921,3RI4
P14921,3WTS
P14921,3WTT
P14921,3WTU
P14921,3WTV
P14921,3WTW
P14921,3WTX
P14921,3WTY
P14921,3WTZ
P14921,3WU0
P14921,3WU1
P14921,4L0Y
P14921,4L0Z
P14921,4L18
P14921,4LG0
P14921,5ZMC
P14923,3IFQ
P15056,1UWH
P15056,1UWJ
P15056,2FB8
P15056,2L05
P15056,3C4C
P15056,3D4Q
P15056,3IDP
P15056,3II5
P15056,3NY5
P15056,3OG7
P15056,3PPJ
P15056,3PPK
P15056,3PRF
P15056,3PRI
P15056,3PSB
P15056,3PSD
P15056,3Q4C
P15056,3Q96
P15056,3SKC
P15056,3TV4
P15056,3TV6
P15056,4CQE
P15056,4DBN
P15056,4E26
P15056,4E4X
P15056,4EHE
P15056,4EHG
P15056,4FC0
P15056,4FK3
P15056,4G9C
P15056,4G9R
P15056,4H58
P15056,4JVG
P15056,4KSP
P15056,4KSQ
P15056,4MBJ
P15056,4MNF
P15056,4PP7
P15056,4R5Y
P15056,4RZV
P15056,4RZW
P15056,4WO5
P15056,4XV1
P15056,4XV2
P15056,4XV3
P15056,4XV9
P15056,4YHT
P15056,5C9C
P15056,5CSW
P15056,5CSX
P15056,5CT7
P15056,5FD2
P15056,5HI2
P15056,5HID
P15056,5HIE
P15056,5ITA
P15056,5J17
P15056,5J18
P15056,5J2R
P15056,5JRQ
P15056,5JSM
P15056,5JT2
P15056,5VAL
P15056,5VAM
P15056,5VR3
P15056,6B8U
P15056,6CAD
P15056,6N0P
P15056,6N0Q
P15056,6NSQ
P15056,6P3D
P15056,6P7G
P15056,6Q0K
P15056,6U2H
P15056,6UAN
P15056,6UUO
P15056,6V2U
P15056,6V34
P15056,6XAG
P15056,6XFP
P15056,6XLO
P15056,7K0V
P15056,7MFE
P15056,7MFF
P15056,7P3V
P15056,7SHV
P15056,8C7X
P15056,8C7Y
P15056,8F7O
P15056,8F7P
P15056,8QQG
P15056,8VSO
P15056,8VYO
P15056,8VYP
P15056,8VYQ
P15056,8VYR
P15056,8VYS
P15056,8VYU
P15056,8VYV
P15056,8VYW
P15056,9BFB
P15056,9BP8
P15056,9EW6
P15056,9F35
P15104,2OJW
P15104,2QC8
P15104,7EVT
P15104,8DNU
P15104,9OTM
P15104,9OTN
P15104,9OTO
P15104,9OTP
P15104,9OTQ
P15116,1NCG
P15116,1NCH
P15116,1NCI
P15116,1NCJ
P15116,1OP4
P15116,2QVI
P15116,3Q2W
P15116,4NUM
P15116,4NUP
P15116,4NUQ
P15144,4FYQ
P15144,4FYR
P15144,4FYS
P15144,4FYT
P15144,5LHD
P15144,6ATK
P15144,6U7E
P15144,6U7F
P15144,6U7G
P15144,6XWD
P15144,7AEW
P15144,7VPQ
P15144,8WDE
P15144,9CAM
P15144,9CAO
P15145,4F5C
P15145,4FKE
P15145,4FKH
P15145,4FKK
P15145,4HOM
P15145,4NAQ
P15145,4NZ8
P15145,4OU3
P15145,5LDS
P15145,5LG6
P15145,5Z65
P15145,6BUY
P15145,6BV0
P15145,6BV1
P15145,6BV2
P15145,6BV3
P15145,6BV4
P15145,7VPP
P15207,1I37
P15207,1I38
P15207,1R4I
P15207,1XNN
P15207,2IHQ
P15207,2NW4
P15207,3G0W
P15207,7ZTV
P15208,1LK2
P15208,7SL1
P15208,7SL2
P15208,7SL3
P15208,7SL4
P15208,7SL6
P15208,7SL7
P15208,7STH
P15208,7STI
P15208,7STJ
P15208,7STK
P15208,8DTL
P15208,8DTM
P15208,8EYX
P15208,8EYY
P15208,8EZ0
P15226,1B7D
P15226,1NPI
P15260,1FG9
P15260,1FYH
P15260,1JRH
P15260,6E3K
P15260,6E3L
P15291,2AE7
P15291,2AEC
P15291,2AES
P15291,2AGD
P15291,2AH9
P15291,2FY7
P15291,2FYA
P15291,2FYB
P15291,3EE5
P15291,4EE3
P15291,4EE4
P15291,4EE5
P15291,4EEA
P15291,4EEG
P15291,4EEM
P15291,4EEO
P15291,4L41
P15291,6FWT
P15291,6FWU
P15303,1M2O
P15303,1M2V
P15303,2QTV
P15303,4BZI
P15303,6GNI
P15303,6ZGA
P15303,8BSH
P15309,1CVI
P15309,1ND5
P15309,1ND6
P15309,2HPA
P15309,2L3H
P15309,2L77
P15309,2L79
P15309,2MG0
P15309,3PPD
P15309,7ZZV
P15309,8XJ4
P15311,1NI2
P15311,4RM8
P15311,4RM9
P15311,4RMA
P15311,7T1K
P15311,7T1L
P15314,1IF1
P15328,4KM6
P15328,4KM7
P15328,4KMX
P15328,4LRH
P15328,5IZQ
P15379,2JCP
P15379,2JCQ
P15379,2JCR
P15379,4MRD
P15379,4MRE
P15379,4MRF
P15379,4MRG
P15379,4MRH
P15379,4NP2
P15379,4NP3
P15379,5BZC
P15379,5BZE
P15379,5BZF
P15379,5BZG
P15379,5BZH
P15379,5BZI
P15379,5BZJ
P15379,5BZK
P15379,5BZL
P15379,5BZM
P15379,5BZN
P15379,5BZO
P15379,5BZP
P15379,5BZQ
P15379,5BZR
P15379,5BZS
P15379,5BZT
P15379,5SBK
P15379,5SBL
P15379,5SBM
P15379,5SBN
P15379,5SBO
P15379,5SBP
P15379,5SBQ
P15379,5SBR
P15379,5SBS
P15379,5SBT
P15379,5SBU
P15379,5SBV
P15379,5SBW
P15379,5SBX
P15379,5SBY
P15379,5SBZ
P15379,5SC0
P15379,5SC1
P15379,5SC2
P15379,5SC3
P15379,5SC4
P15379,5SC5
P15379,5SC6
P15379,5SC7
P15382,2K21
P15385,1KN7
P15385,1ZTO
P15387,8SD3
P15387,8SDA
P15389,6UZ0
P15389,6UZ3
P15389,7FBS
P15389,7K18
P15389,7XSU
P15389,8F6P
P15389,8T6L
P15390,5JR0
P15390,6MUE
P15391,6AL5
P15391,7URV
P15391,7URX
P15398,7AOC
P15398,7AOD
P15398,7AOE
P15424,3I5X
P15424,3I5Y
P15424,3I61
P15424,3I62
P15424,3SQW
P15424,3SQX
P15424,4DB2
P15424,4DB4
P15424,4TYN
P15424,4TYW
P15424,4TYY
P15424,4TZ0
P15424,4TZ6
P15431,6DW0
P15431,6DW1
P15442,1ZXE
P15442,1ZY4
P15442,1ZY5
P15442,1ZYC
P15442,1ZYD
P15442,2YZ0
P15442,4OTM
P15445,1A3D
P15445,1A3F
P15445,1OWS
P15445,1PSH
P15445,2WQ5
P15471,1HJE
P15471,1QMW
P15529,1CKL
P15529,2O39
P15529,3INB
P15529,3L89
P15529,3O8E
P15529,5FO8
P15529,8QK3
P15530,3KHO
P15530,3KHQ
P15531,1JXV
P15531,1UCN
P15531,2HVD
P15531,2HVE
P15531,3L7U
P15531,4ENO
P15531,5UI4
P15531,8OOV
P15531,9GD6
P15531,9GD8
P15531,9GD9
P15646,6ND4
P15646,6ZDT
P15692,1BJ1
P15692,1CZ8
P15692,1KAT
P15692,1KMX
P15692,1MJV
P15692,1MKG
P15692,1MKK
P15692,1TZH
P15692,1TZI
P15692,1VGH
P15692,1VPF
P15692,1VPP
P15692,2FJG
P15692,2FJH
P15692,2VGH
P15692,2VPF
P15692,3P9W
P15692,3QTK
P15692,3S1B
P15692,3S1K
P15692,4GLN
P15692,4GLS
P15692,4KZN
P15692,4QAF
P15692,4WPB
P15692,4ZFF
P15692,5FV1
P15692,5FV2
P15692,5HHC
P15692,5HHD
P15692,5O4E
P15692,6BFT
P15692,6D3O
P15692,6T9D
P15692,6V7K
P15692,6Z13
P15692,6Z3F
P15692,6ZBR
P15692,6ZCD
P15692,6ZFL
P15692,7KEZ
P15692,7KF0
P15692,7KF1
P15692,7LL8
P15692,7LL9
P15692,8UWZ
P15692,9JU1
P15692,9KKU
P15693,4KJD
P15693,4KJG
P15700,1UKY
P15700,1UKZ
P15705,2LLV
P15705,2LLW
P15705,3UPV
P15802,2X1C
P15802,2X1D
P15802,2X1E
P15813,1ZT4
P15813,2PO6
P15813,3HUJ
P15813,3SDX
P15813,3TZV
P15813,3U0P
P15813,3VWJ
P15813,3VWK
P15813,4EN3
P15813,4LHU
P15813,4WO4
P15813,4WW2
P15813,4WWK
P15813,6V7Y
P15813,6V7Z
P15813,6V80
P15813,8SGB
P15813,8SGM
P15813,8SOS
P15814,2H32
P15814,2H3N
P15814,2LKQ
P15891,1HQZ
P15891,1JO8
P15891,2K3B
P15891,2RPN
P15907,4JS1
P15907,4JS2
P15907,6QVS
P15907,6QVT
P15920,2LX4
P15941,1SM3
P15941,2ACM
P15941,2FO4
P15941,5T6P
P15941,5T78
P15941,6BSB
P15941,6BSC
P15941,6FZQ
P15941,6FZR
P15941,6KX1
P15941,6TGG
P15941,7Q4I
P15941,7V4W
P15941,7V64
P15941,7V7K
P15941,7V8Q
P15941,7VAC
P15941,7VAZ
P15941,8AXH
P15941,8P6I
P15941,8S6K
P15941,8S6T
P15941,8S6V
P15999,1MAB
P15999,2F43
P16070,1POZ
P16070,1UUH
P16070,2I83
P16070,4PZ3
P16070,4PZ4
P16109,1FSB
P16109,1G1Q
P16109,1G1R
P16109,1G1S
P16109,1HES
P16140,3J9T
P16140,3J9U
P16140,3J9V
P16140,5BW9
P16140,5D80
P16140,5VOX
P16140,5VOY
P16140,5VOZ
P16140,6O7V
P16140,6O7W
P16140,6O7X
P16140,7FDA
P16140,7FDB
P16140,7FDC
P16140,7FDE
P16140,7TMM
P16140,7TMO
P16140,7TMP
P16140,7TMQ
P16140,7TMR
P16140,9COP
P16234,1GQ5
P16234,5GRN
P16234,5K5X
P16234,6A32
P16234,6JOI
P16234,6JOJ
P16234,6JOK
P16234,6JOL
P16234,7LBF
P16234,7RAM
P16234,8PQH
P16234,8PQI
P16234,8PQJ
P16234,8PQK
P16234,9GZH
P16278,3THC
P16278,3THD
P16278,3WEZ
P16278,3WF0
P16278,3WF1
P16278,3WF2
P16278,3WF3
P16278,3WF4
P16284,2KY5
P16284,5C14
P16284,5GNI
P16330,2XMI
P16330,2Y1P
P16330,2Y3X
P16330,2YDB
P16330,2YDC
P16330,2YDD
P16330,2YOZ
P16330,2YP0
P16330,2YPC
P16330,2YPE
P16330,2YPH
P16330,2YQ9
P16330,3ZBR
P16330,3ZBS
P16330,3ZBZ
P16330,4WBI
P16330,4WBL
P16330,4WC9
P16330,4WCA
P16330,4WCB
P16330,4WCC
P16330,4WDA
P16330,4WDB
P16330,4WDD
P16330,4WDE
P16330,4WDF
P16330,4WDG
P16330,4WDH
P16330,4WEX
P16330,4WFR
P16330,5AE0
P16330,7QZK
P16330,7QZS
P16330,9ERT
P16330,9ERU
P16330,9ERW
P16330,9ETJ
P16330,9ETL
P16410,1AH1
P16410,1I85
P16410,1I8L
P16410,2X44
P16410,3BX7
P16410,3OSK
P16410,5GGV
P16410,5TRU
P16410,5XJ3
P16410,6RP8
P16410,6RPJ
P16410,6RQM
P16410,6XY2
P16410,7CIO
P16410,7DV4
P16410,7ELX
P16410,7SU0
P16410,7SU1
P16410,8GAB
P16410,8HIT
P16410,9DQ3
P16422,4MZV
P16422,6I07
P16444,1ITQ
P16444,1ITU
P16471,1BP3
P16471,2LFG
P16471,2N7I
P16471,3D48
P16471,3MZG
P16471,3N06
P16471,3N0P
P16471,3NCB
P16471,3NCC
P16471,3NCE
P16471,3NCF
P16471,4I18
P16473,2XWT
P16473,3G04
P16473,7T9I
P16473,7T9M
P16473,7T9N
P16473,7UTZ
P16473,7XW5
P16473,7XW6
P16473,7XW7
P16474,3H0X
P16474,3QFP
P16474,3QFU
P16474,3QML
P16521,2IW3
P16521,2IWH
P16521,2IX3
P16521,2IX8
P16554,1DDM
P16554,2NMB
P16554,5YI7
P16554,5YI8
P16581,1ESL
P16581,1G1T
P16581,4C16
P16581,4CSY
P16581,6EYI
P16581,6EYJ
P16581,6EYK
P16581,8R5L
P16581,8R5M
P16603,2BF4
P16603,2BN4
P16603,2BPO
P16603,3FJO
P16615,5ZTF
P16615,6JJU
P16615,6LLE
P16615,6LLY
P16615,6LN5
P16615,6LN6
P16615,6LN7
P16615,6LN8
P16615,6LN9
P16615,7BT2
P16615,7E7S
P16615,7W7T
P16615,7W7U
P16615,7W7V
P16615,7W7W
P16662,2O6L
P16671,5LGD
P16861,3O8O
P16892,2B9F
P16892,2B9H
P16892,2B9I
P16892,2B9J
P16892,2F49
P16892,2F9G
P16892,2FA2
P17047,5GV3
P17157,2PK9
P17157,2PMI
P17157,4KRC
P17157,4KRD
P17174,3II0
P17174,3WZF
P17174,6DNA
P17174,6DNB
P17174,6DND
P17174,6LIG
P17174,8Z0E
P17181,3S98
P17181,3SE3
P17181,3SE4
P17181,4PO6
P17181,8Y31
P17213,1BP1
P17213,1EWF
P17220,6EPC
P17220,6EPD
P17220,6EPE
P17220,6EPF
P17220,6TU3
P17252,2ELI
P17252,3IW4
P17252,4DNL
P17252,4RA4
P17252,8U37
P17252,8UAK
P17255,1DFA
P17255,1EF0
P17255,1GPP
P17255,1JVA
P17255,1LWS
P17255,1LWT
P17255,1UM2
P17255,1VDE
P17256,1KVK
P17256,2R42
P17302,2LL2
P17302,7F92
P17302,7F93
P17302,7F94
P17302,7XQ9
P17302,7XQB
P17302,7XQD
P17302,7XQF
P17302,7XQG
P17302,7XQH
P17302,7XQI
P17302,7XQJ
P17302,7Z1T
P17302,7Z22
P17302,7Z23
P17302,8QKO
P17302,8XBM
P17341,1PLA
P17341,1PLB
P17342,1JDN
P17342,1JDP
P17342,1YK0
P17342,1YK1
P17405,5I81
P17405,5I85
P17405,5I8R
P17405,5JG8
P17427,1B9K
P17427,1KY6
P17427,1KY7
P17427,1KYD
P17427,1KYF
P17427,1KYU
P17427,1QTP
P17427,1QTS
P17427,1W80
P17427,2JKR
P17427,2JKT
P17427,2VJ0
P17427,3HS8
P17427,6OWO
P17427,6OXL
P17427,7OHI
P17427,7RW8
P17427,7RW9
P17427,7RWA
P17427,7RWB
P17427,7RWC
P17427,8T1O
P17497,2MOP
P17497,2MP5
P17555,1K4Z
P17555,1KQ5
P17612,2GU8
P17612,3AGL
P17612,3AGM
P17612,3AMA
P17612,3AMB
P17612,3L9L
P17612,3L9M
P17612,3L9N
P17612,3MVJ
P17612,3NX8
P17612,3OOG
P17612,3OVV
P17612,3OWP
P17612,3OXT
P17612,3P0M
P17612,3POO
P17612,3VQH
P17612,4AE6
P17612,4AE9
P17612,4UJ1
P17612,4UJ2
P17612,4UJ9
P17612,4UJA
P17612,4UJB
P17612,4WB5
P17612,4WB6
P17612,4WB7
P17612,4WB8
P17612,5BX6
P17612,5BX7
P17612,5IZF
P17612,5IZJ
P17612,5J5X
P17612,5N23
P17612,5UZK
P17612,6BYR
P17612,6BYS
P17612,6C0U
P17612,6FRX
P17612,6NO7
P17612,6QJ7
P17612,6WJF
P17612,6WJG
P17612,7Y1G
P17612,8FE2
P17612,8FE5
P17612,8FEC
P17612,8X5L
P17612,9EDC
P17612,9EDD
P17612,9EDE
P17676,1GTW
P17676,1GU4
P17676,1GU5
P17676,1H88
P17676,1H89
P17676,1H8A
P17676,1HJB
P17676,1IO4
P17676,2E42
P17676,2E43
P17676,6MG1
P17676,6MG2
P17676,6MG3
P17676,7L4V
P17676,7UPZ
P17676,8K8D
P17693,1YDP
P17693,2D31
P17693,2DYP
P17693,3KYN
P17693,3KYO
P17693,6AEE
P17693,6K60
P17695,3CTF
P17695,3CTG
P17695,3D4M
P17695,3D5J
P17706,1L8K
P17706,6ZZ4
P17706,7F5N
P17706,7F5O
P17706,7UAD
P17706,8U0H
P17706,9C54
P17706,9C55
P17706,9C56
P17812,2VO1
P17812,5U03
P17812,7MGZ
P17812,7MH0
P17812,7MIF
P17812,7MIG
P17813,5HZV
P17813,5HZW
P17813,5I04
P17844,3FE2
P17844,4A4D
P17917,4HK1
P17927,1GKG
P17927,1GKN
P17927,1PPQ
P17927,2MCY
P17927,2MCZ
P17927,2Q7Z
P17927,5FO9
P17931,1A3K
P17931,1KJL
P17931,1KJR
P17931,2NMN
P17931,2NMO
P17931,2NN8
P17931,2XG3
P17931,3AYA
P17931,3AYC
P17931,3AYD
P17931,3AYE
P17931,3T1L
P17931,3T1M
P17931,3ZSJ
P17931,3ZSK
P17931,3ZSL
P17931,3ZSM
P17931,4BLI
P17931,4BLJ
P17931,4BM8
P17931,4JC1
P17931,4JCK
P17931,4LBJ
P17931,4LBK
P17931,4LBL
P17931,4LBM
P17931,4LBN
P17931,4LBO
P17931,4R9A
P17931,4R9B
P17931,4R9C
P17931,4R9D
P17931,4RL7
P17931,4XBN
P17931,5E88
P17931,5E89
P17931,5E8A
P17931,5EXO
P17931,5H9P
P17931,5H9R
P17931,5IUQ
P17931,5NF7
P17931,5NF9
P17931,5NFA
P17931,5NFB
P17931,5NFC
P17931,5OAX
P17931,5ODY
P17931,6B8K
P17931,6EOG
P17931,6EOL
P17931,6EXY
P17931,6EYM
P17931,6F2Q
P17931,6F6Y
P17931,6FK2
P17931,6FOF
P17931,6G0V
P17931,6H64
P17931,6I74
P17931,6I75
P17931,6I76
P17931,6I77
P17931,6I78
P17931,6KXA
P17931,6KXB
P17931,6Q0Q
P17931,6Q17
P17931,6QGE
P17931,6QGF
P17931,6QLN
P17931,6QLO
P17931,6QLP
P17931,6QLQ
P17931,6QLR
P17931,6QLS
P17931,6QLT
P17931,6QLU
P17931,6RHL
P17931,6RHM
P17931,6RZF
P17931,6RZG
P17931,6RZH
P17931,6RZI
P17931,6RZJ
P17931,6RZK
P17931,6RZL
P17931,6RZM
P17931,6TF6
P17931,6TF7
P17931,6Y4C
P17931,6Y78
P17931,6ZVF
P17931,7BE3
P17931,7CXA
P17931,7DF5
P17931,7RDO
P17931,7RDP
P17931,7RGX
P17931,7RGY
P17931,7RGZ
P17931,7RH0
P17931,7RH1
P17931,7RH3
P17931,7RH4
P17931,7XFA
P17931,7ZQX
P17931,8BZ3
P17931,8ITX
P17931,8ITZ
P17931,8OJI
P17931,8OJK
P17931,8OJM
P17931,8OJO
P17931,8PBF
P17931,8PF9
P17931,8PFF
P17931,8PPN
P17931,8RMT
P17931,8RMU
P17931,8RMV
P17931,8RR7
P17931,8RR8
P17931,8RR9
P17931,8RRA
P17931,8RRB
P17931,8RRC
P17931,8RRE
P17931,8RRF
P17931,8RRG
P17931,8S67
P17931,8YMD
P17931,8Z1S
P17931,8Z1T
P17931,8Z25
P17931,8ZUV
P17931,9FDB
P17931,9FDC
P17931,9GF1
P17935,3DIH
P17936,7WRQ
P17948,1FLT
P17948,1QSV
P17948,1QSZ
P17948,1QTY
P17948,1RV6
P17948,2XAC
P17948,3HNG
P17948,4CKV
P17948,4CL7
P17948,5ABD
P17948,5EX3
P17948,5T89
P17955,5H1X
P17987,6NR8
P17987,6NR9
P17987,6NRA
P17987,6NRB
P17987,6NRC
P17987,6NRD
P17987,6QB8
P17987,7LUM
P17987,7LUP
P17987,7NVL
P17987,7NVM
P17987,7NVN
P17987,7NVO
P17987,7WU7
P17987,7WZ3
P17987,7X0A
P17987,7X0V
P17987,7X3J
P17987,7X3U
P17987,7X6Q
P17987,7X7Y
P17987,8HKI
P17987,8I1U
P17987,8I9U
P17987,8IB8
P17987,8SFE
P17987,8SFF
P17987,8SG8
P17987,8SG9
P17987,8SGC
P17987,8SGL
P17987,8SGQ
P17987,8SH9
P17987,8SHA
P17987,8SHD
P17987,8SHE
P17987,8SHF
P17987,8SHG
P17987,8SHL
P17987,8SHN
P17987,8SHO
P17987,8SHP
P17987,8SHQ
P17987,8SHT
P18031,1A5Y
P18031,1AAX
P18031,1BZC
P18031,1BZH
P18031,1BZJ
P18031,1C83
P18031,1C84
P18031,1C85
P18031,1C86
P18031,1C87
P18031,1C88
P18031,1ECV
P18031,1EEN
P18031,1EEO
P18031,1G1F
P18031,1G1G
P18031,1G1H
P18031,1G7F
P18031,1G7G
P18031,1GFY
P18031,1I57
P18031,1JF7
P18031,1KAK
P18031,1KAV
P18031,1L8G
P18031,1LQF
P18031,1NL9
P18031,1NNY
P18031,1NO6
P18031,1NWE
P18031,1NWL
P18031,1NZ7
P18031,1OEM
P18031,1OEO
P18031,1OES
P18031,1OET
P18031,1OEU
P18031,1OEV
P18031,1ONY
P18031,1ONZ
P18031,1PA1
P18031,1PH0
P18031,1PTT
P18031,1PTU
P18031,1PTV
P18031,1PTY
P18031,1PXH
P18031,1PYN
P18031,1Q1M
P18031,1Q6J
P18031,1Q6M
P18031,1Q6N
P18031,1Q6P
P18031,1Q6S
P18031,1Q6T
P18031,1QXK
P18031,1SUG
P18031,1T48
P18031,1T49
P18031,1T4J
P18031,1WAX
P18031,1XBO
P18031,2AZR
P18031,2B07
P18031,2B4S
P18031,2BGD
P18031,2BGE
P18031,2CM2
P18031,2CM3
P18031,2CM7
P18031,2CM8
P18031,2CMA
P18031,2CMB
P18031,2CMC
P18031,2CNE
P18031,2CNF
P18031,2CNG
P18031,2CNH
P18031,2CNI
P18031,2F6F
P18031,2F6T
P18031,2F6V
P18031,2F6W
P18031,2F6Y
P18031,2F6Z
P18031,2F70
P18031,2F71
P18031,2FJM
P18031,2FJN
P18031,2H4G
P18031,2H4K
P18031,2HB1
P18031,2HNP
P18031,2HNQ
P18031,2NT7
P18031,2NTA
P18031,2QBP
P18031,2QBQ
P18031,2QBR
P18031,2QBS
P18031,2VEU
P18031,2VEV
P18031,2VEW
P18031,2VEX
P18031,2VEY
P18031,2ZMM
P18031,2ZN7
P18031,3A5J
P18031,3A5K
P18031,3CWE
P18031,3D9C
P18031,3EAX
P18031,3EB1
P18031,3EU0
P18031,3I7Z
P18031,3I80
P18031,3QKP
P18031,3QKQ
P18031,3SME
P18031,3ZMP
P18031,3ZMQ
P18031,3ZV2
P18031,4BJO
P18031,4I8N
P18031,4QAH
P18031,4QAP
P18031,4QBE
P18031,4QBW
P18031,4Y14
P18031,4ZRT
P18031,5K9V
P18031,5K9W
P18031,5KA0
P18031,5KA1
P18031,5KA2
P18031,5KA3
P18031,5KA4
P18031,5KA7
P18031,5KA8
P18031,5KA9
P18031,5KAA
P18031,5KAB
P18031,5KAC
P18031,5KAD
P18031,5QDE
P18031,5QDF
P18031,5QDG
P18031,5QDH
P18031,5QDI
P18031,5QDJ
P18031,5QDK
P18031,5QDL
P18031,5QDM
P18031,5QDN
P18031,5QDO
P18031,5QDP
P18031,5QDQ
P18031,5QDR
P18031,5QDS
P18031,5QDT
P18031,5QDU
P18031,5QDV
P18031,5QDW
P18031,5QDX
P18031,5QDY
P18031,5QDZ
P18031,5QE0
P18031,5QE1
P18031,5QE2
P18031,5QE3
P18031,5QE4
P18031,5QE5
P18031,5QE6
P18031,5QE7
P18031,5QE8
P18031,5QE9
P18031,5QEA
P18031,5QEB
P18031,5QEC
P18031,5QED
P18031,5QEE
P18031,5QEF
P18031,5QEG
P18031,5QEH
P18031,5QEI
P18031,5QEJ
P18031,5QEK
P18031,5QEL
P18031,5QEM
P18031,5QEN
P18031,5QEO
P18031,5QEP
P18031,5QEQ
P18031,5QER
P18031,5QES
P18031,5QET
P18031,5QEU
P18031,5QEV
P18031,5QEW
P18031,5QEX
P18031,5QEY
P18031,5QEZ
P18031,5QF0
P18031,5QF1
P18031,5QF2
P18031,5QF3
P18031,5QF4
P18031,5QF5
P18031,5QF6
P18031,5QF7
P18031,5QF8
P18031,5QF9
P18031,5QFA
P18031,5QFB
P18031,5QFC
P18031,5QFD
P18031,5QFE
P18031,5QFF
P18031,5QFG
P18031,5QFH
P18031,5QFI
P18031,5QFJ
P18031,5QFK
P18031,5QFL
P18031,5QFM
P18031,5QFN
P18031,5QFO
P18031,5QFP
P18031,5QFQ
P18031,5QFR
P18031,5QFS
P18031,5QFT
P18031,5QFU
P18031,5QFV
P18031,5QFW
P18031,5QFX
P18031,5QFY
P18031,5QFZ
P18031,5QG0
P18031,5QG1
P18031,5QG2
P18031,5QG3
P18031,5QG4
P18031,5QG5
P18031,5QG6
P18031,5QG7
P18031,5QG8
P18031,5QG9
P18031,5QGA
P18031,5QGB
P18031,5QGC
P18031,5QGD
P18031,5QGE
P18031,5QGF
P18031,5T19
P18031,6B8E
P18031,6B8T
P18031,6B8X
P18031,6B8Z
P18031,6B90
P18031,6B95
P18031,6BAI
P18031,6CWU
P18031,6CWV
P18031,6NTP
P18031,6OL4
P18031,6OLQ
P18031,6OLV
P18031,6OMY
P18031,6PFW
P18031,6PG0
P18031,6PGT
P18031,6PHA
P18031,6PHS
P18031,6PM8
P18031,6W30
P18031,6XE8
P18031,6XEA
P18031,6XED
P18031,6XEE
P18031,6XEF
P18031,6XEG
P18031,7FQM
P18031,7FQN
P18031,7FQO
P18031,7FQP
P18031,7FQQ
P18031,7FQR
P18031,7FQS
P18031,7FQT
P18031,7FQU
P18031,7FQV
P18031,7FQW
P18031,7FQX
P18031,7FQY
P18031,7FQZ
P18031,7FRE
P18031,7FRF
P18031,7FRG
P18031,7FRH
P18031,7FRI
P18031,7FRJ
P18031,7FRK
P18031,7FRL
P18031,7FRM
P18031,7FRN
P18031,7FRO
P18031,7FRP
P18031,7FRQ
P18031,7FRR
P18031,7FRS
P18031,7FRT
P18031,7FRU
P18031,7GS7
P18031,7GS8
P18031,7GS9
P18031,7GSA
P18031,7GSB
P18031,7GSC
P18031,7GSD
P18031,7GSE
P18031,7GSF
P18031,7GSG
P18031,7GSH
P18031,7GSI
P18031,7GSJ
P18031,7GSK
P18031,7GSL
P18031,7GSM
P18031,7GSN
P18031,7GSO
P18031,7GSQ
P18031,7GSR
P18031,7GST
P18031,7GSU
P18031,7GSV
P18031,7GSW
P18031,7GSX
P18031,7GSY
P18031,7GSZ
P18031,7GT0
P18031,7GT1
P18031,7GT2
P18031,7GT3
P18031,7GT4
P18031,7GT5
P18031,7GT6
P18031,7GT7
P18031,7GT8
P18031,7GT9
P18031,7GTA
P18031,7GTB
P18031,7GTC
P18031,7GTD
P18031,7GTE
P18031,7GTF
P18031,7GTG
P18031,7GTH
P18031,7GTI
P18031,7GTJ
P18031,7GTK
P18031,7GTL
P18031,7GTM
P18031,7GTN
P18031,7GTO
P18031,7GTP
P18031,7GTQ
P18031,7GTR
P18031,7GTS
P18031,7GTT
P18031,7GTU
P18031,7GTV
P18031,7GTW
P18031,7GTX
P18031,7GTY
P18031,7GTZ
P18031,7GU0
P18031,7GU1
P18031,7GU2
P18031,7GU3
P18031,7GU4
P18031,7GU5
P18031,7GU6
P18031,7GU7
P18031,7GU8
P18031,7GU9
P18031,7GUA
P18031,7GUB
P18031,7GUC
P18031,7KEN
P18031,7KEY
P18031,7KLX
P18031,7L0C
P18031,7L0H
P18031,7LFO
P18031,7MKZ
P18031,7MM1
P18031,7MN7
P18031,7MN9
P18031,7MNA
P18031,7MNB
P18031,7MNC
P18031,7MND
P18031,7MNE
P18031,7MNF
P18031,7MOU
P18031,7MOV
P18031,7MOW
P18031,7RIN
P18031,7S4F
P18031,8DU7
P18031,8EXI
P18031,8EXJ
P18031,8EXM
P18031,8EXN
P18031,8EYC
P18031,8G65
P18031,8G67
P18031,8G68
P18031,8G69
P18031,8G6A
P18031,8SKL
P18031,8U1E
P18031,8XOY
P18031,9C66
P18031,9CYO
P18031,9CYP
P18031,9CYQ
P18031,9CYR
P18052,1P15
P18052,1YFO
P18068,2PLT
P18068,7ZQE
P18074,5IVW
P18074,5IY6
P18074,5IY7
P18074,5IY8
P18074,5IY9
P18074,5OF4
P18074,6NMI
P18074,6O9L
P18074,6O9M
P18074,6RO4
P18074,6TUN
P18074,7AD8
P18074,7EGB
P18074,7EGC
P18074,7NVW
P18074,7NVX
P18074,7NVY
P18074,7NVZ
P18074,7NW0
P18074,8BVW
P18074,8BYQ
P18074,8EBS
P18074,8EBT
P18074,8EBU
P18074,8EBV
P18074,8EBW
P18074,8EBX
P18074,8EBY
P18074,8WAK
P18074,8WAL
P18074,8WAN
P18074,8WAO
P18074,8WAP
P18074,8WAQ
P18074,8WAR
P18074,8WAS
P18077,6LQM
P18077,6LSR
P18077,6Y6X
P18077,7BHP
P18077,7F5S
P18077,7OW7
P18077,8A3D
P18077,8FKP
P18077,8FKQ
P18077,8FKR
P18077,8FKS
P18077,8FKT
P18077,8FKU
P18077,8FKV
P18077,8FKW
P18077,8FKX
P18077,8FKY
P18077,8FKZ
P18077,8FL0
P18077,8IR1
P18077,8QYX
P18077,8UJC
P18077,8UJD
P18077,9GMO
P18077,9QIW
P18089,6K41
P18146,4R2A
P18146,4R2C
P18146,4R2D
P18146,4X9J
P18146,5N14
P18153,3DXL
P18153,3DY9
P18153,3DYE
P18153,3DZT
P18181,2PTT
P18181,2PTV
P18238,4C9J
P18238,4C9Q
P18239,4C9G
P18239,4C9H
P18283,2HE3
P18418,1HHN
P18418,1K91
P18418,1K9C
P18507,7QNB
P18508,2PR9
P18510,1ILR
P18510,1ILT
P18510,1IRP
P18510,2IRT
P18511,1FU3
P18572,7Y1B
P18619,1FVL
P18621,5A8L
P18627,7TZG
P18627,7TZH
P18627,7UM3
P18627,8SO3
P18627,8SR0
P18754,1A12
P18754,1I2M
P18754,5E1B
P18754,5E1D
P18754,5E1M
P18754,5E1O
P18754,5E2A
P18754,5E2B
P18754,5TBK
P18754,6DUB
P18754,8UX1
P18827,4GVC
P18827,4GVD
P18827,6EJE
P18848,1CI6
P18872,3C7K
P18886,2DEB
P18886,2FW3
P18886,2FYO
P18886,2H4T
P18886,2RCU
P18886,4EP9
P18886,4EPH
P18886,4EYW
P18902,1ERB
P18902,1FEL
P18902,1FEM
P18902,1FEN
P18902,1HBP
P18902,1HBQ
P18902,1KT3
P18902,1KT4
P18902,1KT5
P18902,1KT6
P18902,1KT7
P18910,1DP4
P18910,1T34
P18910,3A3K
P18910,7BRG
P18910,7BRH
P18910,7BRI
P18910,7BRJ
P18910,7BRK
P18910,7BRL
P18946,1BCC
P18946,2BCC
P18946,3BCC
P18946,3CWB
P18946,3H1H
P18946,3H1I
P18946,3H1J
P18946,3H1K
P18946,3H1L
P18946,3L70
P18946,3L71
P18946,3L72
P18946,3L73
P18946,3L74
P18946,3L75
P18946,3TGU
P18946,4U3F
P18965,3S9A
P18965,3S9B
P18965,3S9C
P18965,3SBK
P19156,1IWC
P19156,1IWF
P19156,2XZB
P19156,2YN9
P19156,3IXZ
P19156,4UX1
P19156,4UX2
P19156,5Y0B
P19156,5YLU
P19156,5YLV
P19156,6JXH
P19156,6JXI
P19156,6JXJ
P19156,6JXK
P19156,7EFL
P19156,7EFM
P19156,7EFN
P19156,7ET1
P19156,7W47
P19156,7W48
P19156,7W49
P19156,7W4A
P19156,8IJV
P19156,8IJW
P19156,8IJX
P19156,8JMN
P19156,8WA5
P19235,1CN4
P19235,1EBA
P19235,1EBP
P19235,1EER
P19235,1ERN
P19235,2JIX
P19235,2MV6
P19235,4Y5V
P19235,4Y5X
P19235,4Y5Y
P19235,6I4X
P19235,6MOE
P19235,6MOF
P19235,6MOH
P19235,6MOI
P19235,6MOJ
P19235,6MOK
P19235,6MOL
P19235,8VUI
P19235,8VVM
P19235,8VVO
P19367,1CZA
P19367,1DGK
P19367,1HKB
P19367,1HKC
P19367,1QHA
P19367,4F9O
P19367,4FOE
P19367,4FOI
P19367,4FPA
P19367,4FPB
P19438,1EXT
P19438,1FT4
P19438,1ICH
P19438,1NCF
P19438,1TNR
P19438,7K7A
P19438,7KP7
P19438,7KP8
P19438,8P6Q
P19440,4GDX
P19440,4GG2
P19440,4Z9O
P19440,4ZBK
P19440,4ZC6
P19440,4ZCG
P19440,5V4Q
P19440,6XPB
P19440,6XPC
P19440,7LA5
P19440,7LBC
P19440,7LD9
P19456,5KSD
P19474,2IWG
P19474,5JPX
P19474,5OLM
P19474,6FGA
P19474,8A58
P19474,8Y58
P19474,8Y59
P19474,8Y5B
P19474,9EK5
P19474,9II5
P19474,9M3N
P19474,9QBA
P19483,2JMX
P19483,6ZIQ
P19483,6ZIT
P19483,6ZIU
P19484,7Y62
P19490,3SAJ
P19490,6NJL
P19490,6NJN
P19490,6QKC
P19490,6QKZ
P19490,7OCA
P19490,7OCC
P19490,7OCD
P19490,7OCE
P19490,7OCF
P19490,7QHB
P19490,7QHH
P19490,8AYL
P19490,8AYM
P19490,8AYN
P19490,8AYO
P19490,8C1P
P19490,8C1Q
P19490,8C2H
P19490,8C2I
P19490,8P3T
P19490,8P3U
P19490,8P3V
P19490,8P3W
P19490,9NR6
P19490,9NR7
P19490,9NR8
P19490,9NR9
P19490,9NRA
P19492,3DLN
P19492,3DP4
P19492,3LSW
P19492,3LSX
P19492,3M3F
P19492,3M3K
P19492,3O21
P19492,3P3W
P19492,3RT6
P19492,3RT8
P19492,4F1Y
P19492,4F22
P19492,4F29
P19492,4F2O
P19492,4F2Q
P19492,4F31
P19492,4F39
P19492,4F3B
P19492,4F3G
P19492,5FWY
P19492,5IDE
P19492,5IDF
P19492,6FLR
P19492,6FPJ
P19492,6NJM
P19492,9HPC
P19492,9HPD
P19492,9HPE
P19492,9HPF
P19492,9HPG
P19492,9HPK
P19492,9QFH
P19517,5GJV
P19517,5GJW
P19517,6JP5
P19517,6JP8
P19525,1QU6
P19525,2A19
P19525,2A1A
P19525,3UIU
P19525,6D3K
P19525,6D3L
P19525,7OBK
P19525,7OBL
P19525,8BI7
P19525,8I9J
P19525,8IZN
P19532,7F09
P19544,1XF7
P19544,2JP9
P19544,2JPA
P19544,2PRT
P19544,4R2E
P19544,4R2P
P19544,4R2Q
P19544,4R2R
P19544,4R2S
P19544,5KL2
P19544,5KL3
P19544,5KL4
P19544,5KL5
P19544,5KL6
P19544,5KL7
P19544,6B0O
P19544,6B0P
P19544,6B0Q
P19544,6B0R
P19544,6BLW
P19544,6WLH
P19544,7BBG
P19544,8ISN
P19597,6B0S
P19597,6O23
P19597,6O24
P19597,6O25
P19597,6O26
P19597,6O28
P19597,6O29
P19597,6O2A
P19597,6O2B
P19597,6O2C
P19597,6ULE
P19597,6ULF
P19597,6VLN
P19597,8F9E
P19597,8F9V
P19597,8FA7
P19597,8FAN
P19597,8FB5
P19597,8FB6
P19597,8FB8
P19597,8FDC
P19597,8OIL
P19597,9HZJ
P19597,9HZK
P19608,1OPS
P19614,1AME
P19614,1B7I
P19614,1B7J
P19614,1B7K
P19614,1EKL
P19614,1GZI
P19614,1HG7
P19614,1JAB
P19614,1KDE
P19614,1KDF
P19614,1MSI
P19614,1MSJ
P19614,2AME
P19614,2JIA
P19614,2MSI
P19614,2MSJ
P19614,2SPG
P19614,3AME
P19614,3MSI
P19614,3QF6
P19614,4AME
P19614,4MSI
P19614,4NY6
P19614,5C7R
P19614,5MSI
P19614,6AME
P19614,6MSI
P19614,7AME
P19614,7MSI
P19614,7Q3V
P19614,8AME
P19614,8MSI
P19614,9AME
P19614,9CBE
P19614,9MSI
P19619,1HM6
P19619,1MCX
P19632,1A0R
P19793,1BY4
P19793,1FBY
P19793,1FM6
P19793,1FM9
P19793,1G1U
P19793,1G5Y
P19793,1K74
P19793,1MV9
P19793,1MVC
P19793,1MZN
P19793,1R0N
P19793,1RDT
P19793,1RXR
P19793,1XLS
P19793,1XV9
P19793,1XVP
P19793,2ACL
P19793,2NLL
P19793,2P1T
P19793,2P1U
P19793,2P1V
P19793,2ZXZ
P19793,2ZY0
P19793,3DZU
P19793,3DZY
P19793,3E00
P19793,3E94
P19793,3FAL
P19793,3FC6
P19793,3FUG
P19793,3H0A
P19793,3KWY
P19793,3NSP
P19793,3NSQ
P19793,3OAP
P19793,3OZJ
P19793,3PCU
P19793,3R29
P19793,3R2A
P19793,3R5M
P19793,3UVV
P19793,4CN2
P19793,4CN3
P19793,4CN5
P19793,4CN7
P19793,4J5W
P19793,4J5X
P19793,4K4J
P19793,4K6I
P19793,4M8E
P19793,4M8H
P19793,4N5G
P19793,4N8R
P19793,4NQA
P19793,4OC7
P19793,4POH
P19793,4POJ
P19793,4PP3
P19793,4PP5
P19793,4RFW
P19793,4RMC
P19793,4RMD
P19793,4RME
P19793,4ZO1
P19793,4ZSH
P19793,5EC9
P19793,5JI0
P19793,5LYQ
P19793,5MJ5
P19793,5MK4
P19793,5MKJ
P19793,5MKU
P19793,5MMW
P19793,5TBP
P19793,5Z12
P19793,5ZQU
P19793,6A5Y
P19793,6A5Z
P19793,6A60
P19793,6FBQ
P19793,6FBR
P19793,6HN6
P19793,6JNO
P19793,6JNR
P19793,6L6K
P19793,6LB4
P19793,6LB5
P19793,6LB6
P19793,6SJM
P19793,6STI
P19793,6XWH
P19793,7A77
P19793,7B88
P19793,7B9O
P19793,7BK4
P19793,7CFO
P19793,7NKE
P19793,7UW2
P19793,7UW4
P19793,8HBM
P19793,8PP0
P19793,9QX6
P19793,9RMR
P19835,1F6W
P19835,1JMY
P19835,6H0T
P19835,6H0V
P19835,6H18
P19835,6H19
P19835,6H1A
P19836,1PEH
P19836,1PEI
P19836,3HL4
P19836,4MVC
P19836,4MVD
P19880,1SSE
P19954,5MMJ
P19954,5MMM
P19954,5X8P
P19954,5X8R
P19954,6ERI
P19999,1AFA
P19999,1AFB
P19999,1AFD
P19999,1BCH
P19999,1BCJ
P19999,1BUU
P19999,1FIF
P19999,1FIH
P19999,1KMB
P19999,1KWT
P19999,1KWU
P19999,1KWV
P19999,1KWW
P19999,1KWX
P19999,1KWY
P19999,1KWZ
P19999,1KX0
P19999,1KX1
P19999,1MSB
P19999,1RTM
P19999,1YTT
P19999,2KMB
P19999,2MSB
P19999,3KMB
P19999,4KMB
P20020,6A69
P20023,1GHQ
P20023,1LY2
P20023,1W2R
P20023,1W2S
P20023,2ATY
P20023,2GSX
P20023,3OED
P20023,8SM0
P20023,8ZNI
P20062,2BB5
P20062,5NO0
P20062,5NP4
P20062,5NRP
P20062,5NSA
P20067,6MGM
P20067,6MGN
P20067,6U2U
P20081,1YAT
P20115,6K5V
P20138,5IHB
P20138,5J06
P20138,5J0B
P20138,6D48
P20138,6D49
P20138,6D4A
P20138,6TL8
P20138,7AW6
P20138,9BET
P20155,2JXD
P20155,6KBR
P20160,1A7S
P20160,1AE5
P20160,1FY1
P20160,1FY3
P20239,5BUP
P20239,5II6
P20239,8RKH
P20239,9H4R
P20239,9H4S
P20248,1E9H
P20248,1FIN
P20248,1FVV
P20248,1GY3
P20248,1H1P
P20248,1H1Q
P20248,1H1R
P20248,1H1S
P20248,1H24
P20248,1H25
P20248,1H27
P20248,1H28
P20248,1JST
P20248,1JSU
P20248,1OGU
P20248,1OI9
P20248,1OIU
P20248,1OIY
P20248,1OKV
P20248,1OKW
P20248,1OL1
P20248,1OL2
P20248,1P5E
P20248,1PKD
P20248,1QMZ
P20248,1URC
P20248,1VYW
P20248,2BKZ
P20248,2BPM
P20248,2C4G
P20248,2C5N
P20248,2C5O
P20248,2C5V
P20248,2C5X
P20248,2C6T
P20248,2CCH
P20248,2CCI
P20248,2CJM
P20248,2I40
P20248,2IW6
P20248,2IW8
P20248,2IW9
P20248,2UUE
P20248,2UZB
P20248,2UZD
P20248,2UZE
P20248,2UZL
P20248,2V22
P20248,2WEV
P20248,2WFY
P20248,2WHB
P20248,2WIH
P20248,2WIP
P20248,2WMA
P20248,2WMB
P20248,2WPA
P20248,2WXV
P20248,2X1N
P20248,3EID
P20248,3EJ1
P20248,3EOC
P20248,3F5X
P20248,4BCK
P20248,4BCM
P20248,4BCN
P20248,4BCP
P20248,4CFM
P20248,4CFN
P20248,4CFU
P20248,4CFV
P20248,4CFW
P20248,4CFX
P20248,4EOI
P20248,4EOJ
P20248,4EOK
P20248,4EOL
P20248,4EOM
P20248,4EON
P20248,4EOO
P20248,4EOP
P20248,4EOQ
P20248,4EOR
P20248,4EOS
P20248,4FX3
P20248,5CYI
P20248,5IF1
P20248,5LMK
P20248,5NEV
P20248,6ATH
P20248,6GVA
P20248,6P3W
P20248,6Q6G
P20248,6Q6H
P20248,6RIJ
P20248,6SG4
P20248,7ACK
P20248,7B5R
P20248,7B7S
P20248,7LUO
P20248,7MKX
P20248,7QHL
P20248,8B54
P20248,8BYA
P20248,8BZO
P20248,9GLA
P20263,1OCP
P20263,3L1P
P20263,6HT5
P20263,8BX1
P20263,8BX2
P20290,3LKX
P20290,3MCB
P20290,7QWR
P20290,9F1B
P20290,9F1C
P20290,9F1D
P20290,9FQ0
P20290,9MR4
P20309,2CSA
P20309,8E9W
P20309,8E9Y
P20309,8E9Z
P20309,8EA0
P20338,1YU9
P20338,1Z0K
P20338,2BMD
P20338,2BME
P20339,1N6H
P20339,1N6I
P20339,1N6K
P20339,1N6L
P20339,1N6N
P20339,1N6O
P20339,1N6P
P20339,1N6R
P20339,1R2Q
P20339,1TU3
P20339,1TU4
P20339,3MJH
P20339,4Q9U
P20340,1YZQ
P20340,2GIL
P20340,3BBP
P20340,3CWZ
P20340,4DKX
P20340,5LEF
P20435,1I3Q
P20435,1I50
P20435,1I6H
P20435,1K83
P20435,1NIK
P20435,1NT9
P20435,1PQV
P20435,1R5U
P20435,1R9S
P20435,1R9T
P20435,1SFO
P20435,1TWA
P20435,1TWC
P20435,1TWF
P20435,1TWG
P20435,1TWH
P20435,1WCM
P20435,1Y1V
P20435,1Y1W
P20435,1Y1Y
P20435,1Y77
P20435,2B63
P20435,2B8K
P20435,2E2H
P20435,2E2I
P20435,2E2J
P20435,2JA5
P20435,2JA6
P20435,2JA7
P20435,2JA8
P20435,2NVQ
P20435,2NVT
P20435,2NVX
P20435,2NVY
P20435,2NVZ
P20435,2R7Z
P20435,2R92
P20435,2R93
P20435,2VUM
P20435,2YU9
P20435,3CQZ
P20435,3FKI
P20435,3GTG
P20435,3GTJ
P20435,3GTK
P20435,3GTL
P20435,3GTM
P20435,3GTO
P20435,3GTP
P20435,3GTQ
P20435,3H3V
P20435,3HOU
P20435,3HOV
P20435,3HOW
P20435,3HOX
P20435,3HOY
P20435,3HOZ
P20435,3I4M
P20435,3I4N
P20435,3J0K
P20435,3J1N
P20435,3K1F
P20435,3K7A
P20435,3M3Y
P20435,3M4O
P20435,3PO2
P20435,3PO3
P20435,3QT1
P20435,3RZD
P20435,3RZO
P20435,3S14
P20435,3S15
P20435,3S16
P20435,3S17
P20435,3S1M
P20435,3S1N
P20435,3S1Q
P20435,3S1R
P20435,3S2D
P20435,3S2H
P20435,4A3B
P20435,4A3C
P20435,4A3D
P20435,4A3E
P20435,4A3F
P20435,4A3G
P20435,4A3I
P20435,4A3J
P20435,4A3K
P20435,4A3L
P20435,4A3M
P20435,4A93
P20435,4BBR
P20435,4BBS
P20435,4BXX
P20435,4BXZ
P20435,4BY1
P20435,4BY7
P20435,4C2M
P20435,4C3H
P20435,4C3I
P20435,4C3J
P20435,4V1M
P20435,4V1N
P20435,4V1O
P20435,4X67
P20435,4X6A
P20435,4Y52
P20435,4Y7N
P20435,4YM7
P20435,5C3E
P20435,5C44
P20435,5C4A
P20435,5C4J
P20435,5C4X
P20435,5FJ8
P20435,5FJ9
P20435,5FJA
P20435,5FMF
P20435,5FYW
P20435,5FZ5
P20435,5G5L
P20435,5IP7
P20435,5IP9
P20435,5LMX
P20435,5M3F
P20435,5M3M
P20435,5M5W
P20435,5M5X
P20435,5M5Y
P20435,5M64
P20435,5N5Y
P20435,5N5Z
P20435,5N60
P20435,5N61
P20435,5OA1
P20435,5OQJ
P20435,5OQM
P20435,5OT2
P20435,5SVA
P20435,5U5Q
P20435,5VVR
P20435,5VVS
P20435,5W4U
P20435,5W51
P20435,5W5Y
P20435,5W64
P20435,5W65
P20435,5W66
P20435,6BLO
P20435,6BLP
P20435,6BM2
P20435,6BM4
P20435,6BQF
P20435,6CNB
P20435,6CNC
P20435,6CND
P20435,6CNF
P20435,6EU0
P20435,6EU1
P20435,6EU2
P20435,6EU3
P20435,6F40
P20435,6F41
P20435,6F42
P20435,6F44
P20435,6GYK
P20435,6GYL
P20435,6GYM
P20435,6H67
P20435,6H68
P20435,6HKO
P20435,6HLQ
P20435,6HLR
P20435,6HLS
P20435,6I84
P20435,6O6C
P20435,6RQH
P20435,6RQL
P20435,6RQT
P20435,6RRD
P20435,6RUI
P20435,6RUO
P20435,6RWE
P20435,6TPS
P20435,6TUT
P20435,6UPX
P20435,6UPY
P20435,6UPZ
P20435,6UQ0
P20435,6UQ1
P20435,6UQ2
P20435,6UQ3
P20435,7KED
P20435,7KEE
P20435,7KEF
P20435,7MEI
P20435,7MK9
P20435,7MKA
P20435,7ML0
P20435,7ML1
P20435,7ML2
P20435,7ML4
P20435,7NKX
P20435,7NKY
P20435,7O4I
P20435,7O4J
P20435,7O4K
P20435,7O4L
P20435,7O72
P20435,7O73
P20435,7O75
P20435,7RIM
P20435,7RIP
P20435,7RIQ
P20435,7RIW
P20435,7RIX
P20435,7RIY
P20435,7UI9
P20435,7UIF
P20435,7UIO
P20435,7Z0H
P20435,7Z1L
P20435,7Z1M
P20435,7Z1N
P20435,7Z1O
P20435,7Z2Z
P20435,7Z30
P20435,7Z31
P20435,7ZS9
P20435,7ZSA
P20435,7ZSB
P20435,8BWS
P20435,8CEN
P20435,8CEO
P20435,8JCH
P20435,8K5P
P20435,8RAM
P20435,8RAP
P20435,8TUG
P20435,8TVP
P20435,8TVQ
P20435,8TVS
P20435,8TVV
P20435,8TVW
P20435,8TVX
P20435,8TVY
P20435,8U9R
P20435,8U9X
P20435,8UKQ
P20435,8UKR
P20435,8UKS
P20435,8UKT
P20435,8UKU
P20435,8UMH
P20435,8UMI
P20435,8UOQ
P20435,8UOT
P20435,9BVT
P20435,9BW0
P20435,9G1V
P20435,9G1X
P20435,9G23
P20435,9G24
P20435,9G26
P20435,9G27
P20435,9G29
P20435,9G2B
P20435,9G2C
P20435,9JA1
P20435,9N5B
P20435,9N5C
P20435,9N5D
P20435,9N5E
P20435,9N5F
P20435,9N5G
P20443,4ZWJ
P20443,5DGY
P20443,5W0P
P20474,5TFV
P20591,3LJB
P20591,3SZR
P20591,3ZYS
P20591,4P4S
P20591,4P4T
P20591,4P4U
P20591,5GTM
P20592,4WHJ
P20592,4X0R
P20592,5UOT
P20618,5L5B
P20618,5L5D
P20618,5L5E
P20618,5L5F
P20618,5L5H
P20618,5L5I
P20618,5L5J
P20618,5L5O
P20618,5L5P
P20618,5L5Q
P20618,5L5R
P20618,5L5S
P20618,5L5T
P20618,5L5U
P20618,5L5V
P20618,5L5W
P20618,5L5X
P20618,5L5Y
P20618,5L5Z
P20618,5L60
P20618,5L61
P20618,5L62
P20618,5L63
P20618,5L64
P20618,5M2B
P20676,4C31
P20676,4MBE
P20676,5OWU
P20701,1CQP
P20701,1DGQ
P20701,1LFA
P20701,1MJN
P20701,1MQ8
P20701,1MQ9
P20701,1MQA
P20701,1RD4
P20701,1T0P
P20701,1XDD
P20701,1XDG
P20701,1XUO
P20701,1ZON
P20701,1ZOO
P20701,1ZOP
P20701,2ICA
P20701,2K8O
P20701,2M3E
P20701,2O7N
P20701,3BN3
P20701,3BQM
P20701,3BQN
P20701,3E2M
P20701,3EOA
P20701,3EOB
P20701,3F74
P20701,3F78
P20701,3HI6
P20701,3M6F
P20701,3TCX
P20701,4IXD
P20701,7KC3
P20701,7KC5
P20701,7KC6
P20781,1T3E
P20781,2FTS
P20781,4PD1
P20789,3ZEV
P20789,4BUO
P20789,4BV0
P20789,4BWB
P20789,4GRV
P20789,4XEE
P20789,4XES
P20789,5T04
P20789,6YVR
P20789,6Z4Q
P20789,6Z4S
P20789,6Z4V
P20789,6Z66
P20789,6Z8N
P20789,6ZA8
P20789,6ZIN
P20789,8FMZ
P20789,8FN0
P20789,8FN1
P20807,4OKH
P20807,6BDT
P20807,6BGP
P20807,6BJD
P20807,6BKJ
P20809,4MHL
P20809,6O4O
P20809,8DPV
P20809,8DPW
P20809,8QY4
P20839,1JCN
P20839,7RER
P20839,7RES
P20839,7RFE
P20839,7RFF
P20839,7RFG
P20839,7RFH
P20839,7RFI
P20839,7RGD
P20839,7RGI
P20839,7RGL
P20839,7RGM
P20839,7RGQ
P20839,8U7M
P20839,8U7Q
P20839,8U7V
P20839,8U8O
P20839,8U8Y
P20917,5LF5
P20917,5LFR
P20917,5LFU
P20917,5LFV
P20917,6GZJ
P20917,6GZL
P20936,1WER
P20936,1WQ1
P20936,2GQI
P20936,2GSB
P20936,2J05
P20936,2J06
P20936,2M51
P20936,4FSS
P20936,6PXB
P20936,6PXC
P20936,6WAX
P20936,6WAY
P20936,8BOS
P20936,8DGQ
P20936,9BZ4
P21146,1YM7
P21146,3UZT
P21146,5HE0
P21146,5HE2
P21146,5HE3
P21146,5UKM
P21146,8JPD
P21243,1FNT
P21243,1G0U
P21243,1G65
P21243,1JD2
P21243,1RYP
P21243,1Z7Q
P21243,2F16
P21243,2FAK
P21243,2GPL
P21243,2ZCY
P21243,3BDM
P21243,3D29
P21243,3DY3
P21243,3DY4
P21243,3E47
P21243,3GPJ
P21243,3GPT
P21243,3GPW
P21243,3HYE
P21243,3MG0
P21243,3MG4
P21243,3MG6
P21243,3MG7
P21243,3MG8
P21243,3NZJ
P21243,3NZW
P21243,3NZX
P21243,3OEU
P21243,3OEV
P21243,3OKJ
P21243,3SDI
P21243,3SDK
P21243,3SHJ
P21243,3TDD
P21243,3UN4
P21243,3UN8
P21243,3WXR
P21243,4EU2
P21243,4FZC
P21243,4FZG
P21243,4G4S
P21243,4GK7
P21243,4HNP
P21243,4HRC
P21243,4HRD
P21243,4INR
P21243,4INT
P21243,4INU
P21243,4J70
P21243,4JSQ
P21243,4JSU
P21243,4JT0
P21243,4LQI
P21243,4LTC
P21243,4NNN
P21243,4NNW
P21243,4NO1
P21243,4NO6
P21243,4NO8
P21243,4NO9
P21243,4Q1S
P21243,4QBY
P21243,4QLQ
P21243,4QLS
P21243,4QLT
P21243,4QLU
P21243,4QLV
P21243,4QUX
P21243,4QUY
P21243,4QV0
P21243,4QV1
P21243,4QV3
P21243,4QV4
P21243,4QV5
P21243,4QV6
P21243,4QV7
P21243,4QV8
P21243,4QV9
P21243,4QVL
P21243,4QVM
P21243,4QVN
P21243,4QVP
P21243,4QVQ
P21243,4QVV
P21243,4QVW
P21243,4QVY
P21243,4QW0
P21243,4QW1
P21243,4QW3
P21243,4QW4
P21243,4QW5
P21243,4QW6
P21243,4QW7
P21243,4QWF
P21243,4QWG
P21243,4QWI
P21243,4QWJ
P21243,4QWK
P21243,4QWL
P21243,4QWR
P21243,4QWS
P21243,4QWU
P21243,4QWX
P21243,4QXJ
P21243,4QZ0
P21243,4QZ1
P21243,4QZ2
P21243,4QZ3
P21243,4QZ4
P21243,4QZ5
P21243,4QZ6
P21243,4QZ7
P21243,4QZW
P21243,4QZX
P21243,4QZZ
P21243,4R00
P21243,4R02
P21243,4R17
P21243,4R18
P21243,4RUR
P21243,4V7O
P21243,4X6Z
P21243,4Y69
P21243,4Y6A
P21243,4Y6V
P21243,4Y6Z
P21243,4Y70
P21243,4Y74
P21243,4Y75
P21243,4Y77
P21243,4Y78
P21243,4Y7W
P21243,4Y7X
P21243,4Y7Y
P21243,4Y80
P21243,4Y81
P21243,4Y82
P21243,4Y84
P21243,4Y8G
P21243,4Y8H
P21243,4Y8I
P21243,4Y8J
P21243,4Y8K
P21243,4Y8L
P21243,4Y8M
P21243,4Y8N
P21243,4Y8O
P21243,4Y8P
P21243,4Y8Q
P21243,4Y8R
P21243,4Y8S
P21243,4Y8T
P21243,4Y8U
P21243,4Y9Y
P21243,4Y9Z
P21243,4YA0
P21243,4YA1
P21243,4YA2
P21243,4YA3
P21243,4YA4
P21243,4YA5
P21243,4YA7
P21243,4YA9
P21243,4Z1L
P21243,5AHJ
P21243,5BOU
P21243,5BXL
P21243,5BXN
P21243,5CGF
P21243,5CGG
P21243,5CGH
P21243,5CGI
P21243,5CZ4
P21243,5CZ5
P21243,5CZ6
P21243,5CZ7
P21243,5CZ8
P21243,5CZ9
P21243,5CZA
P21243,5D0S
P21243,5D0T
P21243,5D0V
P21243,5D0W
P21243,5D0X
P21243,5D0Z
P21243,5DKI
P21243,5DKJ
P21243,5FG7
P21243,5FG9
P21243,5FGA
P21243,5FGD
P21243,5FGE
P21243,5FGF
P21243,5FGG
P21243,5FGH
P21243,5FGI
P21243,5FHS
P21243,5JHR
P21243,5JHS
P21243,5L52
P21243,5L54
P21243,5L55
P21243,5L5A
P21243,5L65
P21243,5L66
P21243,5L67
P21243,5L68
P21243,5L69
P21243,5L6A
P21243,5L6B
P21243,5L6C
P21243,5LAI
P21243,5LAJ
P21243,5LTT
P21243,5MP9
P21243,5MPA
P21243,5NIF
P21243,6EF0
P21243,6EF1
P21243,6EF2
P21243,6G7F
P21243,6G8M
P21243,6G8N
P21243,6GOP
P21243,6H39
P21243,6HTB
P21243,6HTC
P21243,6HTD
P21243,6HTP
P21243,6HTR
P21243,6HUB
P21243,6HUC
P21243,6HUQ
P21243,6HUU
P21243,6HUV
P21243,6HV3
P21243,6HV4
P21243,6HV5
P21243,6HV7
P21243,6HVA
P21243,6HVR
P21243,6HVS
P21243,6HVT
P21243,6HVU
P21243,6HVV
P21243,6HVW
P21243,6HVX
P21243,6HVY
P21243,6HW0
P21243,6HW3
P21243,6HW4
P21243,6HW5
P21243,6HW6
P21243,6HW7
P21243,6HW8
P21243,6HW9
P21243,6HWA
P21243,6HWB
P21243,6HWC
P21243,6HWD
P21243,6HWE
P21243,6HWF
P21243,6ZOU
P21243,6ZP6
P21243,6ZP8
P21243,7LS5
P21243,7LS6
P21243,7LSX
P21243,7O2L
P21243,7TEJ
P21243,7TEO
P21243,8BW1
P21243,8OHZ
P21243,8OI1
P21243,8OLR
P21243,8RHJ
P21243,8RHK
P21243,8RHL
P21243,8RVL
P21243,8RVO
P21243,8RVP
P21243,8RVQ
P21243,8T08
P21243,8T0M
P21243,8U6Y
P21243,8U7U
P21243,9AW3
P21243,9AW5
P21243,9AW6
P21243,9AW7
P21243,9C97
P21243,9C98
P21243,9D0T
P21243,9EY9
P21243,9FRW
P21243,9FST
P21243,9FSU
P21243,9FSV
P21243,9FT0
P21243,9FT1
P21243,9GBK
P21243,9QB4
P21246,2N6F
P21279,4EKC
P21279,4EKD
P21279,4GNK
P21279,4QJ3
P21279,4QJ4
P21279,4QJ5
P21279,5DO9
P21279,7SQ2
P21279,8YFS
P21281,6WLZ
P21281,6WM2
P21281,6WM3
P21281,6WM4
P21281,7U4T
P21281,7UNF
P21281,9CF8
P21281,9CFC
P21374,5GMK
P21374,5LJ3
P21374,5LJ5
P21374,6J6G
P21374,6J6H
P21374,6J6N
P21374,6J6Q
P21374,9DTR
P21396,1O5W
P21399,2B3X
P21399,2B3Y
P21439,6S7P
P21439,7NIU
P21439,7NIV
P21439,7NIW
P21447,3G5U
P21447,3G60
P21447,3G61
P21447,4KSB
P21447,4KSC
P21447,4KSD
P21447,4LSG
P21447,4M1M
P21447,4M2S
P21447,4M2T
P21447,4Q9H
P21447,4Q9I
P21447,4Q9J
P21447,4Q9K
P21447,4Q9L
P21447,4XWK
P21447,5KO2
P21447,5KOY
P21447,5KPD
P21447,5KPI
P21447,5KPJ
P21447,6GDI
P21447,6Q81
P21447,6UJN
P21447,6UJP
P21447,6UJR
P21447,6UJS
P21447,6UJT
P21447,6UJW
P21447,7OTG
P21447,7OTI
P21447,7ZK4
P21447,7ZK5
P21447,7ZK6
P21447,7ZK8
P21447,7ZK9
P21447,7ZKA
P21447,7ZKB
P21447,8AVY
P21447,8PEE
P21453,3V2W
P21453,3V2Y
P21453,7TD3
P21453,7TD4
P21457,1IKU
P21457,1JSA
P21457,1LA3
P21457,1OMR
P21457,1OMV
P21457,1REC
P21457,2HET
P21457,2I94
P21457,4M2O
P21457,4M2P
P21457,4M2Q
P21457,4MLW
P21457,4YI8
P21457,4YI9
P21524,1ZYZ
P21524,1ZZD
P21524,2CVS
P21524,2CVT
P21524,2CVU
P21524,2CVV
P21524,2CVW
P21524,2CVX
P21524,2CVY
P21524,2EUD
P21524,2ZLF
P21524,2ZLG
P21524,3K8T
P21524,3PAW
P21524,3RSR
P21524,3S87
P21524,3S8A
P21524,3S8B
P21524,3S8C
P21524,3TB9
P21524,3TBA
P21554,1LVQ
P21554,1LVR
P21554,2B0Y
P21554,2KOE
P21554,2MZ2
P21554,2MZ3
P21554,2MZA
P21554,5TGZ
P21554,5U09
P21554,5XR8
P21554,5XRA
P21554,6KQI
P21554,7FEE
P21554,7V3Z
P21554,7WV9
P21554,8K8J
P21554,8WRZ
P21554,8WU1
P21554,9B9Y
P21554,9B9Z
P21554,9BA0
P21554,9DGI
P21575,2AKA
P21575,3ZVR
P21583,1EXZ
P21583,1SCF
P21589,4H1S
P21589,4H1Y
P21589,4H2B
P21589,4H2F
P21589,4H2G
P21589,4H2I
P21589,6HXW
P21589,6S7F
P21589,6S7H
P21589,6TVE
P21589,6TVG
P21589,6TVX
P21589,6TW0
P21589,6TWA
P21589,6TWF
P21589,6VC9
P21589,6VCA
P21589,6XUE
P21589,6XUG
P21589,6XUQ
P21589,6YE1
P21589,6YE2
P21589,6Z9B
P21589,6Z9D
P21589,7BBJ
P21589,7JV8
P21589,7JV9
P21589,7P9N
P21589,7P9R
P21589,7P9T
P21589,7PA4
P21589,7PB5
P21589,7PBA
P21589,7PBB
P21589,7PBY
P21589,7PCP
P21589,7PD9
P21589,7QGA
P21589,7QGL
P21589,7QGM
P21589,7QGO
P21589,8ZNZ
P21589,9HJ4
P21589,9HJG
P21616,4A01
P21616,5GPJ
P21616,6AFS
P21616,6AFT
P21616,6AFU
P21616,6AFV
P21616,6AFW
P21616,6AFX
P21616,6AFY
P21616,6AFZ
P21695,1WPQ
P21695,1X0V
P21695,1X0X
P21695,6E8Y
P21695,6E8Z
P21695,6E90
P21695,6PYP
P21707,1BYN
P21707,1K5W
P21707,1RSY
P21707,1TJM
P21707,1TJX
P21707,1UOV
P21707,1UOW
P21707,2YOA
P21707,4WEE
P21707,5CCG
P21707,5CCH
P21707,5CCI
P21707,5CCJ
P21707,5KJ7
P21707,5KJ8
P21707,5W5C
P21707,5W5D
P21707,6CXW
P21707,6MTI
P21707,8C5H
P21709,2K1K
P21709,2K1L
P21709,3HIL
P21709,3KKA
P21730,2K3U
P21730,5O9H
P21730,6C1Q
P21730,6C1R
P21730,8GO8
P21730,8GOO
P21730,8I0N
P21730,8I0Z
P21730,8IA2
P21730,8JZP
P21730,8JZZ
P21796,2JK4
P21796,2K4T
P21796,5JDP
P21796,5XDN
P21796,5XDO
P21796,6G6U
P21796,6G73
P21796,6TIQ
P21796,6TIR
P21796,7QI2
P21860,1M6B
P21860,2L9U
P21860,3KEX
P21860,3LMG
P21860,3P11
P21860,4LEO
P21860,4P59
P21860,5CUS
P21860,5O4O
P21860,5O7P
P21860,6KBI
P21860,6OP9
P21860,7BHE
P21860,7BHF
P21860,7D85
P21860,8YRY
P21917,5WIU
P21917,5WIV
P21926,6K4J
P21926,6RLO
P21926,6RLR
P21926,6Z1V
P21926,6Z20
P21956,2L9L
P21963,1JZN
P21963,1MUQ
P21964,3A7E
P21964,3BWM
P21964,3BWY
P21964,4PYI
P21964,4PYJ
P21964,4PYK
P21964,4XUC
P21964,4XUD
P21964,4XUE
P21964,5LSA
P21964,6I3C
P21964,6I3D
P21980,1KV3
P21980,2Q3Z
P21980,3LY6
P21980,3S3J
P21980,3S3P
P21980,3S3S
P21980,4PYG
P21980,6A8P
P21980,6KZB
P21980,8TR9
P21980,9BC2
P21980,9BC3
P21980,9BC4
P22033,2XIJ
P22033,2XIQ
P22033,3BIC
P22033,8DYJ
P22033,8DYL
P22033,8GJU
P22045,4F40
P22045,4G5D
P22059,2RR3
P22059,7V62
P22061,1I1N
P22061,1KR5
P22087,2IPX
P22087,7SE6
P22087,7SE7
P22087,7SE8
P22087,7SE9
P22087,7SEA
P22087,7SEB
P22087,7SEC
P22087,7SED
P22108,4I5T
P22108,4I5V
P22108,4I5W
P22203,2KZ9
P22203,4DL0
P22203,4EFA
P22217,2I9H
P22217,2N5A
P22217,2N5B
P22217,3F3Q
P22217,3F3R
P22219,3GRE
P22221,5JVJ
P22221,5JVL
P22221,5LU4
P22303,1B41
P22303,1F8U
P22303,1VZJ
P22303,2X8B
P22303,3LII
P22303,4BDT
P22303,4EY4
P22303,4EY5
P22303,4EY6
P22303,4EY7
P22303,4EY8
P22303,4M0E
P22303,4M0F
P22303,4PQE
P22303,5FOQ
P22303,5FPQ
P22303,5HF5
P22303,5HF6
P22303,5HF8
P22303,5HF9
P22303,5HFA
P22303,5HQ3
P22303,6CQT
P22303,6CQU
P22303,6CQV
P22303,6CQW
P22303,6CQX
P22303,6CQY
P22303,6CQZ
P22303,6F25
P22303,6NEA
P22303,6NTG
P22303,6NTH
P22303,6NTK
P22303,6NTL
P22303,6NTM
P22303,6NTN
P22303,6NTO
P22303,6O4W
P22303,6O4X
P22303,6O50
P22303,6O52
P22303,6O5R
P22303,6O5S
P22303,6O5V
P22303,6O66
P22303,6O69
P22303,6U34
P22303,6U37
P22303,6U3P
P22303,6WUV
P22303,6WUY
P22303,6WUZ
P22303,6WV1
P22303,6WVC
P22303,6WVO
P22303,6WVP
P22303,6WVQ
P22303,6ZWE
P22303,7D9O
P22303,7D9P
P22303,7D9Q
P22303,7E3D
P22303,7E3H
P22303,7P1N
P22303,7P1P
P22303,7RB5
P22303,7RB6
P22303,7RB7
P22303,7XN1
P22303,8AEN
P22303,8AEV
P22303,8DT2
P22303,8DT4
P22303,8DT5
P22303,8DT7
P22303,9OMS
P22303,9OMT
P22307,1QND
P22314,4P22
P22314,6DC6
P22392,1NSK
P22392,1NUE
P22392,3BBB
P22392,3BBC
P22392,3BBF
P22392,7KPF
P22392,8PIE
P22392,8PYW
P22412,9H0B
P22413,2YS0
P22413,6WET
P22413,6WEU
P22413,6WEV
P22413,6WEW
P22413,6WFJ
P22413,8GHR
P22455,4QQ5
P22455,4QQC
P22455,4QQJ
P22455,4QQT
P22455,4QRC
P22455,4R6V
P22455,4TYE
P22455,4TYG
P22455,4TYI
P22455,4TYJ
P22455,4UXQ
P22455,4XCU
P22455,5JKG
P22455,5NUD
P22455,5NWZ
P22455,5XFF
P22455,5XFJ
P22455,6IUO
P22455,6IUP
P22455,6J6Y
P22455,6JPE
P22455,6JPJ
P22455,6NVG
P22455,6NVH
P22455,6NVI
P22455,6NVJ
P22455,6NVK
P22455,6V9C
P22455,6YI8
P22455,7DTZ
P22455,7F3M
P22455,7N1J
P22455,7TYD
P22455,7V29
P22455,7VJL
P22455,7WCT
P22455,7WCW
P22455,7WCX
P22455,7YBO
P22455,7YBP
P22455,7YBX
P22455,7YC1
P22455,7YC3
P22455,7YSW
P22455,8KH6
P22455,8KH7
P22455,8KH8
P22455,8KH9
P22455,8W5C
P22455,8XLQ
P22466,7S3O
P22466,7S3Q
P22466,7S3R
P22466,7XBD
P22466,7XJJ
P22466,7XJK
P22466,8DHZ
P22466,8DJ4
P22543,5DFZ
P22543,5KC2
P22557,5QQQ
P22557,5QQR
P22557,5QQS
P22557,5QQT
P22557,5QQU
P22557,5QQV
P22557,5QQW
P22557,5QQX
P22557,5QQY
P22557,5QQZ
P22557,5QR0
P22557,5QR1
P22557,5QR2
P22557,5QR3
P22557,5QR4
P22557,5QR5
P22557,5QR6
P22557,5QR7
P22557,5QR8
P22557,5QR9
P22557,5QRA
P22557,5QRB
P22557,5QRC
P22557,5QRD
P22557,5QRE
P22557,5QT3
P22557,6HRH
P22626,1X4B
P22626,5EN1
P22626,5HO4
P22626,5WWE
P22626,5WWF
P22626,5WWG
P22626,6WPQ
P22626,6WQK
P22626,7WM3
P22626,8DU2
P22626,8DUW
P22626,8EC7
P22626,8HNI
P22646,1JBJ
P22646,1XMW
P22646,2K4F
P22646,3R08
P22681,1B47
P22681,1YVH
P22681,2JUJ
P22681,2K4D
P22681,2OO9
P22681,2Y1M
P22681,3BUW
P22681,3BUX
P22681,3PLF
P22681,4A49
P22681,4GPL
P22681,5HKW
P22681,5HKX
P22681,5J3X
P22681,6O02
P22681,6O03
P22681,6XAR
P22682,2D9S
P22696,7KKF
P22723,7CDB
P22723,8FOI
P22723,8G4N
P22723,8G4O
P22723,8G4X
P22723,8G5F
P22723,8G5G
P22723,8G5H
P22734,1H1D
P22734,1JR4
P22734,1VID
P22734,2CL5
P22734,2ZLB
P22734,2ZTH
P22734,2ZVJ
P22734,3A7D
P22734,3HVH
P22734,3HVI
P22734,3HVJ
P22734,3HVK
P22734,3NW9
P22734,3NWB
P22734,3NWE
P22734,3OE4
P22734,3OE5
P22734,3OZR
P22734,3OZS
P22734,3OZT
P22734,3R6T
P22734,3S68
P22734,3U81
P22734,4P7G
P22734,4P7J
P22734,4P7K
P22734,4PYL
P22734,4PYM
P22734,4PYN
P22734,4PYO
P22734,4PYQ
P22734,5FHQ
P22734,5FHR
P22734,5K01
P22734,5K03
P22734,5K05
P22734,5K09
P22734,5K0B
P22734,5K0C
P22734,5K0E
P22734,5K0F
P22734,5K0G
P22734,5K0J
P22734,5K0L
P22734,5K0N
P22734,5LQA
P22734,5LQC
P22734,5LQJ
P22734,5LQK
P22734,5LQN
P22734,5LQR
P22734,5LQU
P22734,5LR6
P22734,5P8W
P22734,5P8X
P22734,5P8Y
P22734,5P8Z
P22734,5P90
P22734,5P91
P22734,5P92
P22734,5P93
P22734,5P94
P22734,5P95
P22734,5P96
P22734,5P97
P22734,5P98
P22734,5P99
P22734,5P9A
P22734,5P9B
P22734,5P9C
P22734,5P9D
P22734,5P9E
P22734,5P9N
P22734,5P9O
P22734,5P9P
P22734,5P9R
P22734,5P9S
P22734,5P9T
P22734,5P9U
P22734,5P9V
P22734,5P9W
P22734,5P9X
P22734,5P9Y
P22734,5P9Z
P22734,5PA0
P22734,5PA1
P22734,5PA2
P22734,5PA3
P22734,5PA4
P22734,5PA5
P22734,5PA6
P22734,5PA7
P22734,6GY1
P22734,6LFE
P22734,7UD6
P22734,7XGI
P22734,7XJB
P22735,2XZZ
P22736,2QW4
P22736,3V3E
P22736,3V3Q
P22736,4JGV
P22736,4KZI
P22736,4KZJ
P22736,4KZM
P22736,4RE8
P22736,4REE
P22736,4REF
P22736,4RZE
P22736,4RZF
P22736,4RZG
P22736,4WHF
P22736,4WHG
P22736,6KZ5
P22736,6LC1
P22736,8WUY
P22736,8Y7L
P22736,8Z5A
P22748,1ZNC
P22748,3F7B
P22748,3F7U
P22748,3FW3
P22748,5IPZ
P22748,5JN8
P22748,5JN9
P22748,5JNA
P22748,5JNC
P22748,5KU6
P22803,2FA4
P22803,2HSY
P22803,3PIN
P22803,4DSS
P22803,7BVV
P22812,1D2Z
P22888,7FIG
P22888,7FIH
P22888,7FII
P22888,7FIJ
P22893,1M9O
P22897,1EGG
P22897,1EGI
P22897,5XTS
P22897,5XTW
P22897,6INN
P22897,6INO
P22897,6INU
P22897,6INV
P22897,6IOE
P22897,7JUB
P22897,7JUC
P22897,7JUD
P22897,7JUE
P22897,7JUF
P22897,7JUG
P22897,7JUH
P22897,7L61
P22897,7L62
P22897,7L63
P22897,7L64
P22897,7L65
P22897,7L66
P22897,7L67
P22897,7L68
P22985,1WYG
P22985,2E3T
P22985,3AN1
P22985,4YRW
P22985,4YSW
P22985,4YTY
P22985,4YTZ
P22985,6A7X
P22985,6ABU
P22985,6AC1
P22985,6AC4
P22985,6AD4
P22985,6ADJ
P22985,6AJU
P23083,1WT5
P23093,6X8P
P23093,6X8Q
P23093,6X8S
P23093,6X8U
P23128,6S8R
P23141,1MX1
P23141,1MX5
P23141,1MX9
P23141,1YA4
P23141,1YA8
P23141,1YAH
P23141,1YAJ
P23141,2DQY
P23141,2DQZ
P23141,2DR0
P23141,2H7C
P23141,2HRQ
P23141,2HRR
P23141,3K9B
P23141,4AB1
P23141,5A7F
P23141,5A7G
P23141,5A7H
P23141,8EOR
P23141,9KWL
P23141,9KWM
P23202,1G6W
P23202,1G6Y
P23202,1HQO
P23202,1JZR
P23202,1K0A
P23202,1K0B
P23202,1K0C
P23202,1K0D
P23246,4WII
P23246,4WIJ
P23246,4WIK
P23246,5WPA
P23246,6NCQ
P23246,6OWJ
P23246,6WMZ
P23246,7LRQ
P23246,7LRU
P23246,7PU5
P23246,7SP0
P23246,7UJ1
P23246,7UK1
P23258,1Z5V
P23258,1Z5W
P23258,3CB2
P23258,6V5V
P23258,6V6S
P23258,7AS4
P23258,7QJ0
P23258,7QJ1
P23258,7QJ2
P23258,7QJ3
P23258,7QJ4
P23258,7QJ5
P23258,7QJ6
P23258,7QJ7
P23258,7QJ8
P23258,7QJ9
P23258,7QJA
P23258,7QJB
P23258,7QJC
P23258,7QJD
P23258,7QJE
P23258,8Q62
P23258,8RX1
P23258,8VA2
P23258,8VRD
P23258,8VRJ
P23258,8VRK
P23258,9H9P
P23258,9I8G
P23258,9I8H
P23258,9QVM
P23258,9QVN
P23284,1CYN
P23284,3ICH
P23284,3ICI
P23284,8K0F
P23284,8K0I
P23284,8K0M
P23284,8K17
P23284,8KC9
P23291,5X18
P23297,2L0P
P23297,2LHL
P23297,2LLS
P23297,2LLT
P23297,2LLU
P23297,2LP2
P23297,2LP3
P23297,2LUX
P23297,2M3W
P23297,5K89
P23301,3ER0
P23301,6Q84
P23321,5MDX
P23321,7OUI
P23321,9LK4
P23321,9LK5
P23352,1ZLG
P23368,1DO8
P23368,1EFK
P23368,1EFL
P23368,1GZ3
P23368,1GZ4
P23368,1PJ2
P23368,1PJ3
P23368,1PJ4
P23368,1PJL
P23368,1QR6
P23368,7BSJ
P23368,7BSK
P23368,7BSL
P23368,7XDE
P23368,7XDF
P23368,7XDG
P23368,9AYI
P23394,4W7S
P23394,5ZWN
P23396,1WH9
P23396,4UG0
P23396,4V6X
P23396,5A2Q
P23396,5AJ0
P23396,5FLX
P23396,5LKS
P23396,5OA3
P23396,5T2C
P23396,5VYC
P23396,6FEC
P23396,6G51
P23396,6G53
P23396,6G5H
P23396,6G5I
P23396,6IP5
P23396,6IP6
P23396,6IP8
P23396,6OLE
P23396,6OLF
P23396,6OLG
P23396,6OLI
P23396,6OLZ
P23396,6OM0
P23396,6OM7
P23396,6QZP
P23396,6XA1
P23396,6Y0G
P23396,6Y2L
P23396,6Y57
P23396,6YBS
P23396,6Z6L
P23396,6Z6M
P23396,6Z6N
P23396,6ZLW
P23396,6ZM7
P23396,6ZME
P23396,6ZMI
P23396,6ZMO
P23396,6ZMT
P23396,6ZMW
P23396,6ZN5
P23396,6ZOJ
P23396,6ZOL
P23396,6ZON
P23396,6ZP4
P23396,6ZUO
P23396,6ZV6
P23396,6ZVH
P23396,6ZVJ
P23396,6ZXD
P23396,6ZXE
P23396,6ZXF
P23396,6ZXG
P23396,6ZXH
P23396,7A09
P23396,7K5I
P23396,7QP6
P23396,7QP7
P23396,7QVP
P23396,7R4X
P23396,7TQL
P23396,7XNX
P23396,7XNY
P23396,8G5Y
P23396,8G5Z
P23396,8G60
P23396,8G61
P23396,8G6J
P23396,8GLP
P23396,8IFD
P23396,8IFE
P23396,8JDJ
P23396,8JDK
P23396,8JDL
P23396,8JDM
P23396,8K2C
P23396,8OZ0
P23396,8PJ1
P23396,8PJ2
P23396,8PJ3
P23396,8PJ4
P23396,8PJ5
P23396,8PJ6
P23396,8PPK
P23396,8PPL
P23396,8QOI
P23396,8T4S
P23396,8UIK
P23396,8UIY
P23396,8UIZ
P23396,8UJ9
P23396,8UJB
P23396,8UJJ
P23396,8UJK
P23396,8UKB
P23396,8XP2
P23396,8XP3
P23396,8XSX
P23396,8XSY
P23396,8XSZ
P23396,8XXL
P23396,8XXM
P23396,8XXN
P23396,8Y0W
P23396,8Y0X
P23396,8YOO
P23396,8YOP
P23396,8ZDB
P23396,8ZDC
P23396,8ZDD
P23396,9AZC
P23396,9AZM
P23396,9AZN
P23396,9AZS
P23396,9B0F
P23396,9B0G
P23396,9B0H
P23396,9B0J
P23396,9B0N
P23396,9B0O
P23396,9B0P
P23396,9B0Q
P23396,9B0R
P23396,9B0S
P23396,9B0W
P23396,9B11
P23396,9BKD
P23396,9BLN
P23396,9C3H
P23396,9ED0
P23396,9G8M
P23396,9G8O
P23403,7OYC
P23415,1MOT
P23415,1VRY
P23415,2M6B
P23415,2M6I
P23415,4X5T
P23415,8DN2
P23415,8DN3
P23415,8DN4
P23415,8DN5
P23416,5BKF
P23416,5BKG
P23416,7KUY
P23416,7L31
P23497,1H5P
P23497,4PTB
P23497,5FB0
P23497,5FB1
P23497,5PWE
P23497,5PWF
P23497,5PWG
P23497,5PWH
P23497,5PWI
P23497,5PWJ
P23497,5PWK
P23497,5PWL
P23497,5PWM
P23497,5PWN
P23497,5PWO
P23497,5PWP
P23497,5PWQ
P23497,5PWR
P23497,5PWS
P23497,5PWT
P23497,5PWU
P23497,5PWV
P23497,5PWW
P23497,5PWX
P23497,5PWY
P23497,5PWZ
P23497,5PX0
P23497,5PX1
P23497,5PX2
P23497,5PX3
P23497,5PX4
P23497,5PX5
P23497,5PX6
P23497,5PX7
P23497,5PX8
P23497,5PX9
P23497,5PXA
P23497,5PXB
P23497,5PXC
P23497,5PXD
P23497,5PXE
P23497,5PXF
P23497,5PXG
P23497,5PXH
P23497,5PXI
P23497,5PXJ
P23497,5PXK
P23497,5PXL
P23497,5PXM
P23497,5PXN
P23497,5PXO
P23497,5PXP
P23497,5PXQ
P23497,5PXR
P23497,5PXS
P23497,5PXT
P23497,5PXU
P23497,5PXV
P23497,5PXW
P23497,5PXX
P23497,5PXY
P23497,5PXZ
P23497,5PY0
P23497,5PY1
P23497,5PY2
P23497,5PY3
P23497,5PY4
P23497,5PY5
P23497,5PY6
P23497,5PY7
P23497,5PY8
P23497,5PY9
P23497,5PYA
P23497,5PYB
P23497,5PYC
P23497,5PYD
P23497,5PYE
P23497,5PYF
P23497,5PYG
P23497,5PYH
P23497,5PYI
P23497,5PYJ
P23497,5PYK
P23497,5PYL
P23497,5PYM
P23497,5PYN
P23497,5PYO
P23497,5PYP
P23497,5PYQ
P23497,5PYR
P23497,5PYS
P23497,5PYT
P23497,5PYU
P23497,5PYV
P23497,5PYW
P23497,5PYX
P23497,5PYY
P23497,5PYZ
P23497,5PZ0
P23497,5PZ1
P23497,5PZ2
P23497,5PZ3
P23497,5PZ4
P23497,5PZ5
P23497,5PZ6
P23497,5PZ7
P23497,5PZ8
P23497,5PZ9
P23497,5PZA
P23497,5PZB
P23497,5PZC
P23497,5PZD
P23497,5PZE
P23497,5PZF
P23497,5PZG
P23497,5PZH
P23497,5PZI
P23497,5PZJ
P23497,6G5N
P23497,6G5P
P23526,1A7A
P23526,1LI4
P23526,3NJ4
P23526,4PFJ
P23526,4PGF
P23526,4YVF
P23526,5W49
P23526,5W4B
P23528,1Q8G
P23528,1Q8X
P23528,3J0S
P23528,4BEX
P23528,5HVK
P23528,5L6W
P23528,6UBY
P23528,6UC0
P23528,6UC4
P23528,6VAO
P23528,9H1F
P23542,1YAA
P23560,1B8M
P23560,1BND
P23610,6EZ8
P23610,6X9O
P23610,7DXJ
P23610,7DXK
P23610,8SAH
P23610,8VLX
P23610,8W15
P23610,9PMW
P23610,9PN0
P23631,9GO9
P23631,9GOA
P23634,1CFF
P23634,2KNE
P23677,1W2C
P23677,1W2D
P23677,1W2F
P23677,8PP8
P23677,8PP9
P23677,8PPA
P23677,8PPB
P23677,8PPC
P23677,8PPD
P23677,8PPE
P23677,8PPF
P23677,8PPG
P23677,8PPH
P23677,8PPI
P23677,8PPJ
P23685,2DPK
P23685,2FWS
P23685,2FWU
P23685,2QVK
P23685,2QVM
P23685,3GIN
P23685,3US9
P23685,6BV7
P23743,1TUZ
P23743,6IIE
P23776,1H4P
P23913,2L8D
P23945,1XWD
P23945,4AY9
P23945,4MQW
P23945,8I2H
P23965,1XX4
P23975,8HFE
P23975,8HFF
P23975,8HFG
P23975,8HFI
P23975,8HFL
P23975,8I3V
P23975,8WGR
P23975,8WGX
P23975,8WTU
P23975,8WTV
P23975,8WTW
P23975,8WTX
P23975,8WTY
P23975,8XB2
P23975,8XB3
P23975,8XB4
P23975,8Y8Z
P23975,8Y90
P23975,8Y91
P23975,8Y92
P23975,8Y93
P23975,8Y94
P23975,8Y95
P23975,8YR2
P23975,8Z1L
P23975,8ZOY
P23975,8ZP1
P23975,8ZP2
P23975,8ZPB
P23978,8GNK
P24004,8C0V
P24004,8C0W
P24004,8U0V
P24014,1W8A
P24158,1FUJ
P24280,1AUA
P24280,6F0E
P24280,7ZG9
P24280,7ZGA
P24280,7ZGB
P24280,7ZGC
P24280,7ZGD
P24348,5WNO
P24385,5VZU
P24385,9IVD
P24473,1R4W
P24482,6HV8
P24482,6HV9
P24482,6WJV
P24482,7PMK
P24482,7PMN
P24482,7QHS
P24482,7Z13
P24482,8KG6
P24482,8KG8
P24482,8KG9
P24482,8P5E
P24482,8P62
P24482,8P63
P24482,8W7M
P24482,8W7S
P24482,8XGC
P24530,5GLH
P24530,5GLI
P24530,5X93
P24530,5XPR
P24530,6IGK
P24530,6IGL
P24530,6LRY
P24530,8HCX
P24530,8IY6
P24530,8XVE
P24530,8XVH
P24530,8ZRT
P24549,7YOB
P24588,2H9R
P24588,5NIN
P24605,1CLP
P24605,1Y4L
P24612,2K2B
P24612,5TTT
P24783,8ARK
P24783,8ARP
P24855,4AWN
P24928,2GHQ
P24928,2GHT
P24928,2LTO
P24928,3D9K
P24928,3D9L
P24928,3D9M
P24928,3D9N
P24928,3D9O
P24928,3D9P
P24928,4JXT
P24928,5IYA
P24928,5IYB
P24928,5IYC
P24928,5IYD
P24928,5M3H
P24928,5M3J
P24928,6DRD
P24928,6F5P
P24928,6G0R
P24928,6IC8
P24928,6IC9
P24928,6Q5Y
P24928,6XKB
P24928,7Z1K
P24928,7Z42
P24928,8PM0
P24928,8PNP
P24928,8PNQ
P24928,8R3K
P24928,8R3L
P24928,8R60
P24928,8R65
P24928,8XRJ
P24928,8XRM
P24928,8XSO
P24928,8XVS
P24928,9B9L
P24928,9EHZ
P25090,6LW5
P25090,7WVV
P25090,7WVW
P25090,7WVX
P25090,7WVY
P25092,8FX4
P25092,8GHO
P25092,8GHP
P25105,5ZKP
P25105,5ZKQ
P25159,1EKZ
P25159,1STU
P25159,5CFF
P25189,3OAI
P25189,8IIA
P25286,8XLI
P25294,1C3G
P25294,2B26
P25294,4RWU
P25294,6D6X
P25294,8EOD
P25304,3V64
P25304,3V65
P25342,8FWP
P25342,8PFH
P25342,8SGD
P25342,9GD4
P25359,4IFD
P25359,4OO1
P25359,5C0W
P25359,5C0X
P25359,5G06
P25359,5JEA
P25359,5K36
P25359,5OKZ
P25359,5VZJ
P25359,6FSZ
P25359,8QCF
P25368,2MBY
P25368,4M5D
P25373,2JAC
P25373,2JAD
P25373,3C1R
P25373,3C1S
P25373,6MWS
P25382,4WJU
P25382,4WJV
P25382,6YLF
P25445,1DDF
P25445,2NA7
P25445,3EWT
P25445,3EZQ
P25445,3THM
P25445,3TJE
P25555,2MZQ
P25582,7R7O
P25586,4QMF
P25591,7YCJ
P25627,4QTT
P25627,4QTU
P25635,5I2T
P25637,6BQI
P25637,6U1L
P25637,6U1O
P25638,2LSU
P25638,2MNJ
P25656,6PSX
P25656,6PSY
P25656,6ROH
P25656,6ROI
P25656,6ROJ
P25656,7OH4
P25656,7OH5
P25656,7OH6
P25656,7OH7
P25656,7PEM
P25671,2CTX
P25685,1HDJ
P25685,2QLD
P25685,3AGX
P25685,3AGY
P25685,3AGZ
P25685,6Z5N
P25685,7NDX
P25686,2LGW
P25687,1IMT
P25694,6OAB
P25694,6OMB
P25694,6OPC
P25694,8DAR
P25694,8DAT
P25694,8DAU
P25694,8DAV
P25694,8DAW
P25694,8U7T
P25694,8U8I
P25694,8U9C
P25694,8U9P
P25694,8U9Q
P25694,8U9Z
P25694,8UA0
P25694,8UA1
P25694,8UAA
P25694,8UB4
P25724,5KL1
P25724,5KL8
P25774,1GLO
P25774,1MS6
P25774,1NPZ
P25774,1NQC
P25774,2C0Y
P25774,2F1G
P25774,2FQ9
P25774,2FRA
P25774,2FRQ
P25774,2FT2
P25774,2FUD
P25774,2FYE
P25774,2G6D
P25774,2G7Y
P25774,2H7J
P25774,2HH5
P25774,2HHN
P25774,2HXZ
P25774,2OP3
P25774,2R9M
P25774,2R9N
P25774,2R9O
P25774,3IEJ
P25774,3N3G
P25774,3N4C
P25774,3OVX
P25774,4P6E
P25774,4P6G
P25774,5QBU
P25774,5QBV
P25774,5QBW
P25774,5QBX
P25774,5QBY
P25774,5QBZ
P25774,5QC0
P25774,5QC1
P25774,5QC2
P25774,5QC3
P25774,5QC4
P25774,5QC5
P25774,5QC6
P25774,5QC7
P25774,5QC8
P25774,5QC9
P25774,5QCA
P25774,5QCB
P25774,5QCC
P25774,5QCD
P25774,5QCE
P25774,5QCF
P25774,5QCG
P25774,5QCH
P25774,5QCI
P25774,5QCJ
P25774,6YYN
P25774,6YYO
P25774,6YYP
P25774,6YYQ
P25774,6YYR
P25774,8PI3
P25774,8RND
P25774,9GJ2
P25788,5DSV
P25788,7E55
P25822,3H3D
P25822,5KLA
P25858,4Z0H
P25858,6QUN
P25858,6QUQ
P25976,1V63
P25976,1V64
P25976,1WGF
P26038,1E5W
P26038,1EF1
P26038,1SGH
P26038,6TXQ
P26038,6TXS
P26038,8CIR
P26038,8CIS
P26038,8CIT
P26038,8CIU
P26041,4YL8
P26043,1GC6
P26043,1GC7
P26043,1J19
P26043,2D10
P26043,2D11
P26043,2D2Q
P26043,2EMS
P26043,2EMT
P26043,2YVC
P26043,2ZPY
P26043,3X23
P26196,1VEC
P26196,2WAX
P26196,2WAY
P26196,4CRW
P26196,4CT4
P26196,4CT5
P26196,5ANR
P26196,6F9S
P26196,6S8S
P26232,6DUW
P26339,5DMK
P26361,1Q3H
P26361,1R0W
P26361,1R0X
P26361,1R0Y
P26361,1R0Z
P26361,1R10
P26361,1XF9
P26361,1XFA
P26361,3SI7
P26378,1FXL
P26378,1G2E
P26447,1M31
P26447,2LNK
P26447,2MRD
P26447,2Q91
P26447,3C1V
P26447,3CGA
P26447,3KO0
P26447,3M0W
P26447,3ZWH
P26447,4CFQ
P26447,4CFR
P26447,4ETO
P26447,4HSZ
P26447,5LPU
P26447,7PSP
P26447,7PSQ
P26651,4J8S
P26678,1PLP
P26678,1ZLL
P26678,2HYN
P26678,6Y40
P26678,7E0Z
P26678,7E11
P26678,7E12
P26715,2RMX
P26715,2YU7
P26715,3BDW
P26718,1HYR
P26718,1KCG
P26718,1MPU
P26718,4PDC
P26718,4S0U
P26718,8TM0
P26718,8TM2
P26718,9DH2
P26769,1AB8
P26769,1AZS
P26769,1CJK
P26769,1CJT
P26769,1CJU
P26769,1CJV
P26769,1CS4
P26769,1CUL
P26769,1TL7
P26769,1U0H
P26769,2GVD
P26769,2GVZ
P26769,3C14
P26769,3C15
P26769,3C16
P26769,3G82
P26769,3MAA
P27105,7WH3
P27105,9OH9
P27144,2AR7
P27144,2BBW
P27144,3NDP
P27216,6B3I
P27448,2QNJ
P27448,3FE3
P27448,7P1L
P27448,8UOH
P27448,8UOI
P27448,8UOJ
P27448,8UOK
P27448,8UOL
P27485,1AQB
P27487,1J2E
P27487,1N1M
P27487,1NU6
P27487,1NU8
P27487,1PFQ
P27487,1R9M
P27487,1R9N
P27487,1RWQ
P27487,1TK3
P27487,1TKR
P27487,1U8E
P27487,1W1I
P27487,1WCY
P27487,1X70
P27487,2AJL
P27487,2BGN
P27487,2BGR
P27487,2BUB
P27487,2FJP
P27487,2G5P
P27487,2G5T
P27487,2G63
P27487,2HHA
P27487,2I03
P27487,2I78
P27487,2IIT
P27487,2IIV
P27487,2JID
P27487,2OAG
P27487,2OGZ
P27487,2OLE
P27487,2ONC
P27487,2OPH
P27487,2OQI
P27487,2OQV
P27487,2P8S
P27487,2QJR
P27487,2QKY
P27487,2QOE
P27487,2QT9
P27487,2QTB
P27487,2RGU
P27487,2RIP
P27487,3BJM
P27487,3C43
P27487,3C45
P27487,3CCB
P27487,3CCC
P27487,3D4L
P27487,3EIO
P27487,3F8S
P27487,3G0B
P27487,3G0C
P27487,3G0D
P27487,3G0G
P27487,3H0C
P27487,3HAB
P27487,3HAC
P27487,3KWF
P27487,3KWJ
P27487,3NOX
P27487,3O95
P27487,3O9V
P27487,3OC0
P27487,3OPM
P27487,3Q0T
P27487,3Q8W
P27487,3QBJ
P27487,3SWW
P27487,3SX4
P27487,3VJK
P27487,3VJL
P27487,3VJM
P27487,3W2T
P27487,3WQH
P27487,4A5S
P27487,4DSA
P27487,4DSZ
P27487,4DTC
P27487,4G1F
P27487,4J3J
P27487,4JH0
P27487,4KR0
P27487,4L72
P27487,4LKO
P27487,4N8D
P27487,4N8E
P27487,4PNZ
P27487,4PV7
P27487,4QZV
P27487,5I7U
P27487,5ISM
P27487,5J3J
P27487,5KBY
P27487,5T4B
P27487,5T4E
P27487,5T4F
P27487,5T4H
P27487,5Y7H
P27487,5Y7J
P27487,5Y7K
P27487,5ZID
P27487,6B1E
P27487,6B1O
P27487,8WKU
P27487,8ZDX
P27487,8ZE6
P27487,9CAR
P27487,9D56
P27487,9GOH
P27487,9JMJ
P27487,9JMM
P27487,9K9N
P27487,9LBT
P27521,7WFD
P27521,8J6Z
P27521,8J7A
P27521,8J7B
P27601,1ZCB
P27601,3AB3
P27601,3CX6
P27601,3CX7
P27601,3CX8
P27731,1TFP
P27797,3POS
P27797,3POW
P27797,5LK5
P27797,5V90
P27815,2QYK
P27815,3I8V
P27815,3TVX
P27918,1W0R
P27918,1W0S
P27918,6RUR
P27918,6RUS
P27918,6RUV
P27918,6RV6
P27918,6S08
P27918,6S0A
P27918,6S0B
P27918,6SEJ
P27918,7B26
P27918,7NOZ
P27918,8Q6R
P27930,3O4O
P28005,6AGB
P28005,6AH3
P28037,1S3I
P28037,2O2P
P28037,2O2Q
P28037,2O2R
P28037,3RHJ
P28037,3RHL
P28037,3RHM
P28037,3RHO
P28037,3RHP
P28037,3RHQ
P28037,3RHR
P28037,4GNZ
P28037,4GO0
P28037,4GO2
P28037,7RLT
P28037,7RLU
P28039,5W78
P28039,5W7C
P28068,1HDM
P28068,2BC4
P28068,4I0P
P28159,5E24
P28222,4IAQ
P28222,4IAR
P28222,5V54
P28222,6G79
P28222,7C61
P28223,6A93
P28223,6A94
P28223,6WGT
P28223,6WH4
P28223,6WHA
P28223,7RAN
P28223,7VOD
P28223,7VOE
P28223,7WC4
P28223,7WC5
P28223,7WC6
P28223,7WC7
P28223,7WC8
P28223,7WC9
P28223,8JT8
P28223,8UWL
P28223,8V6U
P28223,8ZMG
P28223,9ARX
P28223,9ARY
P28223,9ARZ
P28223,9AS0
P28223,9AS1
P28223,9AS2
P28223,9AS3
P28223,9AS4
P28223,9AS5
P28223,9AS6
P28223,9AS7
P28223,9AS8
P28223,9AS9
P28223,9ASA
P28240,7EBC
P28241,3BLV
P28241,3BLW
P28241,3BLX
P28288,8Z0F
P28288,8Z9X
P28289,4PKG
P28289,4PKH
P28289,4PKI
P28289,4Z8G
P28289,4Z94
P28289,8F8T
P28296,8GKO
P28296,8GKP
P28296,8GKQ
P28296,8U45
P28311,1TV0
P28311,2GW9
P28311,2GWP
P28311,2LEW
P28311,2LEY
P28311,7RC7
P28311,7RC8
P28321,4ZWN
P28321,4ZXF
P28325,1RN7
P28325,1ROA
P28327,3C4W
P28327,3C4X
P28327,3C4Y
P28327,3C4Z
P28327,3C50
P28327,3C51
P28327,3QC9
P28327,3T8O
P28327,4L9I
P28327,4PNI
P28327,4WBO
P28335,6BQG
P28335,6BQH
P28335,8DPF
P28335,8DPG
P28335,8DPH
P28335,8DPI
P28335,8ZMF
P28472,4COF
P28472,5O8F
P28472,5OJM
P28472,6A96
P28472,6QFA
P28472,7QN5
P28472,7QN6
P28472,7QN7
P28472,7QN8
P28472,7QN9
P28472,7QNA
P28472,7QNC
P28472,7QND
P28472,8PVB
P28472,9FEU
P28472,9FEV
P28472,9FEW
P28472,9FEX
P28472,9FEY
P28472,9FEZ
P28472,9FF1
P28472,9FF2
P28482,1PME
P28482,1TVO
P28482,1WZY
P28482,2OJG
P28482,2OJI
P28482,2OJJ
P28482,2Y9Q
P28482,3D42
P28482,3D44
P28482,3I5Z
P28482,3I60
P28482,3SA0
P28482,3TEI
P28482,3W55
P28482,4FMQ
P28482,4FUX
P28482,4FUY
P28482,4FV0
P28482,4FV1
P28482,4FV2
P28482,4FV3
P28482,4FV4
P28482,4FV5
P28482,4FV6
P28482,4FV7
P28482,4FV8
P28482,4FV9
P28482,4G6N
P28482,4G6O
P28482,4H3P
P28482,4IZ5
P28482,4IZ7
P28482,4IZA
P28482,4N0S
P28482,4NIF
P28482,4O6E
P28482,4QP1
P28482,4QP2
P28482,4QP3
P28482,4QP4
P28482,4QP6
P28482,4QP7
P28482,4QP8
P28482,4QP9
P28482,4QPA
P28482,4QTA
P28482,4QTE
P28482,4XJ0
P28482,4ZXT
P28482,4ZZM
P28482,4ZZN
P28482,4ZZO
P28482,5AX3
P28482,5BUE
P28482,5BUI
P28482,5BUJ
P28482,5BVD
P28482,5BVE
P28482,5BVF
P28482,5K4I
P28482,5LCJ
P28482,5LCK
P28482,5NGU
P28482,5NHF
P28482,5NHH
P28482,5NHJ
P28482,5NHL
P28482,5NHO
P28482,5NHP
P28482,5NHV
P28482,5V60
P28482,5V61
P28482,5V62
P28482,5WP1
P28482,6D5Y
P28482,6DMG
P28482,6G54
P28482,6G8X
P28482,6G91
P28482,6G92
P28482,6G93
P28482,6G97
P28482,6G9A
P28482,6G9D
P28482,6G9H
P28482,6G9J
P28482,6G9K
P28482,6G9M
P28482,6G9N
P28482,6GDM
P28482,6GDQ
P28482,6GE0
P28482,6GJB
P28482,6GJD
P28482,6NBS
P28482,6OPG
P28482,6OPH
P28482,6OPI
P28482,6Q7K
P28482,6Q7S
P28482,6Q7T
P28482,6QA1
P28482,6QA3
P28482,6QA4
P28482,6QAG
P28482,6QAH
P28482,6QAL
P28482,6QAQ
P28482,6QAW
P28482,6RQ4
P28482,6SLG
P28482,7AUV
P28482,7E73
P28482,7E75
P28482,7NQQ
P28482,7NQW
P28482,7NR3
P28482,7NR5
P28482,7NR8
P28482,7NR9
P28482,7OPM
P28482,7W5O
P28482,7X4U
P28482,7XC1
P28482,8AO2
P28482,8AO3
P28482,8AO4
P28482,8AO5
P28482,8AO6
P28482,8AO7
P28482,8AO8
P28482,8AO9
P28482,8AOA
P28482,8AOB
P28482,8AOC
P28482,8AOD
P28482,8AOE
P28482,8AOF
P28482,8AOG
P28482,8AOH
P28482,8AOI
P28482,8AOJ
P28482,8PSR
P28482,8PST
P28482,8PSW
P28482,8PSY
P28482,8PT0
P28482,8PT1
P28482,8PT3
P28482,8PT5
P28482,8PVU
P28482,8R5F
P28482,8U8J
P28482,8U8K
P28482,8ZJV
P28482,9LNR
P28496,8IZD
P28496,8IZF
P28496,8QTN
P28496,8QTR
P28496,8Y2M
P28496,8Y2N
P28496,8ZB1
P28676,1F4O
P28676,1F4Q
P28676,1K94
P28676,1K95
P28700,1XDK
P28700,7PDQ
P28700,7PDT
P28700,8J54
P28702,1H9U
P28702,1UHL
P28702,5HJP
P28702,5I4V
P28702,5KYA
P28702,5KYJ
P28702,7A78
P28737,5W0T
P28741,5JVR
P28741,5JX1
P28750,5L7Z
P28750,5L80
P28799,1G26
P28799,2JYE
P28799,2JYT
P28799,2JYU
P28799,2JYV
P28799,6NUG
P28827,1RPM
P28827,2C9A
P28827,2V5Y
P28827,8A16
P28827,8A17
P28829,1I35
P28829,1K8R
P28845,1XU7
P28845,1XU9
P28845,2BEL
P28845,2ILT
P28845,2IRW
P28845,2RBE
P28845,3BYZ
P28845,3BZU
P28845,3CH6
P28845,3CZR
P28845,3D3E
P28845,3D4N
P28845,3D5Q
P28845,3EY4
P28845,3FCO
P28845,3FRJ
P28845,3H6K
P28845,3HFG
P28845,3OQ1
P28845,3PDJ
P28845,3QQP
P28845,3TFQ
P28845,4BB5
P28845,4BB6
P28845,4C7J
P28845,4C7K
P28845,4HFR
P28845,4HX5
P28845,4IJU
P28845,4IJV
P28845,4IJW
P28845,4K1L
P28845,4P38
P28845,4YYZ
P28845,5PGU
P28845,5PGV
P28845,5PGW
P28845,5PGX
P28845,5PGY
P28845,5QII
P28845,6NJ7
P28879,6OTB
P28879,6OVJ
P28881,1MVJ
P28908,1D01
P29016,1GZP
P29016,1GZQ
P29016,1UQS
P29016,2H26
P29016,3OV6
P29016,3T8X
P29016,4ONO
P29016,5C9J
P29016,5L2J
P29016,5L2K
P29016,5WKE
P29016,5WKG
P29016,5WKI
P29016,5WL1
P29016,6CUG
P29016,6D64
P29016,8DV3
P29016,8DV4
P29016,8GLE
P29016,8GLF
P29016,8GLG
P29016,8GLH
P29016,8GLI
P29016,8ZOX
P29017,6C09
P29017,6C15
P29022,4MCK
P29029,2UY2
P29029,2UY3
P29029,2UY4
P29029,2UY5
P29029,4TXE
P29033,2ZW3
P29033,3IZ1
P29033,3IZ2
P29033,5ER7
P29033,5ERA
P29033,5KJ3
P29033,5KJG
P29033,6UVR
P29033,6UVS
P29033,6UVT
P29033,7QEO
P29033,7QEQ
P29033,7QER
P29033,7QES
P29033,7QET
P29033,7QEU
P29033,7QEV
P29033,7QEW
P29033,7QEY
P29033,8Q9Z
P29033,8QA0
P29033,8QA1
P29033,8QA2
P29033,8QA3
P29074,2CS5
P29074,2I75
P29074,2VPH
P29074,3NFK
P29074,3NFL
P29074,5EYZ
P29074,5EZ0
P29074,7VZE
P29117,4TOT
P29218,1AWB
P29218,1IMA
P29218,1IMB
P29218,1IMC
P29218,1IMD
P29218,1IME
P29218,1IMF
P29218,2HHM
P29218,4AS4
P29218,6GIU
P29218,6GJ0
P29218,6ZK0
P29218,7VCE
P29295,4XHL
P29295,5CYZ
P29295,5CZO
P29317,1MQB
P29317,2E8N
P29317,2K9Y
P29317,2X10
P29317,2X11
P29317,3C8X
P29317,3CZU
P29317,3FL7
P29317,3HEI
P29317,3HPN
P29317,3MBW
P29317,3MX0
P29317,3SKJ
P29317,4P2K
P29317,4PDO
P29317,4TRL
P29317,5EK7
P29317,5I9U
P29317,5I9V
P29317,5I9W
P29317,5I9X
P29317,5I9Y
P29317,5I9Z
P29317,5IA0
P29317,5IA1
P29317,5IA2
P29317,5IA3
P29317,5IA4
P29317,5IA5
P29317,5NJZ
P29317,5NK0
P29317,5NK1
P29317,5NK2
P29317,5NK3
P29317,5NK4
P29317,5NK5
P29317,5NK6
P29317,5NK7
P29317,5NK8
P29317,5NK9
P29317,5NKA
P29317,5NKB
P29317,5NKC
P29317,5NKD
P29317,5NKE
P29317,5NKF
P29317,5NKG
P29317,5NKH
P29317,5NKI
P29317,5NZ9
P29317,6B9L
P29317,6F7M
P29317,6F7N
P29317,6FNF
P29317,6FNG
P29317,6FNH
P29317,6HES
P29317,6HET
P29317,6HEU
P29317,6HEV
P29317,6HEW
P29317,6HEX
P29317,6HEY
P29317,6NJZ
P29317,6NK0
P29317,6NK1
P29317,6NK2
P29317,6NKP
P29317,6Q7B
P29317,6Q7C
P29317,6Q7D
P29317,6Q7E
P29317,6Q7F
P29317,6Q7G
P29317,6RW2
P29317,7B7N
P29317,7CZE
P29317,7CZF
P29317,7KJA
P29317,7KJB
P29317,7KJC
P29317,8BIN
P29317,8BIO
P29317,8BK0
P29317,8BM8
P29317,8BOC
P29317,8BOD
P29317,8BOF
P29317,8BOG
P29317,8BOH
P29317,8BOI
P29317,8BOK
P29317,8BOM
P29317,8QQY
P29317,8T9B
P29317,8TRS
P29317,8TRT
P29317,8TRV
P29317,8TV1
P29317,8TV5
P29317,8XPV
P29320,2GSF
P29320,2QO2
P29320,2QO7
P29320,2QO9
P29320,2QOB
P29320,2QOC
P29320,2QOD
P29320,2QOF
P29320,2QOI
P29320,2QOK
P29320,2QOL
P29320,2QON
P29320,2QOO
P29320,2QOQ
P29320,3DZQ
P29320,3FXX
P29320,3FY2
P29320,4G2F
P29320,4GK2
P29320,4GK3
P29320,4GK4
P29320,4L0P
P29320,4P4C
P29320,4P5Q
P29320,4P5Z
P29320,4TWN
P29320,4TWO
P29320,6IN0
P29352,1JEG
P29353,1MIL
P29353,1N3H
P29353,1OY2
P29353,1QG1
P29353,1TCE
P29353,4JMH
P29353,4XWX
P29353,6DM4
P29372,1BNK
P29372,1EWN
P29372,1F4R
P29372,1F6O
P29372,3QI5
P29372,3UBY
P29372,7XFH
P29372,7XFJ
P29372,7XFM
P29375,2JXJ
P29375,2KGG
P29375,2KGI
P29375,3GL6
P29375,5C11
P29375,5CEH
P29375,5E6H
P29375,5ISL
P29375,5IVB
P29375,5IVC
P29375,5IVE
P29375,5IVF
P29375,5IVJ
P29375,5IVV
P29375,5IVY
P29375,5IW0
P29375,5IWF
P29375,5K4L
P29375,5V9P
P29375,5V9T
P29375,6BGU
P29375,6BGV
P29375,6BGW
P29375,6BGX
P29375,6BGY
P29375,6BGZ
P29375,6BH0
P29375,6BH1
P29375,6BH2
P29375,6BH3
P29375,6BH4
P29375,6BH5
P29375,6DQ4
P29375,6DQ5
P29375,6DQ6
P29375,6DQ7
P29375,6DQ8
P29375,6DQ9
P29375,6DQA
P29375,6DQB
P29375,6DQC
P29375,6DQD
P29375,6DQE
P29375,6DQF
P29375,7KLO
P29375,7KLR
P29376,7NX0
P29376,7NX1
P29459,1F45
P29459,3HMX
P29459,8XRP
P29459,8YI7
P29466,1BMQ
P29466,1IBC
P29466,1ICE
P29466,1RWK
P29466,1RWM
P29466,1RWN
P29466,1RWO
P29466,1RWP
P29466,1RWV
P29466,1RWW
P29466,1RWX
P29466,1SC1
P29466,1SC3
P29466,1SC4
P29466,2FQQ
P29466,2H48
P29466,2H4W
P29466,2H4Y
P29466,2H51
P29466,2H54
P29466,2HBQ
P29466,2HBR
P29466,2HBY
P29466,2HBZ
P29466,3D6F
P29466,3D6H
P29466,3D6M
P29466,3E4C
P29466,3NS7
P29466,5FNA
P29466,5MMV
P29466,5MTK
P29466,6BZ9
P29466,6F6R
P29466,6PZP
P29466,7KEU
P29466,8SV1
P29466,8WRA
P29473,1D0C
P29473,1D0O
P29473,1D1V
P29473,1D1W
P29473,1D1X
P29473,1D1Y
P29473,1DM6
P29473,1DM7
P29473,1DM8
P29473,1DMI
P29473,1DMJ
P29473,1DMK
P29473,1ED4
P29473,1ED5
P29473,1ED6
P29473,1FOI
P29473,1FOJ
P29473,1FOL
P29473,1FOO
P29473,1FOP
P29473,1I83
P29473,1NSE
P29473,1P6L
P29473,1P6M
P29473,1P6N
P29473,1Q2O
P29473,1RS8
P29473,1RS9
P29473,1ZZS
P29473,1ZZT
P29473,2G6O
P29473,2HX2
P29473,2NSE
P29473,3DQS
P29473,3DQT
P29473,3E7S
P29473,3JWW
P29473,3JWX
P29473,3JWY
P29473,3JWZ
P29473,3N5P
P29473,3N5Q
P29473,3N5R
P29473,3N5S
P29473,3N5T
P29473,3NLD
P29473,3NLE
P29473,3NLF
P29473,3NLG
P29473,3NLH
P29473,3NLI
P29473,3NLT
P29473,3NLU
P29473,3NSE
P29473,3PNH
P29473,3RQO
P29473,3RQP
P29473,4C3A
P29473,4CAR
P29473,4CFT
P29473,4CTY
P29473,4CTZ
P29473,4CU0
P29473,4CU1
P29473,4CUL
P29473,4CUM
P29473,4CUN
P29473,4CVG
P29473,4CWV
P29473,4CWW
P29473,4CWX
P29473,4CWY
P29473,4CWZ
P29473,4CX0
P29473,4CX1
P29473,4CX2
P29473,4D33
P29473,4D34
P29473,4D35
P29473,4D36
P29473,4D37
P29473,4D38
P29473,4D39
P29473,4D3A
P29473,4IMX
P29473,4JSK
P29473,4JSL
P29473,4JSM
P29473,4K5H
P29473,4K5I
P29473,4K5J
P29473,4K5K
P29473,4KCP
P29473,4KCQ
P29473,4KCR
P29473,4KCS
P29473,4LUW
P29473,4NSE
P29473,4UH7
P29473,4UH8
P29473,4UH9
P29473,4UHA
P29473,4UPQ
P29473,4UPR
P29473,4UPS
P29473,4UPT
P29473,5ADJ
P29473,5ADK
P29473,5ADL
P29473,5ADM
P29473,5ADN
P29473,5FJ2
P29473,5FJ3
P29473,5FVY
P29473,5FVZ
P29473,5NSE
P29473,5UOD
P29473,5VV6
P29473,5VV7
P29473,5VV8
P29473,5VV9
P29473,5VVA
P29473,5VVG
P29473,5VVN
P29473,6NSE
P29473,7NSE
P29473,8NSE
P29473,9NSE
P29508,2ZV6
P29508,4ZK0
P29508,4ZK3
P29509,3D8X
P29509,3ITJ
P29536,4Z79
P29590,1BOR
P29590,2MVW
P29590,2MWX
P29590,4WJN
P29590,4WJO
P29590,5YUF
P29590,6IMQ
P29590,6UYO
P29590,6UYP
P29590,6UYQ
P29590,6UYR
P29590,6UYS
P29590,6UYT
P29590,6UYU
P29590,6UYV
P29590,8DJH
P29590,8DJI
P29590,8J25
P29590,8J2P
P29590,8YTC
P29617,1MIJ
P29617,1XPX
P29717,1CZ1
P29717,1EQC
P29717,1EQP
P29717,2PB1
P29717,2PBO
P29717,2PC8
P29717,2PF0
P29717,3N9K
P29717,3O6A
P29717,4M80
P29717,4M81
P29717,4M82
P29728,9H1Z
P29762,7A9Y
P29762,7A9Z
P29965,1ALY
P29965,1I9R
P29965,3LKJ
P29965,3QD6
P29965,6BRB
P29965,6W9G
P29965,7SGM
P29972,1FQY
P29972,1H6I
P29972,1IH5
P29972,4CSK
P29972,6POJ
P29972,7UZE
P29972,8CT2
P29992,6OIJ
P29992,8QEG
P29992,8QEH
P30041,1PRX
P30041,5B6M
P30041,5B6N
P30043,1HDO
P30043,1HE2
P30043,1HE3
P30043,1HE4
P30043,1HE5
P30043,5OOG
P30043,5OOH
P30043,6OPL
P30043,7ER6
P30043,7ER7
P30043,7ER8
P30043,7ER9
P30043,7ERA
P30043,7ERB
P30043,7ERC
P30043,7ERD
P30043,7ERE
P30043,8ELL
P30043,8ELM
P30043,8K4K
P30043,9C16
P30043,9C17
P30043,9C18
P30044,1H4O
P30044,1HD2
P30044,1OC3
P30044,1URM
P30044,2VL2
P30044,2VL3
P30044,2VL9
P30044,3MNG
P30044,4K7I
P30044,4K7N
P30044,4K7O
P30044,4MMM
P30047,6Z80
P30047,6Z85
P30047,7ACC
P30047,7AL9
P30047,7ALA
P30047,7ALB
P30047,7ALC
P30047,7ALQ
P30048,5JCG
P30048,5UCX
P30085,1TEV
P30085,7E9V
P30101,2ALB
P30101,2DMM
P30101,2H8L
P30101,3F8U
P30101,7QNG
P30153,1B3U
P30153,2IE3
P30153,2IE4
P30153,2NPP
P30153,2NYL
P30153,2NYM
P30153,2PKG
P30153,3C5W
P30153,3DW8
P30153,3K7V
P30153,3K7W
P30153,4I5L
P30153,4I5N
P30153,4LAC
P30153,5W0W
P30153,6IUR
P30153,6NTS
P30153,7SOY
P30153,8SO0
P30153,8TTB
P30153,8TWE
P30153,8TWI
P30153,8U1X
P30153,8U89
P30153,8UO5
P30153,8UWB
P30153,9C6B
P30153,9C7T
P30203,5A2E
P30260,3T1N
P30260,4RG6
P30260,4RG7
P30260,4RG9
P30260,4UI9
P30260,5A31
P30260,5G04
P30260,5G05
P30260,5KHR
P30260,5KHU
P30260,5L9U
P30260,5LCW
P30260,6TLJ
P30260,6TM5
P30260,6TNT
P30260,8PKP
P30260,8TAR
P30260,8TAU
P30260,9FGQ
P30260,9GAW
P30260,9N9R
P30260,9N9S
P30273,7Q5T
P30273,8YVU
P30273,8YWA
P30288,1IVA
P30288,1OAV
P30288,1OAW
P30288,2NDB
P30305,1CWR
P30305,1CWS
P30305,1CWT
P30305,1QB0
P30305,1YM9
P30305,1YMD
P30305,1YMK
P30305,1YML
P30305,1YS0
P30305,2A2K
P30305,2IFD
P30305,2IFV
P30305,2UZQ
P30305,4WH7
P30305,4WH9
P30403,1N4Y
P30403,1Q7I
P30403,1Q7J
P30403,2LJV
P30403,2M75
P30403,2M7F
P30403,2M7H
P30403,2PJF
P30403,2PJG
P30403,2PJI
P30403,3UCI
P30403,4M4C
P30403,4R5R
P30403,4R5U
P30403,4RQG
P30403,7X4S
P30403,7X4V
P30403,7X4Z
P30405,2BIT
P30405,2BIU
P30405,2Z6W
P30405,3QYU
P30405,3R49
P30405,3R4G
P30405,3R54
P30405,3R56
P30405,3R57
P30405,3R59
P30405,3RCF
P30405,3RCG
P30405,3RCI
P30405,3RCK
P30405,3RCL
P30405,3RD9
P30405,3RDA
P30405,3RDB
P30405,3RDC
P30405,4J58
P30405,4J59
P30405,4J5A
P30405,4J5B
P30405,4J5C
P30405,4J5D
P30405,4J5E
P30405,4O8H
P30405,4O8I
P30405,4XNC
P30405,4ZSC
P30405,4ZSD
P30405,5A0E
P30405,5CBT
P30405,5CBU
P30405,5CBV
P30405,5CBW
P30405,5CCN
P30405,5CCQ
P30405,5CCR
P30405,5CCS
P30405,6R8L
P30405,6R8O
P30405,6R8W
P30405,6R9S
P30405,6R9U
P30405,6R9X
P30405,6RA1
P30405,6Y3E
P30405,6YBM
P30405,7OGI
P30405,7PMT
P30405,7R2H
P30405,7R2I
P30405,7R2J
P30405,7R2L
P30405,7TGS
P30405,7TGT
P30405,7TGU
P30405,7TGV
P30405,7TH1
P30405,7TH6
P30405,7TH7
P30405,7THC
P30405,7THD
P30405,7THF
P30405,7ZDN
P30405,8EJX
P30405,8UC4
P30405,8UC5
P30405,9F0I
P30412,2RMC
P30419,1RXT
P30419,3IU1
P30419,3IU2
P30419,3IWE
P30419,3JTK
P30419,4C2Y
P30419,4C2Z
P30419,5MU6
P30419,5NPQ
P30419,5O6H
P30419,5O6J
P30419,5O9S
P30419,5O9T
P30419,5O9U
P30419,5O9V
P30419,5UUT
P30419,6EHJ
P30419,6F56
P30419,6FZ2
P30419,6FZ3
P30419,6FZ5
P30419,6PAV
P30419,6QRM
P30419,6SJZ
P30419,6SK2
P30419,6SK3
P30419,6SK8
P30419,6SKJ
P30419,7OWM
P30419,7OWN
P30419,7OWO
P30419,7OWP
P30419,7OWQ
P30419,7OWR
P30419,7OWU
P30419,7RK3
P30419,8Q23
P30419,8Q24
P30419,8Q26
P30419,8Q2Z
P30419,8Q3D
P30419,8Q3S
P30419,8Q3T
P30419,9QQA
P30419,9QQB
P30429,3LQQ
P30429,3LQR
P30429,4M9S
P30429,4M9X
P30429,4M9Y
P30429,4M9Z
P30429,8JNS
P30429,8JO0
P30429,8JOL
P30511,5IUE
P30511,5KNM
P30518,4JQI
P30518,6NI2
P30518,7BB6
P30518,7BB7
P30518,7DF9
P30518,7DFA
P30518,7DFB
P30518,7DFC
P30518,7KH0
P30518,7R0C
P30518,7R0J
P30518,8GOC
P30518,8I10
P30518,8JRU
P30518,8JRV
P30518,9HAP
P30518,9HB3
P30530,2C5D
P30530,4RA0
P30530,5U6B
P30530,5VXZ
P30533,1LRE
P30533,1NRE
P30533,1OP1
P30533,1OV2
P30533,2FTU
P30533,2FYL
P30533,2P01
P30533,2P03
P30542,5N2S
P30542,5UEN
P30542,6D9H
P30542,7LD3
P30542,7LD4
P30550,7W3Z
P30550,7W40
P30550,7W41
P30550,8H0Q
P30561,4M4X
P30561,5V0L
P30622,2CP5
P30622,2CP6
P30622,2E3H
P30622,2E3I
P30622,2E4H
P30622,2HQH
P30622,2QK0
P30622,3E2U
P30622,3RDV
P30622,8WHH
P30622,8WHI
P30627,2WTG
P30627,2WTH
P30657,7QO6
P30740,4GA7
P30771,2XZL
P30771,8RD3
P30793,1FB1
P30793,6Z86
P30793,6Z87
P30793,6Z88
P30793,6Z89
P30822,3M1I
P30822,3VYC
P30822,3WYF
P30822,3WYG
P30822,4GMX
P30822,4GPT
P30822,4HAT
P30822,4HAU
P30822,4HAV
P30822,4HAW
P30822,4HAX
P30822,4HAY
P30822,4HAZ
P30822,4HB0
P30822,4HB2
P30822,4HB3
P30822,4HB4
P30822,5DH9
P30822,5DHA
P30822,5DHF
P30822,5DI9
P30822,5DIF
P30822,5JLJ
P30822,5UWH
P30822,5UWI
P30822,5UWJ
P30822,5UWO
P30822,5UWP
P30822,5UWQ
P30822,5UWR
P30822,5UWT
P30822,5UWU
P30822,5UWW
P30822,5XOJ
P30822,5YRO
P30822,5YST
P30822,5YSU
P30822,5YTB
P30822,5ZPU
P30822,6A38
P30822,6A3A
P30822,6A3B
P30822,6A3C
P30822,6A3E
P30822,6CIT
P30822,6LQ9
P30822,6M60
P30822,6M6X
P30822,6X2M
P30822,6X2O
P30822,6X2R
P30822,6X2U
P30822,6X2V
P30822,6X2W
P30822,6X2Y
P30822,6XJP
P30822,6XJR
P30822,6XJS
P30822,6XJT
P30822,6XJU
P30822,7CND
P30822,7DBG
P30822,7L5E
P30822,7YPZ
P30822,8HQ3
P30822,8HQ4
P30822,8HQ5
P30822,8HQ6
P30822,8HUF
P30822,8HUG
P30822,8ITV
P30822,8QYZ
P30822,9VM1
P30989,2LYW
P30989,6PWC
P30989,6UP7
P30989,7UL2
P30989,8JPB
P30989,8JPC
P30989,8JPF
P30989,8ZYT
P30989,8ZYU
P30989,8ZYY
P30989,9M0D
P31007,3TVT
P31007,4RP3
P31007,4RP4
P31007,4RP5
P31016,1BE9
P31016,1BFE
P31016,1IU0
P31016,1IU2
P31016,1JXM
P31016,1JXO
P31016,1KJW
P31016,1QLC
P31016,1RGR
P31016,1TP3
P31016,1TP5
P31016,1TQ3
P31016,2KA9
P31016,2XKX
P31016,3GSL
P31016,3WP0
P31016,3WP1
P31016,5B64
P31016,5D13
P31016,5GNV
P31016,5HDY
P31016,5HEB
P31016,5HED
P31016,5HET
P31016,5HEY
P31016,5HF1
P31016,5HF4
P31016,5HFB
P31016,5HFC
P31016,5HFD
P31016,5HFE
P31016,5HFF
P31016,5MZ7
P31016,5W72
P31016,5YPO
P31016,5YPR
P31016,7F7G
P31016,7F7I
P31016,9IUI
P31151,1PSR
P31151,2PSR
P31151,2WND
P31151,2WOR
P31151,2WOS
P31151,3PSR
P31151,4AQJ
P31170,5NMS
P31170,7BZW
P31170,7BZY
P31327,2YVQ
P31327,4UTR
P31327,4UTV
P31327,4UTX
P31327,4UTZ
P31327,4UU7
P31327,4UU8
P31327,4UUA
P31327,4UUB
P31327,5DOT
P31327,5DOU
P31327,5OJO
P31327,6UEL
P31327,6W2J
P31350,2UW2
P31350,3OLJ
P31350,3VPM
P31350,3VPN
P31350,3VPO
P31356,2Z73
P31356,2ZIY
P31356,3AYM
P31356,3AYN
P31356,4WW3
P31373,1N8P
P31384,4B8C
P31386,4D4Q
P31404,6XBW
P31404,6XBY
P31404,7KHR
P31404,7UNE
P31412,1U7L
P31415,3UOM
P31415,5CRD
P31415,5CRE
P31415,5CRG
P31415,5CRH
P31415,8F48
P31424,1DDV
P31431,1EJP
P31431,1EJQ
P31483,2MJN
P31483,3BS9
P31483,5ITH
P31483,5O2V
P31483,5O3J
P31483,6ELD
P31483,7VI4
P31483,7VI5
P31641,9J7M
P31641,9J7N
P31641,9J7O
P31641,9JCV
P31641,9JCZ
P31641,9JD5
P31641,9JD6
P31641,9JLN
P31641,9K7B
P31641,9K7N
P31644,8BEJ
P31644,8BGI
P31644,8BHA
P31644,8BHB
P31644,8BHG
P31644,8BHI
P31644,8BHK
P31644,8BHM
P31644,8BHO
P31644,8BHQ
P31644,8BHR
P31644,8BHS
P31645,5I6X
P31645,5I6Z
P31645,5I71
P31645,5I73
P31645,5I74
P31645,5I75
P31645,6AWN
P31645,6AWO
P31645,6AWP
P31645,6AWQ
P31645,6DZV
P31645,6DZW
P31645,6DZY
P31645,6DZZ
P31645,6VRH
P31645,6VRK
P31645,6VRL
P31645,6W2B
P31645,6W2C
P31645,7LI6
P31645,7LI7
P31645,7LI8
P31645,7LI9
P31645,7LIA
P31645,7LWD
P31645,7MGW
P31645,7TXT
P31689,2LO1
P31689,2M6Y
P31689,6E8M
P31689,8E2O
P31749,1H10
P31749,1UNP
P31749,1UNQ
P31749,1UNR
P31749,2UVM
P31749,2UZR
P31749,2UZS
P31749,3CQU
P31749,3CQW
P31749,3MV5
P31749,3MVH
P31749,3O96
P31749,3OCB
P31749,3OW4
P31749,3QKK
P31749,3QKL
P31749,3QKM
P31749,4EJN
P31749,4EKK
P31749,4EKL
P31749,4GV1
P31749,5KCV
P31749,6BUU
P31749,6CCY
P31749,6HHF
P31749,6HHG
P31749,6HHH
P31749,6HHI
P31749,6HHJ
P31749,6NPZ
P31749,6S9W
P31749,6S9X
P31749,7APJ
P31749,7MYX
P31749,7NH4
P31749,7NH5
P31749,8JOW
P31749,8UVY
P31749,8UW2
P31749,8UW7
P31749,8UW9
P31749,8ZPU
P31755,9N3S
P31785,3BPL
P31785,3QB7
P31785,6OEL
P31785,7S2R
P31785,8ENT
P31785,8EPA
P31785,9JQT
P31809,1L6Z
P31809,3R4D
P31809,5VST
P31809,6VSJ
P31946,2BQ0
P31946,2C23
P31946,4DNK
P31946,6A5Q
P31946,6BYK
P31946,6GN0
P31946,6GN8
P31946,6GNJ
P31946,6GNK
P31946,6GNN
P31946,8DP5
P31946,8EQ8
P31946,8EQH
P31949,1V4Z
P31949,1V50
P31949,2LUC
P31997,2DKS
P31997,4WTZ
P31997,4Y88
P31997,4YIQ
P32004,8AFO
P32004,8AFP
P32019,3MTC
P32019,3N9V
P32019,4CML
P32019,5A7I
P32019,5A7J
P32119,1QMV
P32119,5B8A
P32119,5B8B
P32119,5IJT
P32119,7KIZ
P32119,7KJ0
P32119,7KJ1
P32178,1CSM
P32178,2CSM
P32178,3CSM
P32178,4CSM
P32178,5CSM
P32179,1K9Y
P32179,1K9Z
P32179,1KA0
P32179,1KA1
P32179,1QGX
P32245,6W25
P32245,7AUE
P32245,7F53
P32245,7F54
P32245,7F55
P32245,7F58
P32245,7PIU
P32245,7PIV
P32245,8QJ2
P32245,8WKY
P32245,8WKZ
P32245,9K3K
P32249,7TUY
P32266,6JSJ
P32288,3FKY
P32297,4ZK4
P32297,5SYO
P32297,5TVC
P32297,6PV7
P32297,6PV8
P32300,4EJ4
P32316,8DH7
P32318,3FPZ
P32318,4Y4L
P32324,1N0U
P32324,1N0V
P32324,1U2R
P32324,1ZM2
P32324,1ZM3
P32324,1ZM4
P32324,1ZM9
P32324,2E1R
P32324,2NPF
P32324,2P8W
P32324,2P8X
P32324,2P8Y
P32324,2P8Z
P32324,2ZIT
P32324,3B78
P32324,3B82
P32324,3B8H
P32324,3DNY
P32337,3W3T
P32337,3W3U
P32337,3W3V
P32337,3W3W
P32337,3W3Z
P32337,4ZJ7
P32337,5H2V
P32340,4G6G
P32340,4G6H
P32340,4G73
P32340,4G74
P32340,4G9K
P32340,4GAP
P32340,4GAV
P32340,5YJW
P32340,5YJX
P32340,5YJY
P32344,5MRC
P32344,5MRE
P32344,5MRF
P32344,8OM2
P32344,8OM3
P32344,8OM4
P32356,5JTA
P32356,5M4A
P32356,5N6N
P32356,5NIS
P32366,5TJ5
P32366,6C6L
P32366,6M0R
P32366,6M0S
P32366,6O7T
P32366,6O7U
P32366,6PE4
P32366,6PE5
P32366,7TAO
P32366,7TAP
P32366,7TMS
P32366,7TMT
P32366,8EAS
P32366,8EAT
P32366,8EAU
P32366,9E76
P32366,9E7L
P32366,9MJ4
P32368,3LWT
P32368,8C81
P32418,8JP0
P32418,8SGI
P32418,8SGJ
P32418,8SGT
P32418,9IV8
P32455,1DG3
P32455,1F5N
P32455,2B8W
P32455,2B92
P32455,2BC9
P32455,2D4H
P32455,6K1Z
P32455,6K2D
P32455,6LOJ
P32455,8CQB
P32455,8Q4L
P32455,8R1A
P32456,6VKJ
P32456,7E58
P32456,7M1S
P32495,2LBW
P32495,2LBX
P32497,4U1C
P32497,5H7U
P32497,8S8E
P32497,8S8K
P32499,1UN0
P32499,2C1T
P32504,4ACO
P32504,6GSA
P32504,6GYP
P32504,6GYS
P32504,6GYU
P32505,2JPS
P32505,2LHN
P32505,2V75
P32505,3ZJ1
P32505,3ZJ2
P32505,4JLQ
P32505,5L2L
P32527,2LWX
P32527,5DJE
P32527,7X34
P32527,7X3K
P32561,7YI0
P32561,7YI2
P32561,7YI3
P32561,7YI4
P32561,7YI5
P32561,8GA8
P32561,8HPO
P32561,8HXX
P32561,8HXY
P32561,8HY0
P32561,8IHN
P32561,8IHT
P32561,8JHO
P32561,8KC7
P32561,8KD2
P32561,8KD3
P32561,8KD4
P32561,8KD5
P32561,8KD6
P32561,8KD7
P32561,8TOF
P32561,8W9C
P32561,8W9D
P32561,8W9E
P32561,8W9F
P32563,2JTW
P32563,2NVJ
P32563,2RPW
P32563,5I1M
P32563,6HH0
P32577,1K9A
P32588,2LA4
P32588,3MD1
P32588,3MD3
P32588,6Z29
P32589,2QXL
P32589,3C7N
P32598,7QWJ
P32598,8A8F
P32610,4RND
P32626,2G80
P32628,1X3W
P32628,1X3Z
P32628,2NBU
P32628,2NBW
P32628,3ESW
P32628,3M62
P32643,3G5T
P32656,5HWI
P32656,5HWK
P32660,7DRX
P32660,7DSH
P32660,7DSI
P32660,7F7F
P32660,7KY6
P32660,7KYB
P32660,7KYC
P32660,7WHV
P32660,7WHW
P32755,1SQI
P32769,3IZQ
P32769,3P26
P32769,3P27
P32773,1NH2
P32773,1RM1
P32773,1YTF
P32773,7OH9
P32773,7OHA
P32786,5O7X
P32793,2A08
P32794,7NKU
P32794,7WBB
P32794,7WD3
P32794,7YKK
P32794,7YKL
P32794,7YKT
P32794,7YKZ
P32794,7Z11
P32795,2MV3
P32799,6ZDB
P32851,1BR0
P32851,1EZ3
P32851,1HVV
P32851,1JTH
P32851,1KIL
P32851,1N7S
P32851,1SFC
P32851,2M8R
P32851,2N1T
P32851,3C98
P32851,3HD7
P32851,3IPD
P32851,3J96
P32851,3J97
P32851,3J98
P32851,3J99
P32851,3RK2
P32851,3RK3
P32851,3RL0
P32851,4JEH
P32851,4JEU
P32851,6IP1
P32851,6MDM
P32851,6MDN
P32851,6WVW
P32851,7UDB
P32851,7UDC
P32851,7XSJ
P32851,9OJZ
P32851,9OK3
P32851,9OLO
P32851,9OM6
P32851,9PAF
P32851,9PAG
P32851,9PB9
P32851,9PBA
P32851,9PBF
P32851,9PBV
P32851,9PC3
P32851,9PCX
P32851,9PCZ
P32851,9PD1
P32851,9PD8
P32851,9PFF
P32851,9PFG
P32860,2LTL
P32899,5WXM
P32909,3FMA
P32909,3K3V
P32916,1NRJ
P32969,2CQL
P32970,7KX0
P33173,1I5S
P33173,1I6I
P33173,1IA0
P33173,1VFV
P33173,1VFW
P33173,1VFX
P33173,1VFZ
P33173,2HXF
P33173,2HXH
P33173,2ZFI
P33173,2ZFJ
P33173,2ZFK
P33173,2ZFL
P33173,2ZFM
P33173,7EO9
P33173,7EOB
P33174,3ZFC
P33174,3ZFD
P33176,1BG2
P33176,1MKJ
P33176,2P4N
P33176,3J8X
P33176,3J8Y
P33176,4HNA
P33176,4LNU
P33176,5LT0
P33176,5LT1
P33176,5LT2
P33176,5LT3
P33176,5LT4
P33176,6OJQ
P33176,7RIK
P33176,8IXA
P33176,8IXB
P33176,8IXD
P33176,8IXE
P33176,8IXF
P33176,8IXG
P33176,8RHB
P33176,8RHH
P33176,8RIK
P33176,8RIZ
P33176,9GNQ
P33176,9L6K
P33176,9L78
P33176,9L7E
P33176,9L7M
P33260,2CIK
P33260,2H6P
P33299,3VLF
P33299,4A3V
P33299,4JPO
P33299,9CGC
P33302,7P03
P33302,7P04
P33302,7P05
P33302,7P06
P33309,2VGM
P33309,2VGN
P33313,6HFM
P33313,6HFT
P33322,3U28
P33322,3UAI
P33322,3ZV0
P33331,1GY7
P33331,1GYB
P33527,2CBZ
P33527,4C3Z
P33527,8VT4
P33527,8VUX
P33527,8VVC
P33754,6N3Q
P33754,6ND1
P33754,7AFT
P33754,7KAH
P33754,7KAI
P33754,7KAJ
P33754,7KAO
P33754,7KAP
P33754,7KAQ
P33754,7KAR
P33754,7KAS
P33754,7KAT
P33754,7KAU
P33754,7KB5
P33760,8U0X
P33764,1KSO
P33764,3NSI
P33764,3NSK
P33764,3NSL
P33764,3NSO
P33767,4J86
P33775,6P25
P33775,6P2R
P33891,3ETV
P33891,3FHN
P33891,8EKI
P33896,3WCY
P33897,7RR9
P33897,7RRA
P33897,7SHM
P33897,7SHN
P33897,7VR1
P33897,7VWC
P33897,7VX8
P33897,7VZB
P33897,7X07
P33897,7X0T
P33897,7X0Z
P33897,7X1W
P33897,7XEC
P33897,7YRQ
P33992,6XTX
P33992,6XTY
P33992,7PFO
P33992,7PLO
P33992,7W1Y
P33992,7W68
P33992,8S09
P33992,8S0A
P33992,8S0B
P33992,8S0D
P33992,8S0E
P33992,8S0F
P33992,8W0E
P33992,8W0F
P33992,8W0G
P33992,8W0I
P33992,9CAQ
P33992,9E2Z
P34077,2QX5
P34077,2RFO
P34077,6X07
P34077,7N85
P34077,7N9F
P34077,7WOO
P34077,7WOT
P34077,8TJ5
P34160,3UKY
P34160,6N7P
P34216,2G3Q
P34217,2A0T
P34707,1SKN
P34760,3SBC
P34808,5WC0
P34808,5WC1
P34808,5WCB
P34808,6B5D
P34808,6UGD
P34808,6UGE
P34808,6UGF
P34884,1MFF
P34884,1MFI
P34884,2GDG
P34897,4PVF
P34897,5V7I
P34897,5X3V
P34897,6DK3
P34897,6H3C
P34897,6M5O
P34897,6QVG
P34897,6QVL
P34897,6R8F
P34897,7BYI
P34897,8AQL
P34897,8FJT
P34897,8FJU
P34897,8GKS
P34897,8GKT
P34897,8GKU
P34897,8GKW
P34897,8GKY
P34897,8GKZ
P34897,8QI7
P34897,8SSJ
P34897,8T4O
P34897,8T4P
P34897,8TLC
P34897,8XNA
P34897,9BOX
P34914,1CQZ
P34914,1CR6
P34914,1EK1
P34914,1EK2
P34981,7WKD
P34981,7X1T
P34981,7X1U
P34981,7XW9
P35030,1H4W
P35030,2R9P
P35030,3L3T
P35030,3P92
P35030,3P95
P35030,4DG4
P35030,4U32
P35030,5JBT
P35030,5TP0
P35030,9BOS
P35030,9BOT
P35123,3JYU
P35129,1Z2U
P35179,2WW9
P35179,2WWA
P35187,1D8B
P35193,2KZB
P35193,2ZPN
P35193,5JGE
P35195,1LXJ
P35197,5FJX
P35207,4A4K
P35207,4A4Z
P35207,4BUJ
P35207,8Q9T
P35207,8QCA
P35207,8QCB
P35221,1H6G
P35221,4EHP
P35221,4IGG
P35221,6UPV
P35221,6V2O
P35221,6V2P
P35221,7UTJ
P35221,9BL2
P35221,9BL3
P35221,9BL4
P35222,1G3J
P35222,1JDH
P35222,1JPW
P35222,1LUJ
P35222,1P22
P35222,1QZ7
P35222,1T08
P35222,1TH1
P35222,2G57
P35222,2GL7
P35222,2Z6H
P35222,3SL9
P35222,3SLA
P35222,3TX7
P35222,4DJS
P35222,6M90
P35222,6M91
P35222,6M92
P35222,6M93
P35222,6M94
P35222,6WNX
P35222,7AFW
P35222,7UWI
P35222,7UWO
P35222,7ZRB
P35222,8EI9
P35222,8EIA
P35222,8EIB
P35222,8EIC
P35222,8Y0G
P35222,8Y0P
P35222,8Y14
P35222,8Z0U
P35222,8Z10
P35222,8Z5J
P35222,8Z61
P35226,2H0D
P35226,2NA1
P35226,5FR6
P35226,6WI7
P35226,6WI8
P35226,7ND1
P35226,8PP7
P35226,9DGG
P35228,1NSI
P35228,2NSI
P35228,3E7G
P35228,3EJ8
P35228,4CX7
P35228,4NOS
P35228,5XN3
P35228,6JWM
P35228,6JWN
P35228,6KEY
P35232,8RRH
P35232,9O6S
P35232,9O6T
P35236,1ZC0
P35236,2A3K
P35236,2GP0
P35236,2GPH
P35236,2HVL
P35236,2QDC
P35236,2QDM
P35236,2QDP
P35236,3O4S
P35236,3O4T
P35236,3O4U
P35236,8YP8
P35285,1YVD
P35285,1Z0J
P35288,1Z22
P35288,1Z2A
P35348,7YM8
P35348,7YMH
P35348,7YMJ
P35348,8HN1
P35348,8THK
P35348,8THL
P35348,9IQV
P35348,9M4Q
P35348,9M4T
P35354,5F19
P35354,5F1A
P35354,5IKQ
P35354,5IKR
P35354,5IKT
P35354,5IKV
P35354,5KIR
P35367,3RZE
P35367,7DFL
P35367,8YN2
P35372,8K9K
P35372,8K9L
P35372,8Y72
P35372,8Y73
P35372,9MQH
P35372,9MQI
P35372,9MQJ
P35438,9DA9
P35439,1PB7
P35439,1PB8
P35439,1PB9
P35439,1PBQ
P35439,1Y1M
P35439,1Y1Z
P35439,1Y20
P35439,2A5T
P35439,3Q41
P35439,4KCC
P35439,4KFQ
P35439,4NF4
P35439,4NF5
P35439,4NF6
P35439,4NF8
P35439,4PE5
P35439,5DEX
P35439,5FXG
P35439,5FXH
P35439,5FXI
P35439,5FXJ
P35439,5FXK
P35439,5I56
P35439,5I57
P35439,5I58
P35439,5I59
P35439,5JTY
P35439,5U8C
P35439,5VIH
P35439,5VII
P35439,5VIJ
P35439,6CNA
P35439,6MM9
P35439,6MMA
P35439,6MMB
P35439,6MMG
P35439,6MMH
P35439,6MMI
P35439,6MMJ
P35439,6MMK
P35439,6MML
P35439,6MMM
P35439,6MMN
P35439,6MMP
P35439,6MMR
P35439,6MMS
P35439,6MMT
P35439,6MMU
P35439,6MMV
P35439,6MMW
P35439,6MMX
P35439,6OVD
P35439,6OVE
P35439,6USU
P35439,6USV
P35439,6UZ6
P35439,6UZG
P35439,6UZR
P35439,6UZW
P35439,6UZX
P35439,6WHR
P35439,6WHS
P35439,6WHT
P35439,6WHU
P35439,6WHV
P35439,6WHW
P35439,6WHX
P35439,6WHY
P35439,6WI0
P35439,6WI1
P35439,7SAA
P35439,7SAB
P35439,7SAC
P35439,7SAD
P35439,7TE9
P35439,7TEB
P35439,7TEE
P35439,7TEQ
P35439,7TER
P35439,7TES
P35439,7TET
P35439,7YFG
P35439,7YFH
P35439,7YFI
P35439,8HDK
P35439,8JF7
P35439,8USW
P35439,8VUY
P35439,8VVH
P35439,8XLK
P35439,9ARE
P35439,9ARF
P35439,9ARG
P35439,9ARH
P35439,9ARI
P35439,9BIB
P35439,9JNN
P35458,4RFX
P35462,3PBL
P35462,9F33
P35462,9F34
P35498,7DTD
P35499,6AGF
P35499,6MBA
P35499,6MC9
P35520,1JBQ
P35520,1M54
P35520,4COO
P35520,4L0D
P35520,4L27
P35520,4L28
P35520,4L3V
P35520,4PCU
P35520,4UUU
P35520,5MMS
P35520,7QGT
P35520,8S5H
P35520,8S5I
P35520,8S5J
P35520,8S5K
P35520,8S5L
P35520,8S5M
P35520,8STW
P35520,9HIF
P35523,6COY
P35523,6COZ
P35523,6QV6
P35523,6QVB
P35523,6QVC
P35523,6QVD
P35523,6QVU
P35523,8WXI
P35523,8WXJ
P35557,1V4S
P35557,1V4T
P35557,3A0I
P35557,3F9M
P35557,3FGU
P35557,3FR0
P35557,3GOI
P35557,3H1V
P35557,3ID8
P35557,3IDH
P35557,3IMX
P35557,3QIC
P35557,3S41
P35557,3VEV
P35557,3VEY
P35557,3VF6
P35557,4DCH
P35557,4DHY
P35557,4ISE
P35557,4ISF
P35557,4ISG
P35557,4IWV
P35557,4IXC
P35557,4L3Q
P35557,4LC9
P35557,4MLE
P35557,4MLH
P35557,4NO7
P35557,4RCH
P35557,5V4W
P35557,5V4X
P35557,6E0E
P35557,6E0I
P35557,7T78
P35557,7T79
P35558,1KHB
P35558,1KHE
P35558,1KHF
P35558,1KHG
P35558,1M51
P35558,1NHX
P35558,2GMV
P35559,3P7L
P35559,3P7O
P35559,3TUV
P35573,8ZEQ
P35575,9J7U
P35575,9J7V
P35575,9JTL
P35575,9JTM
P35575,9JTN
P35575,9JTO
P35581,9D7S
P35581,9HA1
P35581,9HA2
P35581,9HA3
P35581,9HA4
P35581,9HA5
P35581,9HA6
P35581,9HA7
P35581,9HAI
P35590,5N06
P35609,1H8B
P35609,1HCI
P35609,1QUU
P35609,4D1E
P35609,5A36
P35609,5A37
P35609,5A38
P35609,5A4B
P35609,6SWT
P35609,6TS3
P35609,7A8T
P35609,7A8U
P35609,7B55
P35609,7B56
P35609,7B57
P35610,6L47
P35610,6L48
P35610,6P2J
P35610,6P2P
P35610,6VUM
P35613,3B5H
P35613,3I84
P35613,3I85
P35613,3QQN
P35613,3QR2
P35613,4U0Q
P35613,5X0T
P35613,5XF0
P35613,7DAA
P35613,7XY8
P35670,2ARF
P35670,2EW9
P35670,2KOY
P35670,2LQB
P35670,2N7Y
P35670,2ROP
P35670,6A71
P35670,6A72
P35670,7XUK
P35670,7XUM
P35670,7XUN
P35670,7XUO
P35670,8IOY
P35705,1ZYE
P35705,4MH2
P35705,4MH3
P35729,3F7F
P35729,3H7N
P35729,3HXR
P35729,4XMM
P35729,4XMN
P35729,6X06
P35729,7N84
P35729,8TIE
P35734,8Q84
P35734,8Q85
P35751,1UCS
P35753,1C89
P35753,1C8A
P35753,3NLA
P35753,3RDN
P35762,3X0F
P35778,2VZN
P35790,2CKO
P35790,2CKP
P35790,2CKQ
P35790,2I7Q
P35790,3F2R
P35790,3G15
P35790,3ZM9
P35790,4BR3
P35790,4CG8
P35790,4CG9
P35790,4CGA
P35790,4DA5
P35790,5AFV
P35790,5EQE
P35790,5EQP
P35790,5EQY
P35790,5FTG
P35790,5FUT
P35790,5W6O
P35790,7A04
P35790,7A06
P35790,7NB1
P35790,7NB2
P35790,7NB3
P35790,8BI5
P35790,8BI6
P35813,1A6Q
P35813,3FXJ
P35813,3FXK
P35813,3FXL
P35813,3FXM
P35813,3FXO
P35813,4RA2
P35813,4RAF
P35813,4RAG
P35813,6B67
P35844,1ZHT
P35844,1ZHW
P35844,1ZHX
P35844,1ZHY
P35844,1ZHZ
P35844,1ZI7
P35844,3SPW
P35844,4F4B
P35844,4FES
P35844,4JCH
P35916,4BSJ
P35916,4BSK
P35968,1VR2
P35968,1Y6A
P35968,1Y6B
P35968,1YWN
P35968,2M59
P35968,2MET
P35968,2MEU
P35968,2OH4
P35968,2P2H
P35968,2P2I
P35968,2QU5
P35968,2QU6
P35968,2RL5
P35968,2X1W
P35968,2X1X
P35968,2XIR
P35968,3B8Q
P35968,3B8R
P35968,3BE2
P35968,3C7Q
P35968,3CJF
P35968,3CJG
P35968,3CP9
P35968,3CPB
P35968,3CPC
P35968,3DTW
P35968,3EFL
P35968,3EWH
P35968,3KVQ
P35968,3S35
P35968,3S36
P35968,3S37
P35968,3U6J
P35968,3V2A
P35968,3V6B
P35968,3VHE
P35968,3VHK
P35968,3VID
P35968,3VNT
P35968,3VO3
P35968,3WZD
P35968,3WZE
P35968,4AG8
P35968,4AGC
P35968,4AGD
P35968,4ASD
P35968,4ASE
P35968,5EW3
P35968,5OYJ
P35968,6GQO
P35968,6GQP
P35968,6GQQ
P35968,6XVJ
P35968,6XVK
P35991,4XI2
P35991,6MNY
P35991,8FD9
P35991,8FF0
P35991,8GMB
P35991,8S93
P35991,8S9F
P35991,9EJJ
P35991,9EJR
P35991,9EJS
P35991,9EJX
P35991,9ME2
P35991,9ME3
P35998,5VGZ
P35998,5VHS
P35998,8USD
P36006,1RUW
P36006,1VA7
P36006,2BTT
P36010,3B54
P36017,1EK0
P36021,8ZKN
P36021,8ZKO
P36021,9FKN
P36021,9FOT
P36021,9GF8
P36021,9GV5
P36037,3GAE
P36037,3L3F
P36037,3ODT
P36037,3PSP
P36037,3PST
P36041,6FC1
P36041,6FC2
P36046,2ZXT
P36046,3A3C
P36049,5Z1G
P36068,1XLY
P36088,1F5M
P36088,3KO6
P36094,2Q6Q
P36094,6OD2
P36094,6OEC
P36094,6OEI
P36102,4CYK
P36102,4XR7
P36107,9IVC
P36108,2V6X
P36108,6AP1
P36108,6BMF
P36114,1PYO
P36114,3EDR
P36116,2C5I
P36116,2C5K
P36130,2PQR
P36136,3F3K
P36136,3LG2
P36136,3LL4
P36136,3OI7
P36144,5YDT
P36144,5YDU
P36152,2KM1
P36156,5LKB
P36156,5LKD
P36159,5MTZ
P36160,5A53
P36160,5WXL
P36161,3KFO
P36161,6X02
P36161,6X03
P36161,6X04
P36161,6X05
P36193,4EZR
P36193,6Z2P
P36193,6Z2Q
P36193,8AKN
P36193,8AM9
P36193,8ANA
P36217,1ENX
P36217,1RED
P36217,1REE
P36217,1REF
P36217,1XYO
P36217,1XYP
P36217,2D97
P36217,2D98
P36217,2DFB
P36217,2DFC
P36217,3LGR
P36217,4HK8
P36217,4HK9
P36217,4HKL
P36217,4HKO
P36217,4HKW
P36217,4S2D
P36217,4S2F
P36217,4S2G
P36217,4S2H
P36217,4XPV
P36217,4XQ4
P36217,4XQD
P36217,4XQW
P36217,5K7P
P36217,5ZF3
P36217,5ZH0
P36217,5ZH9
P36217,5ZII
P36217,5ZIW
P36217,5ZKZ
P36217,5ZO0
P36217,6JUG
P36217,6JWB
P36217,6JXL
P36217,6JZP
P36217,6K9O
P36217,6K9R
P36217,6K9W
P36217,6K9X
P36217,6KVV
P36217,6KW9
P36217,6KWC
P36217,6KWD
P36217,6KWE
P36217,6KWF
P36217,6KWG
P36217,6KWH
P36217,7MGU
P36218,1XYN
P36222,1HJV
P36222,1HJW
P36222,1HJX
P36222,1NWR
P36222,1NWS
P36222,1NWT
P36222,1NWU
P36222,7CJ2
P36222,8DF1
P36222,8R41
P36222,8R42
P36222,8R4X
P36222,8ZAZ
P36406,5VZV
P36507,1S9I
P36507,4H3Q
P36544,2MAW
P36544,5AFH
P36544,5AFJ
P36544,5AFK
P36544,5AFL
P36544,5AFM
P36544,5AFN
P36544,7EKI
P36544,7EKP
P36544,7EKT
P36544,7KOO
P36544,7KOQ
P36544,7KOX
P36544,7RPM
P36544,8C9X
P36544,8CAU
P36544,8CE4
P36544,8CI1
P36544,8CI2
P36544,8F4V
P36544,8P1H
P36544,8UT1
P36544,8UTB
P36544,8UZJ
P36544,8V80
P36544,8V82
P36544,8V86
P36544,8V88
P36544,8V89
P36544,8V8A
P36544,8V8C
P36544,8V8D
P36544,9IIR
P36544,9IIV
P36578,9FPZ
P36639,1IRY
P36639,3Q93
P36639,3WHW
P36639,3ZR0
P36639,3ZR1
P36639,4C9W
P36639,4C9X
P36639,4N1T
P36639,4N1U
P36639,5ANS
P36639,5ANT
P36639,5ANU
P36639,5ANV
P36639,5ANW
P36639,5FSI
P36639,5FSK
P36639,5FSL
P36639,5FSM
P36639,5FSN
P36639,5FSO
P36639,5GHI
P36639,5GHJ
P36639,5GHM
P36639,5GHN
P36639,5GHO
P36639,5GHP
P36639,5GHQ
P36639,5NGR
P36639,5NGS
P36639,5NGT
P36639,5NHY
P36639,5OTM
P36639,5WS7
P36639,6AA3
P36639,6AA4
P36639,6AA5
P36639,6EQ2
P36639,6EQ3
P36639,6EQ4
P36639,6EQ5
P36639,6EQ6
P36639,6EQ7
P36639,6F1X
P36639,6F20
P36639,6F22
P36639,6F23
P36639,6GLE
P36639,6GLF
P36639,6GLG
P36639,6GLH
P36639,6GLI
P36639,6GLJ
P36639,6GLK
P36639,6GLL
P36639,6GLM
P36639,6GLN
P36639,6GLO
P36639,6GLP
P36639,6GLQ
P36639,6GLR
P36639,6GLS
P36639,6GLT
P36639,6GLU
P36639,6GLV
P36639,6IJY
P36639,6ILI
P36639,6IMZ
P36639,6JVF
P36639,6JVG
P36639,6JVH
P36639,6JVI
P36639,6JVJ
P36639,6JVK
P36639,6JVL
P36639,6JVM
P36639,6JVN
P36639,6JVO
P36639,6JVP
P36639,6JVQ
P36639,6JVR
P36639,6JVS
P36639,6JVT
P36639,6QVO
P36639,6US2
P36639,6US3
P36639,6US4
P36639,7ESF
P36639,7N03
P36639,7N13
P36639,8A07
P36639,8A0S
P36639,8A0T
P36639,8A34
P36639,8A3A
P36639,8I18
P36639,8I19
P36639,8I1A
P36639,8I1C
P36639,8I1D
P36639,8I1E
P36639,8I1F
P36639,8I1G
P36639,8I1H
P36639,8I1I
P36639,8I1J
P36639,8I8S
P36639,8I8T
P36639,9FL6
P36639,9GQL
P36639,9MBE
P36639,9MBF
P36639,9MBG
P36639,9MBH
P36639,9MBI
P36639,9MBJ
P36639,9MBK
P36639,9MBL
P36639,9MBM
P36639,9MBN
P36775,7SXO
P36776,2X36
P36776,6WYS
P36776,6WZV
P36776,6X1M
P36776,6X27
P36776,7KRZ
P36776,7KSL
P36776,7KSM
P36776,7NFY
P36776,7NG4
P36776,7NG5
P36776,7NGC
P36776,7NGF
P36776,7NGL
P36776,7NGP
P36776,7NGQ
P36776,7OXO
P36776,7P09
P36776,7P0B
P36776,7P0M
P36776,8OJL
P36776,8OKA
P36776,8OM7
P36776,8OVF
P36776,8OVG
P36776,9CC0
P36776,9CC1
P36776,9CC3
P36873,1IT6
P36873,1JK7
P36873,1U32
P36873,2BCD
P36873,2BDX
P36873,4UT2
P36873,4UT3
P36873,5INB
P36873,5J28
P36873,7SD0
P36873,8B5R
P36897,1IAS
P36897,1PY5
P36897,1RW8
P36897,1VJY
P36897,2L5S
P36897,2PJY
P36897,2WOT
P36897,2WOU
P36897,2X7O
P36897,3FAA
P36897,3GXL
P36897,3HMM
P36897,3KCF
P36897,3KFD
P36897,3TZM
P36897,4X0M
P36897,4X2F
P36897,4X2G
P36897,4X2J
P36897,4X2K
P36897,4X2N
P36897,5E8S
P36897,5E8T
P36897,5E8U
P36897,5E8W
P36897,5E8X
P36897,5E8Z
P36897,5E90
P36897,5FRI
P36897,5QIK
P36897,5QIL
P36897,5QIM
P36897,5QTZ
P36897,5QU0
P36897,5USQ
P36897,6B8Y
P36897,6MAC
P36897,8YHF
P36897,8YHL
P36897,9B9F
P36897,9F6X
P36897,9FK5
P36897,9J9D
P36898,3EVS
P36955,1IMV
P36955,9J3P
P36955,9J3Q
P36956,1AM9
P36957,6H05
P36969,2GS3
P36969,2OBI
P36969,5H5Q
P36969,5H5R
P36969,5H5S
P36969,6ELW
P36969,6HKQ
P36969,6HN3
P36969,7L8K
P36969,7L8L
P36969,7L8M
P36969,7L8Q
P36969,7L8R
P36969,7U4I
P36969,7U4J
P36969,7U4K
P36969,7U4L
P36969,7U4M
P36969,7U4N
P36969,8Q8J
P36969,8Q8N
P36969,9J6L
P37023,2LCR
P37023,3MY0
P37023,4FAO
P37023,6SF1
P37023,6SF2
P37023,6SF3
P37023,7PPC
P37045,1AGG
P37045,1OMA
P37045,1OMB
P37088,2M3O
P37088,6BQN
P37088,6WTH
P37173,1KTZ
P37173,1M9Z
P37173,1PLO
P37173,4P7U
P37173,4XJJ
P37173,5E8V
P37173,5E8Y
P37173,5E91
P37173,5E92
P37173,5QIN
P37173,5TX4
P37173,5TY4
P37173,7DV6
P37173,8G4K
P37173,8YGZ
P37173,9E9G
P37173,9FDY
P37173,9FKP
P37261,4URP
P37727,1LTX
P37840,1XQ8
P37840,2JN5
P37840,2KKW
P37840,2N0A
P37840,2X6M
P37840,3Q25
P37840,3Q26
P37840,3Q27
P37840,3Q28
P37840,3Q29
P37840,4BXL
P37840,4R0U
P37840,4R0W
P37840,4RIK
P37840,4RIL
P37840,4ZNN
P37840,5CRW
P37840,6A6B
P37840,6CT7
P37840,6CU7
P37840,6CU8
P37840,6H6B
P37840,6I42
P37840,6L1T
P37840,6L1U
P37840,6L4S
P37840,6LRQ
P37840,6OSJ
P37840,6OSL
P37840,6OSM
P37840,6PEO
P37840,6PES
P37840,6RT0
P37840,6RTB
P37840,6SST
P37840,6SSX
P37840,6UFR
P37840,6XYO
P37840,6XYP
P37840,6XYQ
P37840,7C1D
P37840,7E0F
P37840,7L7H
P37840,7LC9
P37840,7NCA
P37840,7NCG
P37840,7NCH
P37840,7NCI
P37840,7NCJ
P37840,7NCK
P37840,7OZG
P37840,7OZH
P37840,7STX
P37840,7UAK
P37840,7V47
P37840,7V48
P37840,7V49
P37840,7V4A
P37840,7V4B
P37840,7V4C
P37840,7V4D
P37840,7WMM
P37840,7WNZ
P37840,7WO0
P37840,7XJX
P37840,7XO0
P37840,7XO1
P37840,7XO2
P37840,7XO3
P37840,7YK2
P37840,7YK8
P37840,7YNF
P37840,7YNG
P37840,7YNL
P37840,7YNM
P37840,7YNN
P37840,7YNO
P37840,7YNP
P37840,7YNQ
P37840,7YNR
P37840,7YNS
P37840,7YNT
P37840,8A4L
P37840,8A9L
P37840,8ADS
P37840,8ADU
P37840,8ADV
P37840,8ADW
P37840,8AEX
P37840,8B9V
P37840,8BQV
P37840,8BQW
P37840,8CE7
P37840,8CEB
P37840,8CYR
P37840,8CYS
P37840,8CYT
P37840,8CYV
P37840,8CYW
P37840,8CYX
P37840,8CYY
P37840,8CZ0
P37840,8CZ1
P37840,8CZ2
P37840,8CZ3
P37840,8CZ6
P37840,8FPT
P37840,8G0L
P37840,8GF7
P37840,8H03
P37840,8H04
P37840,8H05
P37840,8HZB
P37840,8HZC
P37840,8HZS
P37840,8JEX
P37840,8JEY
P37840,8JJV
P37840,8JLY
P37840,8OG0
P37840,8OJR
P37840,8OL8
P37840,8OQI
P37840,8PIX
P37840,8PJO
P37840,8PK2
P37840,8PK4
P37840,8QPZ
P37840,8RI9
P37840,8RQM
P37840,8RRR
P37840,8UKA
P37840,8X7B
P37840,8X7L
P37840,8X7M
P37840,8X7O
P37840,8X7P
P37840,8X7Q
P37840,8X7R
P37840,8XWD
P37840,8Y2P
P37840,8Y2Q
P37840,8ZLI
P37840,8ZLO
P37840,8ZLP
P37840,8ZMY
P37840,8ZVY
P37840,8ZWH
P37840,8ZWI
P37840,8ZWJ
P37840,8ZWK
P37840,9C5R
P37840,9CD9
P37840,9CDA
P37840,9CK3
P37840,9CX6
P37840,9D5C
P37840,9EUU
P37840,9FYP
P37840,9HGR
P37840,9HGS
P37840,9HXA
P37840,9IJP
P37840,9O4B
P38011,1TRJ
P38011,3FRX
P38011,3RFG
P38011,3RFH
P38013,4DSQ
P38013,4DSR
P38013,4H86
P38013,4OWY
P38042,8A3T
P38042,8A5Y
P38042,8A61
P38132,3JA8
P38132,3JC5
P38132,3JC6
P38132,3JC7
P38132,5BK4
P38132,5U8S
P38132,5U8T
P38132,5V8F
P38132,5XF8
P38132,6EYC
P38132,6F0L
P38132,6PTJ
P38132,6PTN
P38132,6PTO
P38132,6RQC
P38132,6SKL
P38132,6SKO
P38132,6U0M
P38132,6WGC
P38132,6WGF
P38132,6WGG
P38132,6WGI
P38132,7P30
P38132,7P5Z
P38132,7PT6
P38132,7PT7
P38132,7V3U
P38132,7V3V
P38132,7W8G
P38132,8B9A
P38132,8B9B
P38132,8B9C
P38132,8RIF
P38132,8RIG
P38132,9BCX
P38132,9E2W
P38132,9E2X
P38132,9E2Y
P38132,9GJP
P38132,9GJW
P38132,9GM5
P38137,8AFF
P38137,8AFG
P38137,8ATD
P38153,7P3X
P38153,7P3Y
P38153,7P3Z
P38167,7QQY
P38170,5OQN
P38170,5OQO
P38170,5OQP
P38170,5OQQ
P38170,6YVD
P38170,6YVU
P38170,6YVV
P38170,7Q2X
P38170,7Q2Y
P38170,7Q2Z
P38170,7QEN
P38170,7QFW
P38181,3I5P
P38181,3I5Q
P38182,2KQ7
P38182,2KWC
P38182,2LI5
P38182,3RUI
P38182,3VH3
P38182,3VH4
P38182,3VXW
P38182,5YEC
P38182,6AAG
P38182,6WY6
P38197,1B54
P38197,1CT5
P38238,6JP6
P38238,6JPL
P38247,3LGO
P38247,4FTX
P38247,4FUW
P38247,4XPM
P38250,9HDH
P38250,9HDK
P38250,9HHE
P38250,9QJA
P38250,9QJT
P38250,9QJU
P38263,6SWY
P38263,7WUG
P38272,4LL7
P38272,4LL8
P38272,4WNL
P38272,5M0I
P38272,5M0J
P38276,4CLC
P38297,9KFD
P38297,9KFE
P38297,9KFF
P38307,6VJZ
P38307,6VK0
P38316,3W1S
P38339,4WPC
P38339,5MY3
P38340,7D8D
P38340,7D8F
P38348,3VLD
P38348,3VLE
P38348,4A3T
P38348,4FP7
P38351,5ZYP
P38351,7DKH
P38398,1JM7
P38398,1JNX
P38398,1N5O
P38398,1OQA
P38398,1T15
P38398,1T29
P38398,1T2U
P38398,1T2V
P38398,1Y98
P38398,2ING
P38398,3COJ
P38398,3K0H
P38398,3K0K
P38398,3K15
P38398,3K16
P38398,3PXA
P38398,3PXB
P38398,3PXC
P38398,3PXD
P38398,3PXE
P38398,4IFI
P38398,4IGK
P38398,4JLU
P38398,4OFB
P38398,4U4A
P38398,4Y18
P38398,4Y2G
P38398,6G2I
P38398,8RS8
P38428,2MYX
P38428,4JQU
P38435,9BUM
P38435,9BUR
P38435,9BUX
P38435,9BVK
P38435,9BVL
P38435,9BVM
P38435,9BVO
P38435,9BVP
P38435,9BVQ
P38435,9BVR
P38484,5EH1
P38555,3CPJ
P38626,7ROM
P38631,7XE4
P38631,7YUY
P38631,8JZN
P38631,8WL6
P38631,8WLA
P38632,3HTK
P38632,7P47
P38632,7QCD
P38632,7YLM
P38632,7YQH
P38632,8I21
P38632,8I4U
P38632,8I4V
P38632,8I4X
P38632,8WJL
P38632,8WJO
P38634,3V7D
P38634,6G86
P38646,3N8E
P38646,4KBO
P38646,6NHK
P38646,6P2U
P38646,6PMT
P38713,4IAP
P38713,4IC4
P38713,4INQ
P38720,2P4Q
P38742,8ADL
P38742,8AE6
P38753,2PJW
P38760,5D77
P38760,5D78
P38777,1YCD
P38800,5YQJ
P38800,5YQP
P38800,6BYD
P38800,6BYM
P38804,1NYN
P38822,1ZUU
P38822,2A28
P38825,3FP2
P38825,3FP3
P38825,3FP4
P38825,3LCA
P38856,9EXF
P38873,7PQH
P38874,4A8J
P38874,4EJS
P38874,8ASV
P38874,8AT6
P38881,5H2C
P38881,5XJG
P38888,8ZPW
P38894,2XJP
P38894,2XJQ
P38894,2XJR
P38894,2XJS
P38894,2XJT
P38894,2XJU
P38894,2XJV
P38894,4AHW
P38894,4AHX
P38894,4AHY
P38894,4AHZ
P38894,4AI0
P38894,4AI1
P38894,4AI2
P38894,4AI3
P38919,2HXY
P38919,4C9B
P38919,6YVH
P38919,7ZNJ
P38922,2MZR
P38922,2MZS
P38922,2MZT
P38935,1MSZ
P38935,2LRR
P38935,4B3F
P38935,4B3G
P38936,1AXC
P38936,2ZVV
P38936,2ZVW
P38936,4RJF
P38936,5E0U
P38936,6CBI
P38936,6CEJ
P38936,6CIV
P38936,6CIX
P38936,7KQ0
P38936,7KQ1
P38936,8GJF
P38983,7QGG
P38993,1ZPU
P38996,2KVI
P38996,2L41
P38996,2XNQ
P38996,2XNR
P38996,7PRD
P38996,7PRE
P39007,2LGZ
P39007,6C26
P39007,6EZN
P39007,7OCI
P39007,8AGB
P39007,8AGC
P39007,8AGE
P39008,1UOC
P39008,4B8A
P39016,5BYM
P39016,5BZ1
P39016,5BZ5
P39016,5BZU
P39016,5BZV
P39060,1BNL
P39060,3HON
P39060,3HSH
P39060,9BNB
P39060,9BNC
P39060,9BND
P39060,9BNE
P39060,9BNF
P39060,9BNG
P39061,1DY0
P39061,1DY1
P39061,1KOE
P39107,3ZF8
P39109,7M68
P39109,7M69
P39109,7MPE
P39109,8SG4
P39109,8SQ0
P39109,8SQL
P39109,8SQM
P39109,9AYC
P39207,1U8W
P39447,2RRM
P39517,1S2M
P39517,4BRU
P39517,4BRW
P39683,1VLP
P39685,5TVZ
P39685,8T9L
P39687,2JE0
P39687,2JE1
P39687,4XOS
P39687,6XZQ
P39687,8RMR
P39687,8RN0
P39687,8RNA
P39687,8RNB
P39687,8RNC
P39723,6MF5
P39729,4A9A
P39748,1U7B
P39748,1UL1
P39748,3Q8K
P39748,3Q8L
P39748,3Q8M
P39748,3UVU
P39748,5E0V
P39748,5FV7
P39748,5K97
P39748,5KSE
P39748,5UM9
P39748,5ZOD
P39748,5ZOE
P39748,5ZOF
P39748,5ZOG
P39748,7QO1
P39748,8YJH
P39748,8YJL
P39748,8YJQ
P39748,8YJR
P39748,8YJS
P39748,8YJU
P39748,8YJV
P39748,8YJW
P39748,8YJZ
P39898,3QRV
P39898,3QS1
P39929,5FD7
P39929,5FD9
P39929,5T8L
P39929,5T8N
P39929,8WB6
P39929,8WB7
P39935,1RF8
P39938,6G04
P39940,3OLM
P39940,5HPL
P39958,3CPH
P39958,3CPI
P39968,6KBM
P39968,6KBN
P39986,6XMP
P39986,6XMQ
P39986,6XMS
P39986,6XMT
P39986,6XMU
P39993,1KU1
P39993,7URO
P39993,7URR
P39993,7UT4
P39993,7UTH
P39993,8EZJ
P39993,8EZQ
P39998,6Y3Z
P40026,6J0W
P40026,7LTO
P40026,7OGG
P40026,7SDE
P40026,8HQS
P40026,8I4W
P40026,8T8E
P40026,8T8F
P40037,1JD1
P40043,3BCY
P40045,5VKY
P40046,7YTJ
P40046,8I6V
P40051,6A9T
P40051,6A9U
P40051,6A9V
P40064,4MHC
P40070,3JCM
P40070,4C8Q
P40070,4C92
P40070,4M75
P40070,4M77
P40070,4M78
P40070,4M7A
P40070,4M7D
P40070,5GAN
P40070,5NRL
P40070,5VSU
P40070,5ZWM
P40070,5ZWO
P40070,6ASO
P40080,4NIQ
P40080,5FVK
P40087,2I1A
P40087,2MR9
P40087,2MRP
P40087,2N7E
P40087,4Z2Z
P40087,5KES
P40121,1J72
P40121,1JHW
P40185,3QUW
P40189,1BJ8
P40189,1BQU
P40189,1I1R
P40189,1PVH
P40189,3L5H
P40189,3L5I
P40189,3L5J
P40189,7U7N
P40189,8D6A
P40189,8D74
P40189,8D7R
P40189,8D85
P40189,8DPS
P40189,8DPT
P40189,8DPU
P40189,8UPA
P40189,8V29
P40189,8V2A
P40199,4WHC
P40199,4Y8A
P40202,1EJ8
P40202,1QUP
P40208,7NS3
P40208,7NSB
P40238,8G04
P40318,2M6M
P40318,8PD0
P40318,8PDA
P40318,8TQM
P40336,4P2A
P40336,6VAC
P40336,7U6F
P40343,1O06
P40343,1Q0V
P40343,1Q0W
P40343,1VFY
P40343,2KDI
P40343,3R42
P40344,2DYT
P40344,3T7G
P40344,4GSL
P40344,6OJJ
P40347,1D1P
P40347,1D1Q
P40347,1D2A
P40363,1PV1
P40363,3C6B
P40363,4FLM
P40363,4FOL
P40368,3PBP
P40368,3TKN
P40395,9AYR
P40416,4MYC
P40416,4MYH
P40416,7PSL
P40416,7PSM
P40416,7PSN
P40465,3VU9
P40465,4DT1
P40465,4EQ6
P40465,5XYN
P40477,1XIP
P40477,3RRM
P40477,4DS1
P40482,1PCX
P40482,1PD0
P40482,1PD1
P40485,3NSU
P40485,4A5K
P40485,4A6F
P40485,4A6H
P40485,4A6K
P40492,7NS4
P40506,6AI8
P40506,6AI9
P40506,6AIK
P40506,6AIM
P40506,6AIP
P40515,1Y8M
P40515,3O48
P40527,7RD6
P40527,7RD7
P40527,7RD8
P40527,9BS1
P40581,3CMI
P40616,1UPT
P40616,4DCN
P40616,5EE5
P40616,5J5C
P40748,1DQV
P40748,3HN8
P40818,1WHB
P40818,2A9U
P40818,2GFO
P40818,2GWF
P40818,6F09
P40818,8ADM
P40818,8XPN
P40818,8Y9A
P40855,2WL8
P40855,5LNF
P40879,7XUH
P40879,7XUJ
P40879,7XUL
P40879,8IET
P40879,8X1Q
P40879,8X1R
P40879,8X1S
P40879,8X1T
P40879,8X1U
P40879,8X2N
P40893,3O12
P40955,4WJW
P40955,4YG8
P40959,6Q0X
P40999,6FDF
P41002,9CB3
P41143,4N6H
P41143,4RWA
P41143,4RWD
P41143,6PT2
P41143,6PT3
P41143,8Y45
P41145,4DJH
P41145,6B73
P41145,6VI4
P41145,7T10
P41145,7T11
P41145,7UL3
P41145,7UL5
P41145,7YIT
P41145,8DZQ
P41145,8DZR
P41145,8DZS
P41145,8HNN
P41145,8K2W
P41145,9MQK
P41145,9MQL
P41148,1QY8
P41148,1QYE
P41148,1TBW
P41148,1TC0
P41148,1TC6
P41148,1U0Z
P41148,1U2O
P41148,1YSZ
P41148,1YT0
P41148,1YT1
P41148,1YT2
P41148,2ESA
P41148,2EXL
P41148,2FYP
P41148,2GFD
P41148,2GQP
P41148,2H8M
P41148,2HCH
P41148,2HG1
P41148,2O1T
P41148,2O1U
P41148,2O1V
P41148,2O1W
P41148,3O2F
P41148,5IN9
P41148,5TTZ
P41148,5ULS
P41148,5WMT
P41148,6AOL
P41148,6AOM
P41148,6ASP
P41148,6ASQ
P41148,6BAW
P41148,6C91
P41148,6CYI
P41148,6D1X
P41148,6D28
P41148,8SSV
P41148,8TF0
P41180,5FBH
P41180,5FBK
P41180,5K5S
P41180,5K5T
P41180,7DTT
P41180,7DTU
P41180,7DTV
P41180,7DTW
P41180,7E6T
P41180,7E6U
P41180,7M3E
P41180,7M3F
P41180,7M3G
P41180,7M3J
P41180,7SIL
P41180,7SIM
P41180,7SIN
P41180,8SZF
P41180,8SZG
P41180,8SZH
P41180,8SZI
P41180,8WPG
P41180,8WPU
P41180,9ASB
P41180,9AVL
P41180,9AXF
P41180,9C1P
P41180,9C2F
P41180,9J7I
P41181,4NEF
P41181,4OJ2
P41181,6QF5
P41181,8GCL
P41181,8GHJ
P41181,8OEE
P41181,8VVX
P41208,1M39
P41208,1ZMZ
P41208,2A4J
P41208,2GGM
P41208,2OBH
P41209,5D43
P41214,5OA9
P41214,5W2F
P41220,2AF0
P41222,2WWP
P41222,3O19
P41222,3O22
P41222,3O2Y
P41222,4IMN
P41222,4IMO
P41222,4ORR
P41222,4ORS
P41222,4ORU
P41222,4ORW
P41222,4ORX
P41222,4ORY
P41222,4OS0
P41222,4OS3
P41222,4OS8
P41222,5WY9
P41222,8HTA
P41227,6C95
P41227,6C9M
P41227,6PPL
P41227,6PW9
P41238,6X91
P41250,2PME
P41250,2PMF
P41250,2Q5H
P41250,2Q5I
P41250,2ZT5
P41250,2ZT6
P41250,2ZT7
P41250,2ZT8
P41250,2ZXF
P41250,4KQE
P41250,4KR2
P41250,4KR3
P41250,4QEI
P41250,5E6M
P41263,1IIU
P41277,2QLT
P41279,4Y83
P41279,4Y85
P41279,5IU2
P41338,5XYJ
P41338,5XZ5
P41440,7TX6
P41440,7TX7
P41440,7XPZ
P41440,7XQ0
P41440,7XQ1
P41440,7XQ2
P41440,7XTK
P41440,8DEP
P41440,8GOE
P41440,8GOF
P41440,8HII
P41440,8HIJ
P41440,8HIK
P41440,9JOZ
P41440,9JRI
P41440,9JRK
P41440,9JRL
P41440,9JRM
P41440,9JRN
P41594,3LMK
P41594,4OO9
P41594,5CGC
P41594,5CGD
P41594,6N4X
P41594,6N4Y
P41594,6N50
P41594,6N51
P41594,6N52
P41594,7FD8
P41594,7FD9
P41594,8T6J
P41594,8T7H
P41594,8T8M
P41594,8TAO
P41594,8X0B
P41594,8X0C
P41594,8X0D
P41594,8X0E
P41594,8X0F
P41594,8X0G
P41594,8X0H
P41595,4IB4
P41595,4NC3
P41595,5TUD
P41595,5TVN
P41595,6DRX
P41595,6DRY
P41595,6DRZ
P41595,6DS0
P41595,7SRQ
P41595,7SRR
P41595,7SRS
P41595,9JGK
P41597,2MLO
P41597,2MLQ
P41597,5T1A
P41597,7P8X
P41743,1VD2
P41743,1WMH
P41743,1ZRZ
P41743,3A8W
P41743,3A8X
P41743,3ZH8
P41743,5LI1
P41743,5LI9
P41743,5LIH
P41743,6ILZ
P41743,8R3X
P41743,8R3Y
P41743,9EJK
P41743,9EJL
P41743,9EJM
P41805,4ZOX
P41807,1HO8
P41912,8HFC
P41948,5AEX
P41958,1OHU
P41958,1TY4
P41958,2A5Y
P42003,3DIT
P42003,3GMJ
P42026,5LNK
P42128,2A3S
P42128,2D2W
P42207,8DKT
P42224,1BF5
P42224,1YVL
P42224,2KA6
P42224,3WWT
P42224,7NUF
P42224,8D3F
P42224,8YYU
P42224,8YYV
P42229,7TVA
P42229,7TVB
P42229,7UBT
P42229,7UC6
P42229,7UC7
P42230,1Y1U
P42260,1S50
P42260,1S7Y
P42260,1S9T
P42260,1SD3
P42260,1TT1
P42260,1YAE
P42260,2I0B
P42260,2I0C
P42260,2XXR
P42260,2XXT
P42260,2XXU
P42260,2XXV
P42260,2XXW
P42260,2XXX
P42260,2XXY
P42260,3G3F
P42260,3G3G
P42260,3G3H
P42260,3G3I
P42260,3G3J
P42260,3G3K
P42260,3H6G
P42260,3H6H
P42260,3QLT
P42260,3QLU
P42260,3QLV
P42260,4BDL
P42260,4BDM
P42260,4BDN
P42260,4BDO
P42260,4BDQ
P42260,4BDR
P42260,4H8I
P42260,4UQQ
P42260,5CMK
P42260,5CMM
P42260,5KUF
P42260,5KUH
P42260,7F56
P42260,7F57
P42260,7F59
P42260,7F5A
P42260,7F5B
P42260,7KS0
P42260,7KS3
P42260,8F0O
P42260,8FWQ
P42260,8FWR
P42260,8FWS
P42260,8FWT
P42260,8FWU
P42260,8FWV
P42260,8FWW
P42260,8GC2
P42260,8GC3
P42260,8GC4
P42260,8GC5
P42260,8R32
P42260,9B35
P42260,9B36
P42260,9B37
P42260,9B38
P42260,9B39
P42260,9C5Y
P42260,9C5Z
P42260,9C60
P42260,9CAZ
P42260,9DXQ
P42260,9DXR
P42260,9DXS
P42260,9DXT
P42261,6X5Q
P42262,2WJW
P42262,2WJX
P42262,2XHD
P42262,3R7X
P42262,3RN8
P42262,3RNN
P42262,3UA8
P42262,5H8S
P42262,5YBF
P42262,5YBG
P42262,5ZG0
P42262,5ZG1
P42262,5ZG2
P42262,5ZG3
P42262,7F3O
P42262,8I0B
P42285,6C90
P42285,6IEG
P42285,6IEH
P42285,7S7B
P42285,7S7C
P42285,7Z4Y
P42285,7Z4Z
P42285,7Z52
P42287,5F5K
P42287,6PJP
P42287,6PJQ
P42287,6PJR
P42287,6PJU
P42330,1RY0
P42330,1RY8
P42330,1S1P
P42330,1S1R
P42330,1S2A
P42330,1S2C
P42330,1XF0
P42330,1ZQ5
P42330,2F38
P42330,2FGB
P42330,3R43
P42330,3R58
P42330,3R6I
P42330,3R7M
P42330,3R8G
P42330,3R8H
P42330,3R94
P42330,3UFY
P42330,3UG8
P42330,3UGR
P42330,3UWE
P42330,4DBS
P42330,4DBU
P42330,4DBW
P42330,4DZ5
P42330,4FA3
P42330,4FAL
P42330,4FAM
P42330,4H7C
P42330,4HMN
P42330,4WDT
P42330,4WDU
P42330,4WDW
P42330,4WDX
P42330,4WRH
P42330,4XVD
P42330,4XVE
P42330,4YVV
P42330,4YVX
P42330,4ZFC
P42330,5HNT
P42330,5HNU
P42330,6A7B
P42330,6F2U
P42330,6F78
P42330,6GXK
P42330,7C7F
P42330,7C7G
P42330,7C7H
P42330,7WQM
P42330,7WQR
P42330,7WQS
P42330,7X3L
P42330,7X3M
P42330,7X3O
P42330,8BBS
P42330,8I0C
P42330,8JP1
P42330,8RB6
P42330,8RRJ
P42330,9FFD
P42566,1C07
P42566,1EH2
P42566,1F8H
P42566,1FF1
P42566,2IV9
P42566,2JXC
P42566,4RH5
P42566,4RH9
P42566,4RHG
P42566,4S0G
P42566,5AWT
P42566,5AWU
P42566,5JP2
P42573,4M9R
P42658,1XFD
P42658,7E89
P42658,7E8G
P42676,1I1I
P42676,2O3E
P42676,4FXY
P42679,1JWO
P42679,1X6G
P42679,3US4
P42681,2DM0
P42697,3T34
P42697,3T35
P42766,6SXO
P42766,8ONY
P42768,1EJ5
P42768,1T84
P42768,2A3Z
P42768,2K42
P42771,1A5E
P42771,1BI7
P42771,1DC2
P42771,2A5E
P42771,7OZT
P42792,8BEL
P42844,2E2Z
P42866,4DKL
P42866,5C1M
P42866,7UL4
P42866,8E0G
P42866,8QOT
P42866,9BJK
P42937,3F4A
P42937,3FS5
P42938,1ODF
P42939,2P22
P42949,2GUZ
P43003,5LLM
P43003,5LLU
P43003,5LM4
P43003,5MJU
P43003,7NPW
P43004,7VR7
P43004,7VR8
P43004,7XR4
P43004,7XR6
P43004,9JVV
P43004,9JVW
P43004,9JVX
P43005,6S3Q
P43005,6X2L
P43005,6X2Z
P43005,6X3E
P43005,6X3F
P43005,7NSG
P43005,8CTC
P43005,8CTD
P43005,8CUA
P43005,8CUD
P43005,8CUI
P43005,8CUJ
P43005,8CV2
P43005,8CV3
P43005,9D66
P43005,9D67
P43005,9D68
P43005,9D69
P43005,9D6A
P43005,9P4X
P43005,9P4Y
P43005,9P4Z
P43007,7P4I
P43026,1WAQ
P43026,2BHK
P43026,3QB4
P43026,5HK5
P43026,6Z3G
P43026,6Z3H
P43026,6Z3J
P43026,6Z3L
P43026,6Z3M
P43026,7ZJF
P43026,8BWL
P43026,8BWM
P43026,8BWN
P43026,8E3G
P43034,7MT1
P43034,8DYU
P43034,8DYV
P43034,8FDT
P43034,8FDU
P43034,8PQW
P43034,8PQY
P43034,8PQZ
P43034,8PTK
P43034,9DZY
P43034,9E0T
P43034,9E0W
P43034,9E0Z
P43034,9E11
P43034,9E13
P43034,9E14
P43034,9E22
P43115,6AK3
P43115,6M9T
P43220,3C59
P43220,3C5T
P43220,3IOL
P43220,4ZGM
P43220,5E94
P43220,5NX2
P43220,5OTT
P43220,5OTU
P43220,5OTV
P43220,5OTW
P43220,5OTX
P43220,5VEW
P43220,5VEX
P43220,6B3J
P43220,6GB1
P43220,6ORV
P43220,6VCB
P43220,6X18
P43220,6X19
P43220,6X1A
P43220,6XOX
P43220,7C2E
P43220,7DUQ
P43220,7DUR
P43220,7E14
P43220,7EVM
P43220,7FIM
P43220,7KI0
P43220,7KI1
P43220,7LCI
P43220,7LCJ
P43220,7LCK
P43220,7LLL
P43220,7LLY
P43220,7RG9
P43220,7RGP
P43220,7RTB
P43220,7S15
P43220,7S1M
P43220,7S3I
P43220,7VBH
P43220,7VBI
P43220,7X8R
P43220,7X8S
P43220,8WG7
P43220,8YW3
P43220,9EBN
P43220,9EBO
P43220,9EBQ
P43235,1ATK
P43235,1AU0
P43235,1AU2
P43235,1AU3
P43235,1AU4
P43235,1AYU
P43235,1AYV
P43235,1AYW
P43235,1BGO
P43235,1BY8
P43235,1MEM
P43235,1NL6
P43235,1NLJ
P43235,1Q6K
P43235,1SNK
P43235,1TU6
P43235,1U9V
P43235,1U9W
P43235,1U9X
P43235,1VSN
P43235,1YK7
P43235,1YK8
P43235,1YT7
P43235,2ATO
P43235,2AUX
P43235,2AUZ
P43235,2BDL
P43235,2R6N
P43235,3C9E
P43235,3H7D
P43235,3KW9
P43235,3KWB
P43235,3KWZ
P43235,3KX1
P43235,3O0U
P43235,3O1G
P43235,3OVZ
P43235,4DMX
P43235,4DMY
P43235,4N79
P43235,4N8W
P43235,4X6H
P43235,4X6I
P43235,4X6J
P43235,4YV8
P43235,4YVA
P43235,5J94
P43235,5JA7
P43235,5JH3
P43235,5TDI
P43235,5TUN
P43235,5Z5O
P43235,6ASH
P43235,6HGY
P43235,6PXF
P43235,6QBS
P43235,6QL8
P43235,6QLM
P43235,6QLW
P43235,6QLX
P43235,6QM0
P43235,7NXL
P43235,7NXM
P43235,7PCK
P43235,7QBL
P43235,7QBM
P43235,7QBN
P43235,7QBO
P43235,8C3D
P43235,9G6A
P43254,5IGO
P43254,5KWN
P43254,6QTO
P43254,6QTQ
P43254,6QTR
P43254,6QTS
P43254,6QTT
P43254,6QTU
P43254,6QTV
P43254,6QTW
P43254,6QTX
P43254,7VGG
P43298,4HQ1
P43321,5GAM
P43321,5GAO
P43321,5GM6
P43321,5LQW
P43321,5MPS
P43321,5MQ0
P43321,5WSG
P43321,5Y88
P43321,5YLZ
P43321,6BK8
P43321,6EXN
P43321,6G90
P43321,6N7R
P43321,6N7X
P43321,7B9V
P43321,7OQB
P43321,7OQC
P43321,7OQE
P43321,8W2O
P43364,6WJH
P43403,1FBV
P43403,1M61
P43403,1U59
P43403,2CBL
P43403,2OQ1
P43403,2OZO
P43403,2Y1N
P43403,4A4B
P43403,4A4C
P43403,4K2R
P43403,4XZ0
P43403,4XZ1
P43403,5O76
P43403,7SIY
P43427,4YBQ
P43431,8CR6
P43490,2E5B
P43490,2E5C
P43490,2E5D
P43490,2GVG
P43490,2GVJ
P43490,3DGR
P43490,3DHD
P43490,3DHF
P43490,3DKJ
P43490,3DKL
P43490,4JNM
P43490,4JR5
P43490,4KFN
P43490,4KFO
P43490,4KFP
P43490,4L4L
P43490,4L4M
P43490,4LTS
P43490,4LV9
P43490,4LVA
P43490,4LVB
P43490,4LVD
P43490,4LVF
P43490,4LVG
P43490,4LWW
P43490,4M6P
P43490,4M6Q
P43490,4N9B
P43490,4N9C
P43490,4N9D
P43490,4N9E
P43490,4O0Z
P43490,4O10
P43490,4O12
P43490,4O13
P43490,4O14
P43490,4O15
P43490,4O16
P43490,4O17
P43490,4O18
P43490,4O19
P43490,4O1A
P43490,4O1B
P43490,4O1C
P43490,4O1D
P43490,4O28
P43490,4WQ6
P43490,5KIT
P43490,5LX3
P43490,5LX5
P43490,5NSD
P43490,5U2M
P43490,5U2N
P43490,5UPE
P43490,5UPF
P43490,5WI0
P43490,5WI1
P43490,6ATB
P43490,6AZJ
P43490,6B75
P43490,6B76
P43490,6E68
P43490,6PEB
P43490,6TA0
P43490,6TA2
P43490,6TAC
P43490,7ENQ
P43490,7PPE
P43490,7PPF
P43490,7PPG
P43490,7PPH
P43490,7PPI
P43490,8DSC
P43490,8DSD
P43490,8DSE
P43490,8DSH
P43490,8DSI
P43490,8DSM
P43490,8DTJ
P43490,8F7L
P43490,8IVU
P43490,8TM7
P43490,8Y55
P43490,9IWT
P43558,4KDI
P43558,4KDL
P43585,3G3O
P43601,6KYB
P43601,8AFQ
P43601,8AFW
P43601,8AFX
P43601,8AFY
P43603,1OOT
P43603,1SSH
P43616,4G1P
P43619,3C2E
P43619,3C2F
P43619,3C2O
P43619,3C2R
P43619,3C2V
P43626,1NKR
P43626,9F2D
P43626,9HML
P43652,5OKL
P43652,6FAK
P43652,6RQ7
P43657,9ITB
P43657,9ITE
P45452,1EUB
P45452,1FLS
P45452,1FM1
P45452,1PEX
P45452,1XUC
P45452,1XUD
P45452,1XUR
P45452,1YOU
P45452,1ZTQ
P45452,2D1N
P45452,2E2D
P45452,2OW9
P45452,2OZR
P45452,2PJT
P45452,2YIG
P45452,3ELM
P45452,3I7G
P45452,3I7I
P45452,3KEC
P45452,3KEJ
P45452,3KEK
P45452,3KRY
P45452,3LJZ
P45452,3O2X
P45452,3TVC
P45452,3WV1
P45452,3WV2
P45452,3WV3
P45452,3ZXH
P45452,456C
P45452,4A7B
P45452,4FU4
P45452,4FVL
P45452,4G0D
P45452,4JP4
P45452,4JPA
P45452,4L19
P45452,5B5O
P45452,5B5P
P45452,5BOT
P45452,5BOY
P45452,5BPA
P45452,5UWK
P45452,5UWL
P45452,5UWM
P45452,5UWN
P45452,6HV2
P45452,7JU8
P45452,830C
P45478,1EH5
P45478,1EI9
P45478,1EXW
P45628,1LIR
P45663,2KJA
P45696,6AY7
P45697,1DJT
P45697,1SN1
P45697,1T7A
P45697,1T7B
P45697,1T7E
P45697,1ZU3
P45697,1ZUT
P45697,1ZVE
P45697,1ZVG
P45697,1ZYV
P45697,1ZYW
P45844,7FDV
P45844,7OZ1
P45844,7R8C
P45844,7R8D
P45844,7R8E
P45850,1FI2
P45850,2ET1
P45850,2ET7
P45850,2ETE
P45881,2OQD
P45881,3JR8
P45881,7RJI
P45881,7RJZ
P45951,8KA3
P45951,8KA4
P45951,8KA5
P45983,1UKH
P45983,1UKI
P45983,2G01
P45983,2GMX
P45983,2H96
P45983,2NO3
P45983,2XRW
P45983,2XS0
P45983,3ELJ
P45983,3O17
P45983,3O2M
P45983,3PZE
P45983,3V3V
P45983,3VUD
P45983,3VUG
P45983,3VUH
P45983,3VUI
P45983,3VUK
P45983,3VUL
P45983,3VUM
P45983,4AWI
P45983,4E73
P45983,4G1W
P45983,4HYS
P45983,4HYU
P45983,4IZY
P45983,4L7F
P45983,4QTD
P45983,4UX9
P45983,4YR8
P45983,5LW1
P45983,6F5E
P45983,6ZR5
P45983,8PT8
P45983,8PT9
P45983,8PTA
P45983,8R5E
P45983,8X5M
P45983,9FT9
P45984,3E7O
P45984,3NPC
P45984,7CML
P45984,7N8T
P45984,8ELC
P46014,1MZK
P46060,1Z5S
P46060,2GRN
P46060,2GRO
P46060,2GRP
P46060,2GRQ
P46060,2GRR
P46060,2IY0
P46060,3UIN
P46060,3UIO
P46060,3UIP
P46060,5D2M
P46060,9B62
P46061,1KPS
P46065,2NA0
P46066,1NRA
P46066,1NRB
P46075,4K90
P46093,8Z3M
P46093,8Z3Q
P46093,8Z3Y
P46093,8Z65
P46093,8Z66
P46093,8Z67
P46093,8ZCE
P46093,8ZCF
P46093,9BIP
P46093,9JFV
P46093,9JFW
P46093,9JFX
P46093,9JFZ
P46093,9JHP
P46093,9LGM
P46096,5T0R
P46096,5T0S
P46096,5VFE
P46096,5VFF
P46096,5VFG
P46114,1HP2
P46367,8RWK
P46379,1WX9
P46379,2N9P
P46379,4DWF
P46379,4EEW
P46379,6AU8
P46422,1BX9
P46422,1GNW
P46422,5A4U
P46422,5A4V
P46422,5A4W
P46422,5A5K
P46467,2ZAM
P46467,2ZAN
P46467,2ZAO
P46669,2RF4
P46672,2HQT
P46672,2HRK
P46672,2HSM
P46672,4R1J
P46673,3EWE
P46673,3F3F
P46673,3F3G
P46673,3F3P
P46673,6X08
P46675,2QK1
P46675,6BL7
P46675,7KDF
P46736,8PVY
P46736,8PY2
P46776,4BXF
P46777,8BGU
P46863,2WBE
P46863,4PXT
P46863,4PXU
P46863,6VPO
P46863,6VPP
P46863,7LXR
P46863,7S5U
P46873,7A3Z
P46873,7A40
P46873,7A5E
P46925,1LEE
P46925,1LF2
P46925,1LF3
P46925,1LF4
P46925,1M43
P46925,1ME6
P46925,1PFZ
P46925,1SME
P46925,1W6H
P46925,1W6I
P46925,1XDH
P46925,1XE5
P46925,1XE6
P46925,2BJU
P46925,2IGX
P46925,2IGY
P46925,2R9B
P46925,3F9Q
P46925,4CKU
P46925,4Y6M
P46925,4YA8
P46925,4Z22
P46925,5BWY
P46937,1JMQ
P46937,1K5R
P46937,1K9Q
P46937,1K9R
P46937,2LAW
P46937,2LAX
P46937,2LAY
P46937,3KYS
P46937,3MHR
P46937,4RE1
P46937,4REX
P46937,5OAQ
P46937,5YDX
P46937,5YDY
P46937,6G6X
P46937,6G8I
P46937,6G8J
P46937,6G8K
P46937,6G8L
P46937,6G8P
P46937,6G8Q
P46937,6GE3
P46937,6GE4
P46937,6GE5
P46937,6GE6
P46937,6GEC
P46937,6GEE
P46937,6GEG
P46937,6GEI
P46937,6GEK
P46937,6HIK
P46937,6HIL
P46937,6Q2X
P46937,7O07
P46937,8A8Q
P46937,8A8R
P46937,8C2F
P46937,8WRG
P46937,9FZA
P46938,3JUA
P46938,6JK0
P46938,6JK1
P46940,1X0H
P46940,2RR8
P46940,3FAY
P46940,3I6X
P46940,5L0O
P46948,2WP8
P46951,4N5C
P46962,7JV7
P46977,6S7O
P46977,8B6L
P46977,8PN9
P47008,6W32
P47025,2PQN
P47025,2XU6
P47025,3UUX
P47025,5JST
P47026,8XIJ
P47026,8XIK
P47032,5JYS
P47039,3B46
P47068,1TG0
P47068,1WDX
P47068,1ZUK
P47068,2DYF
P47075,3G3Q
P47075,3G3R
P47075,3G3T
P47075,3G3U
P47075,5IIG
P47075,5IIQ
P47075,5IIT
P47075,5LNC
P47077,5SVD
P47077,5WTX
P47077,5WTY
P47077,6WPI
P47096,1ZVF
P47102,1RE0
P47122,5HCI
P47122,5HCN
P47130,7EWF
P47130,7EWM
P47133,6WB9
P47133,7KRA
P47133,7KTX
P47142,1U5T
P47142,1W7P
P47142,1XB4
P47160,3ONK
P47160,3ONL
P47709,1ZBD
P47709,2CHD
P47709,2CM5
P47709,2CM6
P47709,3RPB
P47709,4LT7
P47709,4NP9
P47709,4NS0
P47709,5LO8
P47709,5LOB
P47709,5LOW
P47712,1BCI
P47712,1CJY
P47712,1RLW
P47735,5IXO
P47735,5IXQ
P47735,5IXT
P47735,5IYV
P47735,5IYX
P47811,1LEW
P47811,1LEZ
P47811,1YW2
P47811,1YWR
P47811,2EWA
P47811,2GHL
P47811,2GHM
P47811,2GTM
P47811,2GTN
P47811,2OZA
P47811,2PUU
P47811,3P4K
P47811,3P5K
P47811,3P78
P47811,3P79
P47811,3P7A
P47811,3P7B
P47811,3P7C
P47811,3PY3
P47811,3TG1
P47811,4KA3
P47811,4LOO
P47811,4LOP
P47811,4LOQ
P47811,4TYH
P47811,5LAR
P47811,5NZZ
P47811,5O90
P47811,5R8U
P47811,5R8V
P47811,5R8W
P47811,5R8X
P47811,5R8Y
P47811,5R8Z
P47811,5R90
P47811,5R91
P47811,5R92
P47811,5R93
P47811,5R94
P47811,5R95
P47811,5R96
P47811,5R97
P47811,5R98
P47811,5R99
P47811,5R9A
P47811,5R9B
P47811,5R9C
P47811,5R9D
P47811,5R9E
P47811,5R9F
P47811,5R9G
P47811,5R9H
P47811,5R9I
P47811,5R9J
P47811,5R9K
P47811,5R9L
P47811,5R9M
P47811,5R9N
P47811,5R9O
P47811,5R9P
P47811,5R9Q
P47811,5R9R
P47811,5R9S
P47811,5R9T
P47811,5R9U
P47811,5R9V
P47811,5R9W
P47811,5R9X
P47811,5R9Y
P47811,5R9Z
P47811,5RA0
P47811,5RA1
P47811,5RA2
P47811,5RA3
P47811,5RA4
P47811,5RA5
P47811,5RA6
P47811,5RA7
P47811,5RA8
P47811,5RA9
P47811,5UOJ
P47811,6SO1
P47811,6SO2
P47811,6SO4
P47811,6SOD
P47811,6SOI
P47811,6SOT
P47811,6SOU
P47811,6SOV
P47811,6SP9
P47811,6SPL
P47811,6Y4T
P47811,6Y4U
P47811,6Y4V
P47811,6Y4W
P47811,6Y4X
P47811,6Y6V
P47811,6Y7W
P47811,6Y7X
P47811,6Y7Y
P47811,6Y7Z
P47811,6Y80
P47811,6Y81
P47811,6Y82
P47811,6Y85
P47811,6Y8H
P47811,6YCU
P47811,6YCW
P47811,6YJC
P47811,6YK7
P47811,6ZWR
P47811,7BDO
P47811,7BDQ
P47811,7BE4
P47811,7BE5
P47811,7PVU
P47811,7Z6I
P47811,7Z9T
P47811,8ACM
P47811,8ACO
P47811,8EFJ
P47811,8VMH
P47811,8VMM
P47811,8VT6
P47811,8VWM
P47811,8YPE
P47811,8YPF
P47862,8Y8N
P47862,8Y8O
P47862,8Y8P
P47862,8Y8Q
P47862,8Y8R
P47862,8Y8S
P47863,2D57
P47863,2ZZ9
P47863,3IYZ
P47871,2A83
P47871,3CZF
P47871,4ERS
P47871,4L6R
P47871,4LF3
P47871,5EE7
P47871,5XEZ
P47871,6LMK
P47871,6WHC
P47871,6WPW
P47871,7V35
P47871,8FU6
P47871,8JIQ
P47871,8JIT
P47871,8JIU
P47871,8YW5
P47897,4R3Z
P47897,4YE6
P47897,4YE8
P47897,4YE9
P47900,4XNV
P47900,4XNW
P47900,8WJX
P47900,9JCL
P47929,1BKZ
P47929,2GAL
P47929,3GAL
P47929,3ZXE
P47929,3ZXF
P47929,4GAL
P47929,4UW3
P47929,4UW4
P47929,4UW5
P47929,4UW6
P47929,4XBQ
P47929,4Y26
P47929,5GAL
P47929,5H9Q
P47929,5H9S
P47929,6VTO
P47929,6VTP
P47929,6VTQ
P47929,6VTR
P47929,6VTS
P47929,7N4O
P47929,7N57
P47929,7N6C
P47929,7N8D
P47929,7N8G
P47929,7N96
P47929,7RDG
P47929,7TKW
P47929,7TKX
P47929,7TKY
P47929,7TKZ
P47929,7TRN
P47929,7TRO
P47929,7XAC
P47929,7XBL
P48023,4MSV
P48023,5L19
P48023,5L36
P48025,2LCT
P48025,2MC1
P48163,2AW5
P48163,3WJA
P48163,7X11
P48163,7X12
P48349,8QT5
P48357,3V6O
P48357,7Z3Q
P48357,8AVE
P48357,8AVF
P48357,8AVO
P48357,8X80
P48357,8X81
P48357,8X85
P48426,2YBX
P48426,6OSP
P48426,6UX9
P48426,6YM3
P48426,6YM4
P48426,6YM5
P48426,7N6Z
P48426,7N71
P48426,7N7J
P48426,7N7K
P48426,7N7L
P48426,7N7M
P48426,7N7N
P48426,7N7O
P48426,8C8C
P48432,1GT0
P48443,2GL8
P48443,7A79
P48449,1W6J
P48449,1W6K
P48491,4OBT
P48491,6NXQ
P48491,6NXR
P48491,6NXS
P48491,6NXW
P48491,6NXX
P48491,6NXY
P48551,1N6U
P48551,1N6V
P48551,2HYM
P48551,2KZ1
P48551,2LAG
P48551,3S8W
P48551,3S9D
P48598,4AXG
P48598,4UE8
P48598,4UE9
P48598,4UEA
P48598,4UEB
P48598,4UEC
P48598,5ABU
P48598,5ABV
P48598,5T47
P48598,5T48
P48643,5UYX
P48643,5UYZ
P48643,8AJM
P48643,8AJO
P48650,2QHD
P48650,2QHE
P48650,3BJW
P48678,1UFG
P48729,6GZD
P48730,3UYS
P48730,3UYT
P48730,3UZP
P48730,4HGT
P48730,4HNF
P48730,4KB8
P48730,4KBA
P48730,4KBC
P48730,4KBK
P48730,4TN6
P48730,4TW9
P48730,4TWC
P48730,5IH4
P48730,5IH5
P48730,5IH6
P48730,5MQV
P48730,5OKT
P48730,5W4W
P48730,6F1W
P48730,6F26
P48730,6GZM
P48730,6HMP
P48730,6HMR
P48730,6PXN
P48730,6PXO
P48730,6PXP
P48730,6RCG
P48730,6RCH
P48730,6RU6
P48730,6RU7
P48730,6RU8
P48730,7NZY
P48730,7P7F
P48730,7P7G
P48730,7P7H
P48730,7QR9
P48730,7QRA
P48730,7QRB
P48730,8D7P
P48730,8IZC
P48730,8VXD
P48730,8VXF
P48730,9B3S
P48736,1E8Y
P48736,1E8Z
P48736,1HE8
P48736,2A4Z
P48736,2A5U
P48736,2CHW
P48736,2CHX
P48736,2CHZ
P48736,2V4L
P48736,3APC
P48736,3APD
P48736,3APF
P48736,3CSF
P48736,3CST
P48736,3DBS
P48736,3DPD
P48736,3ENE
P48736,3IBE
P48736,3L08
P48736,3L13
P48736,3L16
P48736,3L17
P48736,3L54
P48736,3LJ3
P48736,3MJW
P48736,3ML8
P48736,3ML9
P48736,3NZS
P48736,3NZU
P48736,3OAW
P48736,3P2B
P48736,3PRE
P48736,3PRZ
P48736,3PS6
P48736,3QAQ
P48736,3QAR
P48736,3QJZ
P48736,3QK0
P48736,3R7Q
P48736,3R7R
P48736,3S2A
P48736,3SD5
P48736,3T8M
P48736,3TJP
P48736,3TL5
P48736,3ZVV
P48736,3ZW3
P48736,4ANU
P48736,4ANV
P48736,4ANW
P48736,4ANX
P48736,4AOF
P48736,4DK5
P48736,4EZJ
P48736,4EZK
P48736,4EZL
P48736,4F1S
P48736,4FA6
P48736,4FAD
P48736,4FHJ
P48736,4FHK
P48736,4FJY
P48736,4FJZ
P48736,4FLH
P48736,4FUL
P48736,4G11
P48736,4GB9
P48736,4HLE
P48736,4HVB
P48736,4J6I
P48736,4KZ0
P48736,4KZC
P48736,4PS3
P48736,4PS7
P48736,4PS8
P48736,4URK
P48736,4WWN
P48736,4WWO
P48736,4WWP
P48736,4XX5
P48736,4XZ4
P48736,5EDS
P48736,5G2N
P48736,5G55
P48736,5JHA
P48736,5JHB
P48736,5KAE
P48736,5OQ4
P48736,5T23
P48736,6AUD
P48736,6C1S
P48736,6FH5
P48736,6GQ7
P48736,6T3B
P48736,6T3C
P48736,6XRL
P48736,6XRM
P48736,6XRN
P48736,7JWE
P48736,7JWZ
P48736,7JX0
P48736,7KKE
P48736,7Z61
P48736,8DP0
P48736,8SC8
P48736,9GG9
P48740,3DEM
P48740,3GOV
P48740,4AQB
P48740,4DJZ
P48740,4IGD
P48740,4IW4
P48740,4KKD
P48740,7PQO
P48754,7K3S
P48764,7X2U
P48827,6EPB
P48827,6YLJ
P48827,6YN4
P48827,7AKQ
P48836,2K88
P48836,2KWY
P49017,4OBW
P49017,4OBX
P49023,2K2R
P49023,2O9V
P49023,2VZD
P49023,2VZG
P49023,2VZI
P49023,3GM1
P49023,3PY7
P49023,3RQE
P49023,3RQF
P49023,3RQG
P49023,3U3F
P49023,4EDN
P49023,4R32
P49023,4XGZ
P49023,4XH2
P49023,6IUI
P49023,6U4M
P49023,6U4N
P49023,7QB0
P49023,9QWO
P49028,1HL6
P49028,1OO0
P49028,1RK8
P49028,2X1G
P49053,1IDQ
P49053,1IDU
P49053,1VNC
P49053,1VNE
P49053,1VNF
P49053,1VNG
P49053,1VNH
P49053,1VNI
P49053,1VNS
P49053,3BB0
P49107,9GBI
P49107,9GC2
P49121,1S8G
P49121,1S8H
P49121,1S8I
P49126,2MI5
P49137,1KWP
P49137,1NXK
P49137,1NY3
P49137,2JBO
P49137,2JBP
P49137,2OKR
P49137,2ONL
P49137,2P3G
P49137,2PZY
P49137,3A2C
P49137,3FPM
P49137,3FYJ
P49137,3FYK
P49137,3GOK
P49137,3KA0
P49137,3KC3
P49137,3KGA
P49137,3M2W
P49137,3M42
P49137,3R2B
P49137,3R2Y
P49137,3R30
P49137,3WI6
P49137,6T8X
P49137,6TCA
P49137,7NRY
P49137,8XU4
P49137,8XX1
P49137,9R59
P49207,6MTD
P49207,6MTE
P49281,7BLQ
P49281,9F6N
P49281,9F6O
P49333,1DCF
P49333,4PL9
P49419,2J6L
P49419,4X0T
P49419,4X0U
P49419,4ZUK
P49419,4ZUL
P49419,4ZVW
P49419,4ZVX
P49419,4ZVY
P49419,6O4B
P49419,6O4C
P49419,6O4D
P49419,6O4E
P49419,6O4F
P49419,6O4G
P49419,6O4H
P49419,6O4I
P49419,6O4K
P49419,6O4L
P49419,6U2X
P49419,6V0Z
P49435,1G2P
P49435,1G2Q
P49435,5VJN
P49435,5VJP
P49448,6G2U
P49588,4XEM
P49588,4XEO
P49588,5KNN
P49588,5T5S
P49588,5T76
P49588,5V59
P49591,3VBB
P49591,4L87
P49591,4RQE
P49591,4RQF
P49591,8P7B
P49591,8P7C
P49591,8P7D
P49599,4YZG
P49599,4YZH
P49638,1OIP
P49638,1OIZ
P49638,1R5L
P49638,5MUE
P49638,5MUG
P49638,6ZPD
P49662,6KMZ
P49662,6NRY
P49662,7WR0
P49662,7WR1
P49662,7WR4
P49662,7WR5
P49662,7WR6
P49662,8J6K
P49662,8SPB
P49682,8XXY
P49682,8XXZ
P49682,8XYI
P49682,8XYK
P49682,8Y0H
P49682,8Y0N
P49686,6B4E
P49687,3BG0
P49687,3BG1
P49687,3IKO
P49687,3JRO
P49687,3JRP
P49687,3KEP
P49687,3KES
P49711,1X6H
P49711,2CT1
P49711,5K5H
P49711,5K5I
P49711,5K5J
P49711,5K5L
P49711,5KKQ
P49711,5T00
P49711,5T0U
P49711,5UND
P49711,5YEF
P49711,5YEG
P49711,5YEH
P49711,5YEL
P49711,8SSQ
P49711,8SSR
P49711,8SSS
P49711,8SST
P49711,8SSU
P49715,6DC0
P49715,8K8C
P49722,3UNB
P49722,3UNE
P49722,3UNF
P49722,3UNH
P49722,8YPK
P49722,8YVP
P49747,3FBY
P49748,2UXW
P49748,3B96
P49748,7S7G
P49757,5NJJ
P49757,5NJK
P49758,2ES0
P49768,2KR6
P49768,4UIS
P49768,5A63
P49768,5FN2
P49768,5FN3
P49768,5FN4
P49768,5FN5
P49768,6IDF
P49768,6IYC
P49768,6LQG
P49768,6LR4
P49768,7C9I
P49768,7D8X
P49768,7Y5T
P49768,8IM7
P49768,8K8E
P49768,8KCO
P49768,8KCP
P49768,8KCS
P49768,8KCT
P49768,8KCU
P49768,8OQY
P49768,8OQZ
P49768,8X52
P49768,8X53
P49768,8X54
P49773,1AV5
P49773,1KPA
P49773,1KPB
P49773,1KPC
P49773,1KPE
P49773,1KPF
P49773,3TW2
P49773,4EQE
P49773,4EQG
P49773,4EQH
P49773,4ZKL
P49773,4ZKV
P49773,5ED3
P49773,5ED6
P49773,5EMT
P49773,5I2E
P49773,5I2F
P49773,5IPB
P49773,5IPC
P49773,5IPD
P49773,5IPE
P49773,5KLY
P49773,5KLZ
P49773,5KM0
P49773,5KM1
P49773,5KM2
P49773,5KM3
P49773,5KM4
P49773,5KM6
P49773,5KMA
P49773,5KMB
P49773,5KMC
P49773,5O8I
P49773,5WA8
P49773,5WA9
P49773,5WAA
P49773,6B42
P49773,6G9Z
P49773,6J53
P49773,6J58
P49773,6J5S
P49773,6J5Z
P49773,6J64
P49773,6J65
P49773,6N3V
P49773,6N3W
P49773,6N3X
P49773,6N3Y
P49773,6YQM
P49773,7Q2U
P49773,8P8P
P49773,8PA6
P49773,8PA9
P49773,8PAF
P49773,8PAI
P49773,8PWK
P49773,8WZD
P49773,9GYP
P49773,9GYQ
P49789,1FHI
P49789,1FIT
P49789,2FHI
P49789,2FIT
P49789,3FIT
P49789,4FIT
P49789,5FIT
P49789,6FIT
P49789,7P8P
P49796,2F5Y
P49796,2OJ4
P49796,3FBK
P49802,2A72
P49802,2D9J
P49802,7EWP
P49802,7EWR
P49802,7SHF
P49810,7Y5X
P49810,7Y5Z
P49841,1GNG
P49841,1H8F
P49841,1I09
P49841,1J1B
P49841,1J1C
P49841,1O6K
P49841,1O6L
P49841,1PYX
P49841,1Q3D
P49841,1Q3W
P49841,1Q41
P49841,1Q4L
P49841,1Q5K
P49841,1R0E
P49841,1UV5
P49841,2JDO
P49841,2JDR
P49841,2JLD
P49841,2O5K
P49841,2OW3
P49841,2UW9
P49841,2X39
P49841,2XH5
P49841,3DU8
P49841,3E87
P49841,3E88
P49841,3E8D
P49841,3F7Z
P49841,3F88
P49841,3GB2
P49841,3I4B
P49841,3L1S
P49841,3M1S
P49841,3PUP
P49841,3Q3B
P49841,3SAY
P49841,3SD0
P49841,3ZRK
P49841,3ZRL
P49841,3ZRM
P49841,4ACC
P49841,4ACD
P49841,4ACG
P49841,4ACH
P49841,4AFJ
P49841,4DIT
P49841,4IQ6
P49841,4J1R
P49841,4J71
P49841,4PTC
P49841,4PTE
P49841,4PTG
P49841,5F94
P49841,5F95
P49841,5HLN
P49841,5HLP
P49841,5K5N
P49841,5KPK
P49841,5KPL
P49841,5KPM
P49841,5OY4
P49841,5T31
P49841,6B8J
P49841,6GJO
P49841,6GN1
P49841,6H0U
P49841,6HK3
P49841,6HK4
P49841,6HK7
P49841,6TCU
P49841,6V6L
P49841,6Y9R
P49841,6Y9S
P49841,7B6F
P49841,7OY5
P49841,7U2Z
P49841,7U31
P49841,7U33
P49841,7U36
P49841,7Z1F
P49841,7Z1G
P49841,8AUZ
P49841,8AV1
P49841,8DJC
P49841,8DJD
P49841,8DJE
P49841,8FF8
P49841,8QJI
P49841,8XN6
P49841,9HUK
P49841,9HUL
P49841,9HV3
P49862,2QXG
P49862,2QXH
P49862,2QXI
P49862,2QXJ
P49862,3BSQ
P49862,5FAH
P49862,5Y9L
P49862,5YJK
P49862,6SHH
P49862,6SHI
P49862,6SJU
P49862,6Y4S
P49888,1G3M
P49888,1HY3
P49888,4JVL
P49888,4JVM
P49888,4JVN
P49902,2J2C
P49902,2JC9
P49902,2JCM
P49902,2XCV
P49902,2XCW
P49902,2XCX
P49902,2XJB
P49902,2XJC
P49902,2XJD
P49902,2XJE
P49902,2XJF
P49902,4H4B
P49902,5CQZ
P49902,5CR7
P49902,5K7Y
P49902,5L4Z
P49902,5L50
P49902,5OPK
P49902,5OPL
P49902,5OPM
P49902,5OPN
P49902,5OPO
P49902,5OPP
P49902,6DD3
P49902,6DDB
P49902,6DDC
P49902,6DDH
P49902,6DDK
P49902,6DDL
P49902,6DDO
P49902,6DDQ
P49902,6DDX
P49902,6DDY
P49902,6DDZ
P49902,6DE0
P49902,6DE1
P49902,6DE2
P49902,6DE3
P49902,6FIR
P49902,6FIS
P49902,6FIU
P49902,6FIW
P49902,6FXH
P49903,3FD5
P49903,3FD6
P49903,9HJT
P49903,9HJU
P49915,2VPI
P49915,2VXO
P50052,5UNF
P50052,5UNG
P50052,5UNH
P50052,5XJM
P50052,6JOD
P50052,7C6A
P50052,7JNI
P50091,3W15
P50110,7BTX
P50110,7BTY
P50110,7E4H
P50110,7E4I
P50110,7VKU
P50135,1JQD
P50135,1JQE
P50135,2AOT
P50135,2AOU
P50135,2AOV
P50135,2AOW
P50135,2AOX
P50148,6VU5
P50148,7F6G
P50148,7F6H
P50148,7F6I
P50148,7F8W
P50148,7XOW
P50148,8IA7
P50148,8JPE
P50148,8UQN
P50148,8UQO
P50148,8XGO
P50148,8XGS
P50148,8Y51
P50148,8Y52
P50148,9K27
P50232,1W15
P50232,1W16
P50402,1JEI
P50402,2ODC
P50402,2ODG
P50402,6GHD
P50402,6RPR
P50402,7NDY
P50408,6VQC
P50408,6VQG
P50408,6VQH
P50408,9B8O
P50416,2LE3
P50443,7XLM
P50443,8TNW
P50443,8TNX
P50443,8TNY
P50461,2O10
P50461,2O13
P50479,2EEG
P50479,2V1W
P50479,4Q2O
P50516,9BRA
P50516,9BRQ
P50516,9BRR
P50516,9BRS
P50516,9BRT
P50516,9BRU
P50542,1FCH
P50542,2C0L
P50542,2C0M
P50542,2J9Q
P50542,3R9A
P50542,4KXK
P50542,4KYO
P50542,7Z0K
P50579,1B59
P50579,1B6A
P50579,1BN5
P50579,1BOA
P50579,1KQ0
P50579,1KQ9
P50579,1QZY
P50579,1R58
P50579,1R5G
P50579,1R5H
P50579,1YW7
P50579,1YW8
P50579,1YW9
P50579,2ADU
P50579,2EA2
P50579,2EA4
P50579,2GA2
P50579,2OAZ
P50579,5CLS
P50579,5D6E
P50579,5D6F
P50579,5JFR
P50579,5JHU
P50579,5JI6
P50579,5LYW
P50579,5LYX
P50579,6QED
P50579,6QEF
P50579,6QEG
P50579,6QEH
P50579,6QEI
P50579,6QEJ
P50579,7A12
P50579,7A13
P50579,7A14
P50579,7A15
P50579,7A16
P50579,8OXG
P50580,2V6C
P50580,6SWA
P50591,1D0G
P50591,1D2Q
P50591,1D4V
P50591,1DG6
P50591,1DU3
P50591,4N90
P50613,1UA2
P50613,6XBZ
P50613,6XD3
P50613,7B5O
P50613,7B5Q
P50613,8ORM
P50613,8P4Z
P50613,8P6V
P50613,8P6W
P50613,8P6X
P50613,8P6Y
P50613,8P6Z
P50613,8P70
P50613,8P71
P50613,8P72
P50613,8P73
P50613,8P74
P50613,8P75
P50613,8P76
P50613,8P77
P50613,8P78
P50613,8P79
P50613,8P7L
P50613,8PLZ
P50613,8PYR
P50613,8R99
P50613,8R9A
P50613,8R9B
P50613,8R9O
P50613,8R9S
P50613,8R9U
P50613,8S0R
P50613,8S0T
P50613,9HIX
P50613,9HIY
P50613,9HJ0
P50876,1WIM
P50876,6L99
P50897,3GRO
P50982,1K64
P50991,8I9Q
P50995,9FOF
P50995,9FOR
P51114,2CPQ
P51114,3KUF
P51114,3O8V
P51141,1FSH
P51141,1MC7
P51141,2KAW
P51141,2MX6
P51141,3PZ8
P51148,4KYI
P51149,1T91
P51149,1YHN
P51149,3LAW
P51149,6IYB
P51149,6WCW
P51149,7F6J
P51149,8ZQ3
P51149,9L0D
P51150,5Z2M
P51151,1WMS
P51151,7E1T
P51159,6HUF
P51159,7OPP
P51159,7OPQ
P51159,7OPR
P51159,8P3G
P51159,8P3H
P51159,8P3I
P51159,8P3J
P51159,8P3K
P51161,1O1U
P51161,1O1V
P51161,2MM3
P51161,5L8I
P51161,5L8N
P51161,5L8O
P51170,9BLR
P51170,9BTG
P51170,9BTU
P51177,1JBA
P51572,4JZL
P51572,4JZP
P51572,8XWX
P51577,2BP5
P51577,2RUP
P51610,4GO6
P51617,6BFN
P51648,4QGK
P51654,7ZAW
P51668,2C4P
P51668,4QPL
P51668,5FER
P51668,6D4P
P51681,2L87
P51681,2MZX
P51681,2RLL
P51681,2RRS
P51681,4MBS
P51681,5UIW
P51681,5YD3
P51681,5YD4
P51681,5YD5
P51681,5YY4
P51681,6FGP
P51681,6MEO
P51681,6MET
P51681,7NJZ
P51681,7NW3
P51681,8AS2
P51681,8AS3
P51684,6WWZ
P51692,6MBW
P51692,6MBZ
P51784,4MEL
P51784,5OK6
P51787,3BJ4
P51787,3HFC
P51787,3HFE
P51787,4UMO
P51787,4V0C
P51787,6MIE
P51787,6UZZ
P51787,6V00
P51787,6V01
P51787,7VUO
P51787,7VVD
P51787,7VVH
P51787,7XNI
P51787,7XNK
P51787,7XNL
P51787,7XNN
P51787,8SIK
P51787,8SIM
P51787,8SIN
P51787,9VEC
P51787,9VEI
P51787,9VEN
P51787,9VEO
P51787,9WD8
P51788,7XF5
P51788,7XJA
P51788,8GQU
P51788,8TA2
P51788,8TA3
P51788,8TA4
P51788,8TA5
P51788,8TA6
P51790,9DNW
P51790,9DNX
P51790,9DNY
P51790,9DNZ
P51790,9DO0
P51791,8JEV
P51791,8JGJ
P51791,8JGK
P51791,8JGL
P51791,8JGS
P51791,8JGV
P51795,2J9L
P51795,2JA3
P51797,8JPJ
P51797,8JPO
P51797,8JPR
P51798,7BXU
P51798,7CQ5
P51798,7CQ6
P51798,7CQ7
P51798,7JM7
P51798,8HVT
P51798,9G6C
P51798,9G6D
P51798,9G6E
P51809,2DMW
P51812,4D9T
P51812,4D9U
P51812,4JG6
P51812,4JG7
P51812,4JG8
P51812,4NUS
P51812,4NW5
P51812,4NW6
P51812,5D9K
P51812,5D9L
P51812,7OPO
P51812,8R58
P51812,8XEY
P51812,8XFY
P51813,2EKX
P51813,2YS2
P51813,3SXR
P51813,3SXS
P51813,6I99
P51813,8X2A
P51843,4RWV
P51857,3BUR
P51857,3BUV
P51857,3BV7
P51857,3CAQ
P51857,3CAS
P51857,3CAV
P51857,3CMF
P51857,3COT
P51857,3DOP
P51857,3G1R
P51857,3UZW
P51857,3UZX
P51857,3UZY
P51857,3UZZ
P51858,1RI0
P51858,2NLU
P51865,2J5H
P51943,3QHR
P51943,3QHW
P51943,4I3Z
P51943,4II5
P51955,2JAV
P51955,2W5A
P51955,2W5B
P51955,2W5H
P51955,2WQO
P51955,2XK3
P51955,2XK4
P51955,2XK6
P51955,2XK7
P51955,2XK8
P51955,2XKC
P51955,2XKD
P51955,2XKE
P51955,2XKF
P51955,2XNM
P51955,2XNN
P51955,2XNO
P51955,2XNP
P51955,4A4X
P51955,4AFE
P51955,5M51
P51955,5M53
P51955,5M55
P51955,5M57
P51955,6SGD
P51955,6SGH
P51955,6SGI
P51955,6SGK
P51955,6SK9
P51972,1VAP
P51996,3RWM
P51996,3RWO
P51996,7E8T
P51996,7EA3
P51996,7U05
P51996,7U06
P52013,1H0P
P52174,1BE4
P52174,1BHN
P52272,2DGV
P52272,2DH9
P52272,2DO0
P52272,2OT8
P52286,1NEX
P52286,3MKS
P52286,5AN3
P52286,6F07
P52286,6FE8
P52286,7K79
P52286,8OW1
P52292,1QGK
P52292,1QGR
P52292,3FEX
P52292,3FEY
P52292,3WPT
P52292,4E4V
P52292,4WV6
P52292,5H43
P52292,7CRU
P52292,7N8J
P52292,7N9H
P52292,8FZK
P52292,8GCN
P52292,9B4Y
P52294,2JDQ
P52294,6WX9
P52298,1H2T
P52298,1H2U
P52298,1H2V
P52298,1H6K
P52298,1N52
P52298,1N54
P52298,5OO6
P52298,5OOB
P52298,6D0Y
P52298,8BY6
P52298,8PMP
P52298,8PNT
P52298,8SRR
P52298,8SUY
P52298,9HFL
P52306,5XGC
P52306,5ZHX
P52434,2F3I
P52434,7AST
P52564,2Y8O
P52564,3ENM
P52564,3FME
P52564,3VN9
P52564,5ETF
P52564,8A8M
P52564,8P7J
P52564,8PM3
P52565,1CC0
P52565,1FSO
P52565,1FST
P52565,1FT0
P52565,1FT3
P52565,1KMT
P52565,1QVY
P52565,1RHO
P52565,2BXW
P52565,2JHS
P52565,2JHT
P52565,2JHU
P52565,2JHV
P52565,2JHW
P52565,2JHX
P52565,2JHY
P52565,2JHZ
P52565,2JI0
P52566,1DS6
P52566,5H1D
P52591,4YI0
P52593,7WO9
P52630,2KA4
P52630,6UX2
P52630,6WCZ
P52630,8T12
P52630,8T13
P52732,1II6
P52732,1Q0B
P52732,1X88
P52732,1YRS
P52732,2FKY
P52732,2FL2
P52732,2FL6
P52732,2FME
P52732,2G1Q
P52732,2GM1
P52732,2IEH
P52732,2PG2
P52732,2Q2Y
P52732,2Q2Z
P52732,2UYI
P52732,2UYM
P52732,2WOG
P52732,2X2R
P52732,2X7C
P52732,2X7D
P52732,2X7E
P52732,2XAE
P52732,3CJO
P52732,3HQD
P52732,3K3B
P52732,3K5E
P52732,3KEN
P52732,3L9H
P52732,3WPN
P52732,3ZCW
P52732,4A1Z
P52732,4A28
P52732,4A50
P52732,4A51
P52732,4A5Y
P52732,4AP0
P52732,4AQV
P52732,4AQW
P52732,4AS7
P52732,4B7B
P52732,4BBG
P52732,4BXN
P52732,4CK5
P52732,4CK6
P52732,4CK7
P52732,4ZCA
P52732,4ZHI
P52732,5JV3
P52732,5ZO7
P52732,5ZO8
P52732,5ZO9
P52732,6G6Y
P52732,6G6Z
P52732,6HKX
P52732,6HKY
P52732,6TA3
P52732,6TA4
P52732,6TIW
P52732,6TLE
P52732,6TRL
P52732,6Y1I
P52732,8YHH
P52758,1ONI
P52758,9N80
P52759,1QAH
P52789,2NZT
P52789,5HEX
P52789,5HFU
P52789,5HG1
P52795,6P7S
P52799,2HLE
P52799,2I85
P52799,2VSK
P52799,2VSM
P52799,2WO2
P52799,3GXU
P52799,4UF7
P52799,6P7Y
P52799,6PDL
P52800,1IKO
P52800,1KGY
P52803,4BK5
P52803,4BKA
P52803,4M4R
P52848,1NST
P52848,8CCY
P52848,8CD0
P52848,8CHS
P52848,9F6Z
P52912,2DGO
P52912,2RNE
P52948,1KO6
P52948,2Q5X
P52948,2Q5Y
P52948,3MMY
P52948,4OWR
P52948,5A9Q
P52948,6BZM
P52948,7F60
P52948,7F90
P52948,7MNI
P52948,7PEQ
P52948,7Q64
P52948,7Q65
P52948,7Q66
P52948,7Q67
P52948,7VPG
P52948,7VPH
P52948,8CI8
P53004,2H63
P53008,4J5T
P53010,4Q8G
P53010,4Q8H
P53010,6R5K
P53010,6R9I
P53010,6R9J
P53010,6R9M
P53010,6R9O
P53010,6R9P
P53010,6R9Q
P53041,1A17
P53041,1S95
P53041,1WAO
P53041,3H60
P53041,3H61
P53041,3H62
P53041,3H63
P53041,3H64
P53041,3H66
P53041,3H67
P53041,3H68
P53041,3H69
P53041,4ZVZ
P53041,4ZX2
P53041,5HPE
P53041,5UI1
P53041,5WG8
P53042,4JA7
P53042,4JA9
P53064,5E8B
P53064,5EMX
P53067,6AHO
P53067,8F0X
P53067,8F19
P53067,8F1E
P53067,8H5B
P53067,9B31
P53067,9B3F
P53067,9B3I
P53068,1GQP
P53090,4JE5
P53136,5SUI
P53136,5SUM
P53136,6EN7
P53140,7A9W
P53140,7A9X
P53150,1Z56
P53155,6K6L
P53184,2H0R
P53184,3V8E
P53192,3B2E
P53192,3SJA
P53192,3SJB
P53192,3SJC
P53192,3VLC
P53192,3ZS8
P53193,3UO2
P53193,3UO3
P53197,4BH6
P53220,2CIU
P53220,2MF7
P53220,6K7D
P53220,6K7E
P53220,6K7F
P53220,6K8Q
P53224,8C80
P53224,8C82
P53260,4N0H
P53260,4N0I
P53271,2JQQ
P53290,3R7W
P53290,4ARZ
P53290,6JWP
P53299,3CJH
P53323,4WW5
P53323,4WW7
P53323,4WW9
P53323,4WWA
P53335,8RDY
P53350,1Q4K
P53350,1Q4O
P53350,1UMW
P53350,2OGQ
P53350,2OJX
P53350,2OU7
P53350,2OWB
P53350,2RKU
P53350,2V5Q
P53350,2YAC
P53350,3BZI
P53350,3C5L
P53350,3FC2
P53350,3FVH
P53350,3HIH
P53350,3HIK
P53350,3KB7
P53350,3P2W
P53350,3P2Z
P53350,3P34
P53350,3P35
P53350,3P36
P53350,3P37
P53350,3Q1I
P53350,3RQ7
P53350,3THB
P53350,4A4L
P53350,4A4O
P53350,4DFW
P53350,4E67
P53350,4E9C
P53350,4E9D
P53350,4H5X
P53350,4H71
P53350,4HAB
P53350,4HCO
P53350,4HY2
P53350,4J52
P53350,4J53
P53350,4LKL
P53350,4LKM
P53350,4O56
P53350,4O6W
P53350,4O9W
P53350,4RCP
P53350,4WHH
P53350,4WHK
P53350,4WHL
P53350,4X9R
P53350,4X9V
P53350,4X9W
P53350,5J19
P53350,5NEI
P53350,5NFU
P53350,5NJE
P53350,5NMM
P53350,5NN1
P53350,5NN2
P53350,5TA6
P53350,5TA8
P53350,6AX4
P53350,6GY2
P53350,7MSO
P53350,7MX1
P53350,8BJT
P53350,8CRC
P53350,8JOQ
P53350,8JOY
P53350,8S30
P53350,8S31
P53350,8WFP
P53350,8X72
P53350,8XB9
P53350,9D0P
P53396,3MWD
P53396,3MWE
P53396,3PFF
P53396,5TDE
P53396,5TDF
P53396,5TDM
P53396,5TDZ
P53396,5TE1
P53396,5TEQ
P53396,5TES
P53396,5TET
P53396,6HXH
P53396,6HXK
P53396,6HXL
P53396,6HXM
P53396,6O0H
P53396,6POE
P53396,6POF
P53396,6QFB
P53396,6UI9
P53396,6UIA
P53396,6UUW
P53396,6UUZ
P53396,6UV5
P53396,6Z2H
P53396,7LIW
P53396,7LJ9
P53396,7LLA
P53396,7RIG
P53396,7RKZ
P53396,7RMP
P53396,8G1E
P53396,8G1F
P53396,8G5C
P53396,8G5D
P53550,2JVB
P53550,4K6E
P53550,4KG3
P53550,4KG4
P53550,5LM5
P53550,5LMF
P53550,5LMG
P53602,3D4J
P53615,3EYX
P53667,3S95
P53667,5HVJ
P53667,5NXC
P53667,7ATS
P53667,7ATU
P53667,7B8W
P53667,8AAU
P53671,1X6A
P53671,4TPT
P53671,5NXD
P53671,7QHG
P53671,8GI4
P53671,8S3X
P53671,8WSW
P53721,6LUL
P53738,2J6A
P53742,7UUI
P53779,1JNK
P53779,1PMN
P53779,1PMU
P53779,1PMV
P53779,2B1P
P53779,2EXC
P53779,2O0U
P53779,2O2U
P53779,2OK1
P53779,2P33
P53779,2R9S
P53779,2WAJ
P53779,2ZDT
P53779,2ZDU
P53779,3CGF
P53779,3CGO
P53779,3DA6
P53779,3FI2
P53779,3FI3
P53779,3FV8
P53779,3G90
P53779,3G9L
P53779,3G9N
P53779,3KVX
P53779,3OXI
P53779,3OY1
P53779,3PTG
P53779,3RTP
P53779,3TTI
P53779,3TTJ
P53779,3V6R
P53779,3V6S
P53779,4H36
P53779,4H39
P53779,4KKE
P53779,4KKG
P53779,4KKH
P53779,4U79
P53779,4W4V
P53779,4W4W
P53779,4W4X
P53779,4W4Y
P53779,4WHZ
P53779,4X21
P53779,4Y46
P53779,4Y5H
P53779,4Z9L
P53779,6EKD
P53779,6EMH
P53779,6EQ9
P53779,7KSI
P53779,7KSJ
P53779,7KSK
P53779,7ORE
P53779,7ORF
P53779,7S1N
P53779,7YL1
P53779,8BZP
P53779,8ENJ
P53779,8VNX
P53779,8VO4
P53779,8VS0
P53779,8VTF
P53779,8WGF
P53810,1KCM
P53816,2KYT
P53816,4DOT
P53816,4FA0
P53816,4Q95
P53816,7C3Z
P53816,7C41
P53816,7ZOM
P53847,3ETU
P53847,5FJW
P53847,5FJZ
P53860,4FMM
P53860,4J7P
P53860,4J7Q
P53860,4M8Z
P53865,3OA7
P53874,6RR0
P53899,5IJ4
P53927,5T9P
P53965,6BYF
P53965,6E3B
P53985,6LYY
P53985,6LZ0
P53985,7CKO
P53985,7CKR
P53985,7DA5
P53985,7YR5
P53986,7Y1Q
P53990,3FRR
P53990,3FRS
P53990,3JC1
P53990,4U7I
P53990,4U7Y
P53990,4WZX
P53990,6E8G
P53990,6TZ4
P53990,6TZ5
P53990,6TZA
P53990,7S7J
P53990,8UC6
P53990,8V2Q
P53990,8V2R
P53990,8V2S
P53992,3EH2
P53992,6PU1
P53992,8CL3
P54098,3IKM
P54098,4ZTU
P54098,4ZTZ
P54098,5C51
P54098,5C52
P54098,5C53
P54098,8D33
P54098,8D37
P54098,8D3R
P54098,8D42
P54098,8G5I
P54098,8G5J
P54098,8G5K
P54098,8G5L
P54098,8G5M
P54098,8G5N
P54098,8G5O
P54098,8G5P
P54098,8T7E
P54098,8UDK
P54098,8UDL
P54098,8V54
P54098,8V55
P54098,8V5D
P54098,8V5R
P54098,9GGB
P54098,9GGC
P54098,9GGD
P54098,9GGE
P54098,9GGF
P54098,9IC1
P54098,9IC3
P54116,4FVF
P54116,4FVG
P54116,4FVJ
P54136,4Q2T
P54136,4Q2X
P54136,4Q2Y
P54136,4ZAJ
P54219,8TGG
P54219,8TGH
P54219,8TGI
P54219,8TGJ
P54219,8TGK
P54219,8TGL
P54219,8TGM
P54219,8TGN
P54229,2NDC
P54229,2NDE
P54253,1OA8
P54253,2M41
P54253,4APT
P54253,4AQP
P54253,4J2J
P54253,4J2L
P54253,6QIU
P54284,7MIX
P54284,7MIY
P54284,7UHF
P54284,7UHG
P54284,8E59
P54284,8E5A
P54284,8E5B
P54284,8EPL
P54284,8FHS
P54284,8WE6
P54284,8WE7
P54284,8WE8
P54284,8WE9
P54284,8X90
P54284,8X91
P54284,8X93
P54315,2PPL
P54317,2OXE
P54317,2PVS
P54318,1BU8
P54577,1N3L
P54577,1NTG
P54577,1Q11
P54577,4Q93
P54577,4QBT
P54577,5THH
P54577,5THL
P54577,7ROU
P54578,2AYN
P54578,6IIK
P54578,6IIL
P54578,6IIM
P54578,6IIN
P54578,6LVS
P54578,7W37
P54578,9F19
P54646,2H6D
P54646,2LTU
P54646,2YZA
P54646,3AQV
P54646,4CFE
P54646,4CFF
P54646,4ZHX
P54646,5EZV
P54646,5ISO
P54646,6B1U
P54646,6B2E
P54646,6BX6
P54646,7MYJ
P54646,8BIK
P54646,9IC2
P54708,7X20
P54708,7X21
P54708,7X22
P54708,7X23
P54708,7X24
P54708,8IJL
P54708,8IJM
P54728,2F4M
P54728,2F4O
P54748,1LOI
P54753,3P1I
P54753,3ZFY
P54753,5L6O
P54753,5L6P
P54756,2R2P
P54756,4ET7
P54760,2BBA
P54760,2E7H
P54760,2QKQ
P54760,2VWU
P54760,2VWV
P54760,2VWW
P54760,2VWX
P54760,2VWY
P54760,2VWZ
P54760,2VX0
P54760,2VX1
P54760,2X9F
P54760,2XVD
P54760,2YN8
P54760,3ZEW
P54760,4AW5
P54760,4BB4
P54760,6FNI
P54760,6FNJ
P54760,6FNK
P54760,6FNL
P54760,6FNM
P54762,2DJS
P54762,2EAO
P54762,3ZFX
P54762,5MJA
P54762,5MJB
P54762,6UMW
P54762,7KPL
P54762,7KPM
P54860,2QIZ
P54860,2QJ0
P54860,3M63
P54867,7PZ2
P55000,6ZZE
P55000,6ZZF
P55017,7Y6I
P55017,7YG0
P55017,7YG1
P55017,8FHN
P55017,8FHO
P55017,8FHP
P55017,8FHQ
P55017,8FHR
P55017,8FHT
P55064,3D9S
P55064,5C5X
P55064,5DYE
P55064,7STC
P55072,3EBB
P55072,3HU1
P55072,3HU2
P55072,3HU3
P55072,3QC8
P55072,3QQ7
P55072,3QQ8
P55072,3QWZ
P55072,4KLN
P55072,4KO8
P55072,4KOD
P55072,4P0A
P55072,5B6C
P55072,5C18
P55072,5C19
P55072,5C1A
P55072,5C1B
P55072,5DYG
P55072,5DYI
P55072,5FTJ
P55072,5FTK
P55072,5FTL
P55072,5FTM
P55072,5FTN
P55072,5KIW
P55072,5KIY
P55072,5X4L
P55072,6G2V
P55072,6G2W
P55072,6G2X
P55072,6G2Y
P55072,6G2Z
P55072,6G30
P55072,6HD0
P55072,6MCK
P55072,7BP8
P55072,7BP9
P55072,7BPA
P55072,7BPB
P55072,7JY5
P55072,7K56
P55072,7K57
P55072,7K59
P55072,7L5W
P55072,7L5X
P55072,7LMY
P55072,7LMZ
P55072,7LN0
P55072,7LN1
P55072,7LN2
P55072,7LN3
P55072,7LN4
P55072,7LN5
P55072,7LN6
P55072,7MDM
P55072,7MDO
P55072,7MHS
P55072,7PUX
P55072,7R7U
P55072,7RL6
P55072,7RL7
P55072,7RL9
P55072,7RLA
P55072,7RLB
P55072,7RLC
P55072,7RLD
P55072,7RLF
P55072,7RLG
P55072,7RLH
P55072,7RLI
P55072,7RLJ
P55072,7VCS
P55072,7VCT
P55072,7VCU
P55072,7VCV
P55072,7VCX
P55072,8HL7
P55072,8HRZ
P55072,8KG2
P55072,8OOI
P55072,8PQX
P55072,8R0E
P55072,8RS9
P55072,8RSB
P55072,8RSC
P55072,8UV2
P55072,8UVO
P55072,8UVP
P55072,8UVQ
P55072,8VKU
P55072,8VLS
P55072,8VOV
P55072,8YKA
P55072,9BOQ
P55072,9DIL
P55072,9MQ6
P55083,7ZMK
P55083,8UN7
P55087,3GD8
P55087,8V8S
P55087,8V91
P55087,8V9D
P55097,5T6U
P55097,6BKI
P55097,8V57
P55097,8V58
P55145,2KVD
P55145,2KVE
P55145,2W51
P55194,1ABO
P55201,2D9E
P55201,2RS9
P55201,2X35
P55201,2X4W
P55201,2X4X
P55201,2X4Y
P55201,3L42
P55201,3MO8
P55201,4LC2
P55201,4QYD
P55201,4QYL
P55201,4UYE
P55201,5C6S
P55201,5C7N
P55201,5C85
P55201,5C87
P55201,5C89
P55201,5D7X
P55201,5DY7
P55201,5DYA
P55201,5DYC
P55201,5E3D
P55201,5E3G
P55201,5EM3
P55201,5EPR
P55201,5EPS
P55201,5EQ1
P55201,5ERC
P55201,5ETB
P55201,5ETD
P55201,5EV9
P55201,5EVA
P55201,5EWC
P55201,5EWD
P55201,5EWH
P55201,5EWV
P55201,5EWW
P55201,5FFV
P55201,5FFW
P55201,5FFY
P55201,5FG4
P55201,5FG5
P55201,5G4R
P55201,5G4S
P55201,5MWG
P55201,5MWH
P55201,5MWZ
P55201,5MYG
P55201,5O4S
P55201,5O4T
P55201,5O55
P55201,5O5A
P55201,5O5F
P55201,5O5H
P55201,5OV8
P55201,5OWA
P55201,5OWB
P55201,5OWE
P55201,5T4U
P55201,5T4V
P55201,6EKQ
P55201,6U04
P55201,7C4I
P55201,8QAZ
P55201,8QB0
P55201,8QB2
P55209,7BP5
P55209,7UN3
P55209,7UN6
P55212,2WDP
P55212,3K7E
P55212,3NKF
P55212,3NR2
P55212,3OD5
P55212,3P45
P55212,3P4U
P55212,3QNW
P55212,3S70
P55212,3S8E
P55212,3V6L
P55212,3V6M
P55212,4EJF
P55212,4FXO
P55212,4HVA
P55212,4IYR
P55212,4N5D
P55212,4N6G
P55212,4N7J
P55212,4N7M
P55212,4NBK
P55212,4NBL
P55212,4NBN
P55212,6DEU
P55212,6DEV
P55212,8EG5
P55212,8EG6
P55212,8F78
P55212,8F96
P55212,8F97
P55212,8F98
P55212,8F99
P55212,8F9A
P55212,8F9B
P55212,8F9C
P55212,8F9D
P55212,8FBV
P55258,2FU5
P55259,7P6R
P55259,7P6S
P55259,7P6T
P55259,8XC5
P55263,1BX4
P55263,2I6A
P55263,2I6B
P55263,4O1L
P55265,1QBJ
P55265,1QGP
P55265,1XMK
P55265,2ACJ
P55265,2GXB
P55265,2L54
P55265,2MDR
P55265,3F21
P55265,3F22
P55265,3F23
P55265,3IRQ
P55265,3IRR
P55265,5ZU1
P55265,5ZUO
P55265,5ZUP
P55265,7C0I
P55265,7C0J
P55265,7ZJ1
P55265,7ZLQ
P55265,8GBC
P55265,8GBD
P55265,9B83
P55265,9B84
P55265,9B89
P55273,1BD8
P55273,1BI8
P55284,2KOH
P55345,1X2P
P55735,7R5J
P55735,7R5K
P55735,7UHY
P55735,9LVJ
P55735,9LVK
P55735,9LWF
P55769,1E7K
P55769,2JNB
P55769,2OZB
P55769,3SIU
P55769,3SIV
P55769,8QOZ
P55769,8QPA
P55769,8QPB
P55769,8QPE
P55786,8SW0
P55786,8SW1
P55789,3MBG
P55789,3O55
P55789,3TK0
P55789,3U2L
P55789,3U2M
P55789,3U5S
P55789,4LDK
P55795,1WEZ
P55795,1WG5
P55795,6DG1
P55795,8SGH
P55853,5XQM
P55899,1EXU
P55899,3M17
P55899,3M1B
P55899,4K71
P55899,4N0F
P55899,4N0U
P55899,5BJT
P55899,5BXF
P55899,5WHK
P55899,6C97
P55899,6C98
P55899,6C99
P55899,6FGB
P55899,6ILM
P55899,6LA6
P55899,6LA7
P55899,6NHA
P55899,6QIO
P55899,6QIP
P55899,6WNA
P55899,6WOL
P55899,7B5F
P55899,7C9V
P55899,7Q15
P55899,7XXA
P55899,9DBT
P55899,9MI6
P55917,6MHY
P55917,7JJP
P55917,7JLW
P55917,7JM9
P55917,7JMC
P55957,2BID
P55957,2KBW
P55957,2M5I
P55957,4QVE
P55957,4ZEQ
P55957,5AJJ
P55957,5C3F
P55957,7P33
P55957,7QTW
P55957,8SM5
P55963,1P1P
P56192,2DJV
P56192,5GL7
P56192,5GOY
P56216,1AHU
P56216,1AHV
P56216,1AHZ
P56216,1DZN
P56216,1E0Y
P56216,1E8F
P56216,1E8G
P56216,1E8H
P56216,1QLT
P56216,1QLU
P56216,1VAO
P56216,1W1J
P56216,1W1K
P56216,1W1L
P56216,1W1M
P56216,2VAO
P56216,5MXJ
P56216,5MXU
P56219,1TSK
P56219,6ATL
P56271,2AAA
P56274,1IUZ
P56279,1JSG
P56280,1JNP
P56373,5SVJ
P56373,5SVK
P56373,5SVL
P56373,5SVM
P56373,5SVP
P56373,5SVQ
P56373,5SVR
P56373,5SVS
P56373,5SVT
P56373,5YVE
P56373,6AH4
P56373,6AH5
P56373,9IK1
P56378,8H9F
P56378,8H9J
P56378,8H9M
P56378,8H9Q
P56378,8KHF
P56529,1AS5
P56529,1JLO
P56565,8VK3
P56565,8VK4
P56589,3AJB
P56589,3MK4
P56633,1AV3
P56633,1KCP
P56633,2N8E
P56636,1M2C
P56636,1MII
P56636,2AJW
P56636,2AK0
P56637,1BCG
P56637,4KYP
P56638,1A0M
P56638,7N0T
P56638,7N24
P56638,7N25
P56638,7N26
P56640,1DG2
P56640,1MXN
P56640,1MXP
P56676,1QK6
P56703,6AHY
P56704,7URD
P56704,7URE
P56714,1F3K
P56726,6O3C
P56726,8CXO
P56785,8Z9Y
P56817,1FKN
P56817,1M4H
P56817,1SGZ
P56817,1TQF
P56817,1W50
P56817,1W51
P56817,1XN2
P56817,1XN3
P56817,1XS7
P56817,1YM2
P56817,1YM4
P56817,2B8L
P56817,2B8V
P56817,2F3E
P56817,2F3F
P56817,2FDP
P56817,2G94
P56817,2HIZ
P56817,2HM1
P56817,2IQG
P56817,2IRZ
P56817,2IS0
P56817,2NTR
P56817,2OAH
P56817,2OF0
P56817,2OHK
P56817,2OHL
P56817,2OHM
P56817,2OHN
P56817,2OHP
P56817,2OHQ
P56817,2OHR
P56817,2OHS
P56817,2OHT
P56817,2OHU
P56817,2P4J
P56817,2P83
P56817,2P8H
P56817,2PH6
P56817,2PH8
P56817,2Q11
P56817,2Q15
P56817,2QK5
P56817,2QMD
P56817,2QMF
P56817,2QMG
P56817,2QP8
P56817,2QU2
P56817,2QU3
P56817,2QZK
P56817,2QZL
P56817,2VA5
P56817,2VA6
P56817,2VA7
P56817,2VIE
P56817,2VIJ
P56817,2VIY
P56817,2VIZ
P56817,2VJ6
P56817,2VJ7
P56817,2VJ9
P56817,2VKM
P56817,2VNM
P56817,2VNN
P56817,2WEZ
P56817,2WF0
P56817,2WF1
P56817,2WF2
P56817,2WF3
P56817,2WF4
P56817,2WJO
P56817,2XFI
P56817,2XFJ
P56817,2XFK
P56817,2ZDZ
P56817,2ZE1
P56817,2ZHR
P56817,2ZHS
P56817,2ZHT
P56817,2ZHU
P56817,2ZHV
P56817,2ZJH
P56817,2ZJI
P56817,2ZJJ
P56817,2ZJK
P56817,2ZJL
P56817,2ZJM
P56817,2ZJN
P56817,3BRA
P56817,3BUF
P56817,3BUG
P56817,3BUH
P56817,3CIB
P56817,3CIC
P56817,3CID
P56817,3CKP
P56817,3CKR
P56817,3DM6
P56817,3DUY
P56817,3DV1
P56817,3DV5
P56817,3EXO
P56817,3FKT
P56817,3H0B
P56817,3HVG
P56817,3HW1
P56817,3I25
P56817,3IGB
P56817,3IN3
P56817,3IN4
P56817,3IND
P56817,3INE
P56817,3INF
P56817,3INH
P56817,3IVH
P56817,3IVI
P56817,3IXJ
P56817,3IXK
P56817,3K5C
P56817,3K5D
P56817,3K5F
P56817,3K5G
P56817,3KMX
P56817,3KMY
P56817,3KN0
P56817,3KYR
P56817,3L38
P56817,3L3A
P56817,3L58
P56817,3L59
P56817,3L5B
P56817,3L5C
P56817,3L5D
P56817,3L5E
P56817,3L5F
P56817,3LHG
P56817,3LNK
P56817,3LPI
P56817,3LPJ
P56817,3LPK
P56817,3MSJ
P56817,3MSK
P56817,3MSL
P56817,3N4L
P56817,3NSH
P56817,3OHF
P56817,3OHH
P56817,3OOZ
P56817,3PI5
P56817,3QBH
P56817,3QI1
P56817,3R1G
P56817,3R2F
P56817,3RSV
P56817,3RSX
P56817,3RTH
P56817,3RTM
P56817,3RTN
P56817,3RU1
P56817,3RVI
P56817,3S2O
P56817,3S7L
P56817,3S7M
P56817,3SKF
P56817,3SKG
P56817,3TPJ
P56817,3TPL
P56817,3TPP
P56817,3TPR
P56817,3U6A
P56817,3UDH
P56817,3UDJ
P56817,3UDK
P56817,3UDM
P56817,3UDN
P56817,3UDP
P56817,3UDQ
P56817,3UDR
P56817,3UDY
P56817,3UFL
P56817,3UQP
P56817,3UQR
P56817,3UQU
P56817,3UQW
P56817,3UQX
P56817,3VEU
P56817,3VF3
P56817,3VG1
P56817,3VV6
P56817,3VV7
P56817,3VV8
P56817,3WB4
P56817,3WB5
P56817,3ZMG
P56817,3ZOV
P56817,4ACU
P56817,4ACX
P56817,4AZY
P56817,4B00
P56817,4B05
P56817,4B0Q
P56817,4B1C
P56817,4B1D
P56817,4B1E
P56817,4B70
P56817,4B72
P56817,4B77
P56817,4B78
P56817,4BEK
P56817,4BFD
P56817,4D83
P56817,4D85
P56817,4D88
P56817,4D89
P56817,4D8C
P56817,4DH6
P56817,4DI2
P56817,4DJU
P56817,4DJV
P56817,4DJW
P56817,4DJX
P56817,4DJY
P56817,4DPF
P56817,4DPI
P56817,4DUS
P56817,4DV9
P56817,4DVF
P56817,4EWO
P56817,4EXG
P56817,4FCO
P56817,4FGX
P56817,4FM7
P56817,4FM8
P56817,4FRI
P56817,4FRJ
P56817,4FRK
P56817,4FRS
P56817,4FS4
P56817,4FSE
P56817,4FSL
P56817,4GID
P56817,4GMI
P56817,4H1E
P56817,4H3F
P56817,4H3G
P56817,4H3I
P56817,4H3J
P56817,4HA5
P56817,4HZT
P56817,4I0D
P56817,4I0E
P56817,4I0F
P56817,4I0G
P56817,4I0H
P56817,4I0I
P56817,4I0J
P56817,4I0Z
P56817,4I10
P56817,4I11
P56817,4I12
P56817,4I1C
P56817,4IVS
P56817,4IVT
P56817,4J0P
P56817,4J0T
P56817,4J0V
P56817,4J0Y
P56817,4J0Z
P56817,4J17
P56817,4J1C
P56817,4J1E
P56817,4J1F
P56817,4J1H
P56817,4J1I
P56817,4J1K
P56817,4JOO
P56817,4JP9
P56817,4JPC
P56817,4JPE
P56817,4K8S
P56817,4K9H
P56817,4KE0
P56817,4KE1
P56817,4L7G
P56817,4L7H
P56817,4L7J
P56817,4LC7
P56817,4LXA
P56817,4LXK
P56817,4LXM
P56817,4N00
P56817,4PZW
P56817,4PZX
P56817,4R5N
P56817,4R8Y
P56817,4R91
P56817,4R92
P56817,4R93
P56817,4R95
P56817,4RCD
P56817,4RCE
P56817,4RCF
P56817,4RRN
P56817,4RRO
P56817,4RRS
P56817,4TRW
P56817,4TRY
P56817,4TRZ
P56817,4WTU
P56817,4WY1
P56817,4WY6
P56817,4X2L
P56817,4X7I
P56817,4XKX
P56817,4XXS
P56817,4YBI
P56817,4ZPE
P56817,4ZPF
P56817,4ZPG
P56817,4ZSM
P56817,4ZSP
P56817,4ZSQ
P56817,4ZSR
P56817,5CLM
P56817,5DQC
P56817,5ENK
P56817,5ENM
P56817,5EZX
P56817,5EZZ
P56817,5F00
P56817,5F01
P56817,5HD0
P56817,5HDU
P56817,5HDV
P56817,5HDX
P56817,5HDZ
P56817,5HE4
P56817,5HE5
P56817,5HE7
P56817,5HTZ
P56817,5HU0
P56817,5HU1
P56817,5I3V
P56817,5I3W
P56817,5I3X
P56817,5I3Y
P56817,5IE1
P56817,5KQF
P56817,5KR8
P56817,5MBW
P56817,5MCO
P56817,5MCQ
P56817,5MXD
P56817,5QCO
P56817,5QCP
P56817,5QCQ
P56817,5QCR
P56817,5QCS
P56817,5QCT
P56817,5QCU
P56817,5QCV
P56817,5QCW
P56817,5QCX
P56817,5QCY
P56817,5QCZ
P56817,5QD0
P56817,5QD1
P56817,5QD2
P56817,5QD3
P56817,5QD4
P56817,5QD5
P56817,5QD6
P56817,5QD7
P56817,5QD8
P56817,5QD9
P56817,5QDA
P56817,5QDB
P56817,5QDC
P56817,5QDD
P56817,5T1U
P56817,5T1W
P56817,5TOL
P56817,5UYU
P56817,5V0N
P56817,5YGX
P56817,5YGY
P56817,6BFD
P56817,6BFE
P56817,6BFW
P56817,6BFX
P56817,6C2I
P56817,6DHC
P56817,6DMI
P56817,6E3Z
P56817,6EJ2
P56817,6EJ3
P56817,6EQM
P56817,6FGY
P56817,6JSE
P56817,6JSF
P56817,6JSG
P56817,6JSN
P56817,6JT3
P56817,6JT4
P56817,6NV7
P56817,6NV9
P56817,6NW3
P56817,6OD6
P56817,6PZ4
P56817,6UVP
P56817,6UVV
P56817,6UVY
P56817,6UWP
P56817,6UWV
P56817,6WNY
P56817,7B1E
P56817,7B1P
P56817,7B1Q
P56817,7D2V
P56817,7D2X
P56817,7D36
P56817,7D5A
P56817,7DCZ
P56817,7F1D
P56817,7MYI
P56817,7MYR
P56817,7MYU
P56817,7N66
P56852,1D1H
P56945,1WYX
P56945,5O2M
P56945,5O2P
P56945,5O2Q
P56962,7BV4
P57052,2YWK
P57080,1VDL
P57729,6HDU
P57729,6S5H
P57735,2OIL
P57743,3BW1
P57743,4N0A
P57764,5NH1
P57764,5WQT
P57764,6AO4
P57764,6KN0
P57764,6N9O
P57764,6VFE
P57764,7Z1X
P58004,5CUF
P58004,5DJ4
P58004,5T0N
P58004,6N0M
P58154,1I9B
P58154,1UV6
P58154,1UW6
P58154,1UX2
P58154,2ZJU
P58154,2ZJV
P58154,3U8J
P58154,3U8K
P58154,3U8L
P58154,3U8M
P58154,3U8N
P58154,3WIP
P58154,3WTH
P58154,3WTI
P58154,3WTJ
P58154,3WTK
P58154,3WTL
P58154,3WTM
P58154,3WTN
P58154,3WTO
P58154,3ZDG
P58154,3ZDH
P58154,4ALX
P58154,4HQP
P58154,4NZB
P58154,4QAA
P58154,4QAB
P58154,4QAC
P58154,4UM1
P58154,4UM3
P58154,4ZJT
P58154,4ZK1
P58154,4ZR6
P58154,4ZRU
P58154,5BP0
P58154,5J5F
P58154,5J5G
P58154,5J5H
P58154,5J5I
P58154,5T90
P58154,5Y2Q
P58154,7DJI
P58154,7N0W
P58154,7N0Y
P58154,7N43
P58154,7NDP
P58154,7NDV
P58154,7PD6
P58154,7PDB
P58154,7PDR
P58154,7PE5
P58154,7PE6
P58154,8P11
P58154,8P1E
P58154,8P1F
P58154,8P22
P58154,8XSW
P58154,9SG3
P58242,5KAR
P58242,5KAS
P58328,1SN4
P58335,1SHT
P58335,1SHU
P58335,1T6B
P58335,1TZN
P58335,7N1O
P58335,8FT6
P58335,8FT8
P58335,8FZ4
P58335,8FZU
P58335,8FZV
P58335,9DOC
P58353,4YB9
P58399,2OK9
P58399,3QNL
P58399,4YU7
P58399,4YZ7
P58399,8DND
P58464,1GMZ
P58488,1CHZ
P58753,2NDH
P58753,2Y92
P58753,3UB2
P58753,3UB3
P58753,3UB4
P58753,4FZ5
P58753,4LQD
P58753,5T7Q
P58753,5UZB
P58753,8JZM
P58753,9FQM
P58775,8ZBM
P58786,1DG0
P58786,1QFB
P58787,1DFY
P58787,1DFZ
P58808,2EW4
P58808,2J15
P58811,1IEN
P58811,2LR9
P58924,9EBE
P59044,6NCV
P59044,6NDJ
P59046,2L6A
P59046,4XHS
P59046,5H7N
P59071,1CL5
P59071,1FB2
P59071,1FV0
P59071,1JQ8
P59071,1JQ9
P59071,1KPM
P59071,1OXL
P59071,1OYF
P59071,1Q6V
P59071,1Q7A
P59071,1SKG
P59071,1SQZ
P59071,1SV3
P59071,1SV9
P59071,1SXK
P59071,1TDV
P59071,1TG1
P59071,1TG4
P59071,1TGM
P59071,1TH6
P59071,1TJ9
P59071,1TJK
P59071,1TK4
P59071,1TP2
P59071,1Y38
P59071,1ZR8
P59071,1ZWP
P59071,1ZYX
P59071,2ARM
P59071,2B17
P59071,2DO2
P59071,2DPZ
P59071,2FNX
P59071,2G58
P59071,2GNS
P59071,2O1N
P59071,2OLI
P59071,2OTF
P59071,2OTH
P59071,2OUB
P59071,2OYF
P59071,2PB8
P59071,2PMJ
P59071,2PVT
P59071,2PWS
P59071,2PYC
P59071,2Q1P
P59071,2QHW
P59071,2QU9
P59071,2QUE
P59071,2QVD
P59071,2ZBH
P59071,3CBI
P59071,3FO7
P59071,3G8F
P59071,3H1X
P59071,4EIX
P59071,4FGA
P59071,4GFY
P59071,4GLD
P59071,4HMB
P59071,4QEM
P59071,4QER
P59071,4QF7
P59071,4QF8
P59071,4QGD
P59071,4QMC
P59071,5VET
P59169,4PL6
P59169,4PLI
P59169,4PLL
P59169,7UX9
P59169,8XAG
P59220,4AQR
P59220,5A2H
P59276,1JE9
P59540,7XP4
P59540,7XP5
P59540,7XP6
P59672,5ZRY
P59823,4YH6
P59823,4YH7
P59823,5Y32
P59936,1C55
P59936,1C56
P59936,1WT7
P59938,6AU7
P59938,6AUP
P59997,4QWN
P59997,4QX7
P59997,4QX8
P59997,4QXB
P59997,4QXC
P59997,4QXH
P59997,4TN7
P59997,7UVA
P60022,1E4S
P60022,1IJU
P60022,1IJV
P60022,1KJ5
P60022,2NLB
P60022,2NLC
P60022,2NLD
P60022,2NLE
P60022,2NLF
P60022,2NLG
P60022,2NLH
P60022,2NLP
P60022,2NLQ
P60022,2NLS
P60022,2PLZ
P60033,1G8Q
P60033,1IV5
P60033,3X0E
P60033,5DFV
P60033,5DFW
P60033,5M2C
P60033,5M33
P60033,5M3D
P60033,5M3T
P60033,5M4R
P60033,5TCX
P60033,6EJG
P60033,6EJM
P60033,6EK2
P60033,6U9S
P60033,7JIC
P60058,2WWB
P60058,3JC2
P60058,4CG5
P60058,4CG6
P60058,4CG7
P60058,5A6U
P60058,6R7Q
P60058,6Z3T
P60058,7TM3
P60058,7TUT
P60058,8BTK
P60201,2XPG
P60211,2JP6
P60272,1KQH
P60272,1KQI
P60274,1MTQ
P60274,5UG3
P60274,5UG5
P60468,8OJ0
P60468,8OJ8
P60469,6KIP
P60469,6KR4
P60484,1D5R
P60484,4O1V
P60484,5BUG
P60484,5BZX
P60484,5BZZ
P60484,7JTX
P60484,7JUK
P60484,7JUL
P60484,7JVX
P60484,7PC7
P60484,8X3S
P60514,1LMM
P60514,2KNI
P60517,1KJT
P60590,1KOZ
P60709,3BYH
P60709,3LUE
P60709,6ANU
P60709,6ICT
P60709,6ICV
P60709,6LTJ
P60709,6MBJ
P60709,6MBK
P60709,6MBL
P60709,6NBW
P60709,6OX0
P60709,6OX1
P60709,6OX2
P60709,6OX3
P60709,6OX4
P60709,6OX5
P60709,6V62
P60709,6V63
P60709,6WK1
P60709,6WK2
P60709,7P1H
P60709,7VDV
P60709,7W28
P60709,7W29
P60709,7Y8R
P60709,7ZTC
P60709,7ZTD
P60709,8COG
P60709,8DNH
P60709,8OI8
P60709,8OID
P60709,8QR1
P60709,8RTT
P60709,8RTY
P60709,8UAU
P60709,8X15
P60709,8X19
P60709,8X1C
P60709,8XVG
P60709,8XVT
P60709,9B2Z
P60709,9C57
P60709,9C62
P60709,9C6N
P60709,9FJM
P60766,3EG5
P60766,5C2J
P60881,6MDO
P60881,6MDP
P60881,9OJR
P60881,9OJU
P60904,2CTW
P60953,1A4R
P60953,1AJE
P60953,1AM4
P60953,1AN0
P60953,1CEE
P60953,1DOA
P60953,1E0A
P60953,1EES
P60953,1GRN
P60953,1GZS
P60953,1KI1
P60953,1NF3
P60953,2ASE
P60953,2DFK
P60953,2KB0
P60953,2NGR
P60953,2ODB
P60953,2QRZ
P60953,2WM9
P60953,2WMN
P60953,2WMO
P60953,3GCG
P60953,3QBV
P60953,3VHL
P60953,4DID
P60953,4ITR
P60953,4JS0
P60953,4YC7
P60953,5CJP
P60953,5FI1
P60953,5HZK
P60953,5UPK
P60953,5UPL
P60953,6AJ4
P60953,6AJL
P60953,6SIU
P60953,6SUP
P60953,6TKY
P60953,6TKZ
P60953,7S0Y
P60953,8I5F
P61006,3QBT
P61006,3TNF
P61006,4LHV
P61006,4LHW
P61006,4LHX
P61006,4LHY
P61006,4LHZ
P61006,4LI0
P61006,5SZI
P61006,6RIR
P61006,6SQ2
P61006,6STF
P61006,6STG
P61006,6WHE
P61006,6YX5
P61006,6ZSI
P61006,6ZSJ
P61006,7BWT
P61006,7LWB
P61006,9IKQ
P61011,1QB2
P61011,5L3Q
P61011,6Y2Z
P61011,6Y30
P61011,6Y31
P61011,6Y32
P61014,3O7L
P61019,1Z0A
P61020,2HEI
P61023,2CT9
P61026,5LPN
P61026,5SZJ
P61026,9G0C
P61026,9G0D
P61073,2K03
P61073,2K04
P61073,2K05
P61073,2N55
P61073,3ODU
P61073,3OE0
P61073,3OE6
P61073,3OE8
P61073,3OE9
P61073,4RWS
P61073,8GP3
P61073,8I0Q
P61073,8U4R
P61073,8U4S
P61073,8U4T
P61073,8YU7
P61073,8ZPL
P61073,8ZPM
P61073,8ZPN
P61073,9MDU
P61073,9ME1
P61073,9MEJ
P61073,9MEN
P61073,9MET
P61073,9MEU
P61076,4B1B
P61076,4J56
P61076,4J57
P61077,1X23
P61077,3L1Z
P61077,3RPG
P61077,4R8P
P61077,4S3O
P61077,5EGG
P61077,6CP0
P61077,7JZV
P61077,7LYB
P61077,8GRQ
P61077,8SMW
P61077,8SMX
P61077,8SMY
P61077,8SMZ
P61077,8SN0
P61077,8SN1
P61077,8SN2
P61077,8U14
P61077,8UPF
P61077,8UQ8
P61077,8UQ9
P61077,8UQA
P61077,8UQB
P61077,8UQC
P61077,8UQD
P61077,8UQE
P61077,8X7I
P61077,8X7J
P61077,8X7K
P61077,9IPU
P61088,1J7D
P61088,2C2V
P61088,3HCT
P61088,3HCU
P61088,3VON
P61088,3W31
P61088,4DHI
P61088,4IP3
P61088,4NR3
P61088,4NRG
P61088,4NRI
P61088,4ONL
P61088,4ONM
P61088,4ONN
P61088,4TKP
P61088,5YWR
P61088,6D6I
P61088,6JKY
P61088,6KFP
P61088,6KG6
P61088,6KL4
P61088,9BIV
P61088,9LHJ
P61095,2MF3
P61106,1Z0F
P61106,4D0G
P61106,4DRZ
P61149,2J3P
P61149,2UUS
P61165,6S7T
P61201,4D10
P61201,4D18
P61201,4WSN
P61201,6A73
P61201,6R6H
P61201,6R7F
P61201,6R7H
P61201,6R7I
P61201,6R7N
P61201,8H38
P61201,8H3A
P61201,8H3F
P61204,6II6
P61204,8P50
P61212,1R4A
P61224,3BRW
P61224,3CF6
P61224,4DXA
P61224,4HDO
P61224,4HDQ
P61224,4M8N
P61224,4MGI
P61224,4MGK
P61224,4MGY
P61224,4MGZ
P61224,4MH0
P61224,5KHO
P61224,6AXF
P61224,6BA6
P61224,6KYK
P61224,6OQ3
P61224,6OQ4
P61224,6UZK
P61224,7C7I
P61224,7C7J
P61224,8SU8
P61224,8T09
P61224,8T7V
P61225,1N4P
P61225,1N4Q
P61225,1N4R
P61247,6YBD
P61247,8RG0
P61289,7YQC
P61289,7YQD
P61326,1P27
P61459,1DCH
P61459,1DCO
P61459,1DCP
P61459,1F93
P61459,3HXA
P61588,1GWN
P61599,6VP9
P61619,6W6L
P61619,8DNV
P61619,8DNW
P61619,8DNX
P61619,8DNY
P61619,8DNZ
P61619,8DO0
P61619,8DO1
P61619,8DO2
P61619,8DO3
P61619,9D6L
P61764,6L03
P61769,1C16
P61769,1CE6
P61769,1JNJ
P61769,1LDS
P61769,1PY4
P61769,1QLF
P61769,1R3H
P61769,1VGK
P61769,1YPZ
P61769,1ZS8
P61769,1ZVS
P61769,2CII
P61769,2D4D
P61769,2D4F
P61769,2E8D
P61769,2F74
P61769,2F8O
P61769,2FYY
P61769,2FZ3
P61769,2HJK
P61769,2VB5
P61769,2X89
P61769,2XKS
P61769,2XKU
P61769,2YXF
P61769,2Z9T
P61769,3BVN
P61769,3BXN
P61769,3CIQ
P61769,3DBX
P61769,3DHJ
P61769,3DHM
P61769,3EKC
P61769,3HG1
P61769,3IB4
P61769,3JTS
P61769,3LOW
P61769,3LOZ
P61769,3MYZ
P61769,3MZT
P61769,3NA4
P61769,3OX8
P61769,3OXR
P61769,3OXS
P61769,3QDA
P61769,3RWJ
P61769,3S6C
P61769,3TID
P61769,3TIE
P61769,3TLR
P61769,3TM6
P61769,3VFM
P61769,3VFN
P61769,3VFO
P61769,3VFP
P61769,3VFR
P61769,4E0K
P61769,4E0L
P61769,4FXL
P61769,4JRX
P61769,4JRY
P61769,4KDT
P61769,4M8V
P61769,4PRA
P61769,4PRB
P61769,4PRD
P61769,4PRE
P61769,4PRH
P61769,4PRI
P61769,4PRP
P61769,4R9H
P61769,4RA3
P61769,4RAH
P61769,4RMQ
P61769,4RMR
P61769,4RMS
P61769,4RMT
P61769,4RMU
P61769,4RMV
P61769,4RMW
P61769,4WC8
P61769,4WDI
P61769,4X0S
P61769,4Z76
P61769,4Z77
P61769,4Z78
P61769,5CFH
P61769,5CKA
P61769,5CKG
P61769,5CS7
P61769,5CSB
P61769,5CSG
P61769,5F1I
P61769,5GR7
P61769,5GSB
P61769,5GSR
P61769,5GSV
P61769,5GSX
P61769,5NQ1
P61769,5NQ3
P61769,5OPI
P61769,5TRZ
P61769,5TS1
P61769,5VVP
P61769,6GK3
P61769,6IEX
P61769,6J1V
P61769,6J2E
P61769,6J2G
P61769,6J2H
P61769,6J2I
P61769,6J2J
P61769,6JTN
P61769,6JTP
P61769,6K7T
P61769,6M1B
P61769,6M24
P61769,6M2J
P61769,6M2K
P61769,6NPR
P61769,6O4Y
P61769,6O4Z
P61769,6O51
P61769,6O53
P61769,6TDO
P61769,6TDP
P61769,6TDQ
P61769,6TDR
P61769,6TDS
P61769,6TMO
P61769,6TRN
P61769,6TRO
P61769,6ULI
P61769,6ULK
P61769,6ULN
P61769,6ULR
P61769,6UON
P61769,6UZ1
P61769,6UZM
P61769,6UZN
P61769,6UZO
P61769,6UZP
P61769,6UZQ
P61769,6UZS
P61769,6V2Q
P61769,6V3J
P61769,6VB0
P61769,6VB1
P61769,6VB2
P61769,6VB3
P61769,6VB4
P61769,6VB5
P61769,6VB6
P61769,6VB7
P61769,6VIU
P61769,6VM7
P61769,6VM8
P61769,6VM9
P61769,6VMA
P61769,6VMC
P61769,6VPZ
P61769,6VQ2
P61769,6VQD
P61769,6VQE
P61769,6VQY
P61769,6VQZ
P61769,6WZY
P61769,6X00
P61769,6XQA
P61769,6Y26
P61769,6Y27
P61769,6Y28
P61769,6Y29
P61769,6Y2A
P61769,6Y2B
P61769,6Z9V
P61769,6Z9X
P61769,7AFV
P61769,7ALO
P61769,7CIQ
P61769,7CIR
P61769,7CIS
P61769,7DUU
P61769,7DYN
P61769,7DZM
P61769,7DZN
P61769,7EDO
P61769,7EJL
P61769,7EJM
P61769,7EJN
P61769,7EU2
P61769,7F4W
P61769,7JWI
P61769,7JYU
P61769,7JYV
P61769,7JYW
P61769,7JYX
P61769,7K80
P61769,7K81
P61769,7KGO
P61769,7KGP
P61769,7KGQ
P61769,7KGR
P61769,7KGS
P61769,7KGT
P61769,7LG2
P61769,7LG3
P61769,7M8S
P61769,7M8T
P61769,7M8U
P61769,7MJ6
P61769,7MJ7
P61769,7MJ8
P61769,7MJ9
P61769,7MJA
P61769,7MKB
P61769,7MX4
P61769,7MXF
P61769,7MXH
P61769,7N1A
P61769,7N1B
P61769,7N1E
P61769,7N1F
P61769,7N2N
P61769,7N2O
P61769,7N2P
P61769,7N2Q
P61769,7N2R
P61769,7N2S
P61769,7N4K
P61769,7N5C
P61769,7N5P
P61769,7N5Q
P61769,7N6D
P61769,7N6E
P61769,7N9J
P61769,7NA5
P61769,7NMC
P61769,7NMD
P61769,7NME
P61769,7NMF
P61769,7NMG
P61769,7NMO
P61769,7NMR
P61769,7NMT
P61769,7NMV
P61769,7NMY
P61769,7NN5
P61769,7NUI
P61769,7OW3
P61769,7OW4
P61769,7OW5
P61769,7OW6
P61769,7P3D
P61769,7P3E
P61769,7PB2
P61769,7PBC
P61769,7PBE
P61769,7PDW
P61769,7Q9B
P61769,7QPJ
P61769,7R7V
P61769,7R7W
P61769,7R7X
P61769,7R7Y
P61769,7R80
P61769,7RE7
P61769,7RE8
P61769,7RTD
P61769,7RTR
P61769,7S8Q
P61769,7S8R
P61769,7S8S
P61769,7SA2
P61769,7SIF
P61769,7SIG
P61769,7SIH
P61769,7SIS
P61769,7SU9
P61769,7T0L
P61769,7T5M
P61769,7TLT
P61769,7TR4
P61769,7TUC
P61769,7TUD
P61769,7TUE
P61769,7U1R
P61769,7UM2
P61769,7UR1
P61769,7WJ2
P61769,7WJ3
P61769,7WKJ
P61769,7WT3
P61769,7WT4
P61769,7WT5
P61769,7X00
P61769,7X1C
P61769,7XF3
P61769,7YG3
P61769,7ZUC
P61769,8A7O
P61769,8A7P
P61769,8A7Q
P61769,8A7T
P61769,8CX4
P61769,8DNT
P61769,8E13
P61769,8E2Z
P61769,8E8I
P61769,8EB2
P61769,8EC5
P61769,8EK5
P61769,8ELG
P61769,8ELH
P61769,8EMF
P61769,8EMG
P61769,8EMI
P61769,8EMJ
P61769,8EMK
P61769,8EN8
P61769,8ENH
P61769,8EO8
P61769,8ERX
P61769,8ESA
P61769,8ESH
P61769,8F5A
P61769,8F7M
P61769,8FJA
P61769,8FJB
P61769,8FRT
P61769,8FU4
P61769,8GOM
P61769,8GON
P61769,8GVB
P61769,8GVG
P61769,8GVI
P61769,8HN4
P61769,8I5C
P61769,8I5D
P61769,8I5E
P61769,8RBU
P61769,8RBV
P61769,8RCV
P61769,8REF
P61769,8RH6
P61769,8RHQ
P61769,8RJ5
P61769,8RJH
P61769,8RJI
P61769,8RNE
P61769,8RNF
P61769,8RNG
P61769,8RNH
P61769,8ROO
P61769,8ROP
P61769,8RYN
P61769,8RYQ
P61769,8SHI
P61769,8T6M
P61769,8T7R
P61769,8TBV
P61769,8TBW
P61769,8TNJ
P61769,8TQ5
P61769,8TQ6
P61769,8U9G
P61769,8V4Z
P61769,8V50
P61769,8V51
P61769,8VRB
P61769,8WTE
P61769,8WUL
P61769,8XES
P61769,8XFZ
P61769,8XG2
P61769,8XKC
P61769,8XKE
P61769,8YE4
P61769,8YIV
P61769,8YJ2
P61769,8YZR
P61769,8YZW
P61769,8YZZ
P61769,8Z05
P61769,8Z06
P61769,8Z07
P61769,8Z08
P61769,8ZV9
P61769,9BL5
P61769,9BL6
P61769,9BL9
P61769,9BLA
P61769,9GV6
P61769,9GV7
P61769,9L47
P61769,9L48
P61769,9L49
P61769,9L4A
P61872,1TIC
P61898,4EC7
P61960,1WXS
P61960,5HKH
P61960,5IA7
P61960,5IA8
P61960,5IAA
P61960,5L95
P61960,6H77
P61960,7W3N
P61960,8BZR
P61961,1J0G
P61966,4P6Z
P61970,1GY5
P61972,1AR0
P61972,1ASK
P61972,1GY6
P61972,1JB2
P61972,1JB4
P61972,1JB5
P61972,1OUN
P61972,1QMA
P61972,1U5O
P61972,5BXQ
P61978,1J5K
P61978,1KHM
P61978,1ZZI
P61978,1ZZJ
P61978,1ZZK
P61978,7CRE
P61978,7RJK
P61978,7RJO
P62022,2QOG
P62070,2ERY
P62070,9B4Q
P62070,9B4S
P62072,2BSK
P62072,7CGP
P62136,3E7A
P62136,3E7B
P62136,3HVQ
P62136,3N5U
P62136,3V4Y
P62136,4G9J
P62136,4MOV
P62136,4MOY
P62136,4MP0
P62136,5IOH
P62136,6ALZ
P62136,6CZO
P62136,6DCX
P62136,6DNO
P62136,6G0I
P62136,6G0J
P62136,6GHM
P62136,6OBN
P62136,6OBP
P62136,6OBQ
P62136,6OBR
P62136,6OBS
P62136,6OBU
P62136,6ZEE
P62136,6ZEF
P62136,6ZEG
P62136,6ZEH
P62136,6ZEI
P62136,6ZEJ
P62136,6ZK6
P62136,7QFB
P62136,7QM2
P62136,7T0Y
P62136,7TVF
P62136,7TXH
P62136,7UPI
P62136,8DWK
P62136,8DWL
P62136,8SW5
P62136,8SW6
P62136,8U5G
P62136,9NB9
P62152,1MXE
P62152,4CLN
P62152,4PJJ
P62152,7CQH
P62152,8ZLW
P62166,1G8I
P62166,2LCP
P62166,4GUK
P62166,6QI4
P62166,8AHY
P62166,8ALH
P62166,8ALM
P62168,4OV2
P62168,4YRU
P62168,5AEQ
P62168,5AFP
P62241,6G4S
P62241,6G4W
P62241,6YBW
P62241,6ZOK
P62258,2BR9
P62258,3UAL
P62258,3UBW
P62258,6EIH
P62258,7C8E
P62258,8DGM
P62258,8DGN
P62258,8DGP
P62258,8Q1S
P62266,4CXG
P62266,4CXH
P62304,4F7U
P62304,4V98
P62304,5XJL
P62304,5XJQ
P62304,5XJR
P62304,5XJS
P62304,5XJT
P62304,5XJU
P62304,8QXD
P62304,9QEQ
P62314,1B34
P62328,3TU5
P62328,4PL7
P62328,4PL8
P62330,1E0S
P62330,2A5D
P62330,2A5F
P62330,2A5G
P62330,2BAO
P62330,2BAU
P62330,2J5X
P62330,2W83
P62330,3LVQ
P62330,3LVR
P62330,3N5C
P62330,3PCR
P62330,4FME
P62330,4KAX
P62330,7XRD
P62331,3VHX
P62424,6ZVK
P62424,7A01
P62424,7ZJW
P62424,7ZJX
P62483,1EXB
P62483,1QRQ
P62483,2A79
P62483,2R9R
P62483,3EAU
P62483,3EB3
P62483,3EB4
P62483,3LNM
P62483,3LUT
P62483,4JTA
P62483,4JTC
P62483,4JTD
P62483,5WIE
P62483,6CI1
P62483,6EBK
P62483,6EBL
P62483,7SIT
P62483,7SIZ
P62491,1OIV
P62491,1OIW
P62491,1OIX
P62491,1YZK
P62491,4LWZ
P62491,4LX0
P62491,4UJ5
P62491,5EZ5
P62491,5JCZ
P62491,6IY1
P62495,1DT9
P62495,2HST
P62495,2KTU
P62495,2KTV
P62495,2LGT
P62495,2LLX
P62495,2MQ6
P62495,2MQ9
P62495,3E1Y
P62495,3J5Y
P62495,3JAG
P62495,3JAH
P62495,3JAI
P62495,4D5N
P62495,4D61
P62495,5LZT
P62495,5LZU
P62495,5LZV
P62495,6D90
P62495,8SCB
P62694,1AZ6
P62694,1AZH
P62694,1AZJ
P62694,1AZK
P62694,1CBH
P62694,1CEL
P62694,1DY4
P62694,1EGN
P62694,1Q2B
P62694,1Q2E
P62694,2CBH
P62694,2CEL
P62694,2MWJ
P62694,2MWK
P62694,2V3I
P62694,2V3R
P62694,3CEL
P62694,4C4C
P62694,4C4D
P62694,4CEL
P62694,4D5I
P62694,4D5J
P62694,4D5O
P62694,4D5P
P62694,4D5Q
P62694,4D5V
P62694,4P1H
P62694,4P1J
P62694,4UWT
P62694,4V0Z
P62694,5CEL
P62694,5OA5
P62694,5X34
P62694,5X35
P62694,5X36
P62694,5X37
P62694,5X38
P62694,5X39
P62694,5X3C
P62694,6CEL
P62694,6GRN
P62694,7CEL
P62694,7NYT
P62694,7OC8
P62694,7YHF
P62694,7YHG
P62694,7YHH
P62694,7YHI
P62812,5OSA
P62812,5OSB
P62812,5OSC
P62815,6VQ6
P62815,6VQ7
P62815,6VQ8
P62815,6VQ9
P62815,6VQA
P62815,6VQB
P62815,7UZF
P62815,7UZG
P62815,7UZH
P62815,7UZI
P62815,7UZJ
P62815,7UZK
P62815,9B8P
P62815,9BRB
P62815,9BRC
P62815,9BRD
P62820,2FOL
P62820,2WWX
P62820,3L0I
P62820,3SFV
P62820,3TKL
P62820,4FMB
P62820,4FMC
P62820,4FMD
P62820,4IRU
P62820,4JVS
P62820,7EQ2
P62826,1IBR
P62826,1K5D
P62826,1K5G
P62826,1QBK
P62826,1RRP
P62826,2MMC
P62826,2MMG
P62826,2N1B
P62826,3CH5
P62826,3EA5
P62826,3GJ0
P62826,3GJ3
P62826,3GJ4
P62826,3GJ5
P62826,3GJ6
P62826,3GJ7
P62826,3GJ8
P62826,3NC1
P62826,3ZJY
P62826,4C0Q
P62826,4OL0
P62826,4WVF
P62826,5CIQ
P62826,5CIT
P62826,5CIW
P62826,5CJ2
P62826,5CLL
P62826,5CLQ
P62826,5FYQ
P62826,6Q82
P62826,6TVO
P62826,7B51
P62826,7MNP
P62826,7MNQ
P62826,7MNR
P62826,7MNS
P62826,7MNT
P62826,7MNU
P62826,7MNV
P62826,7MNW
P62826,7MNX
P62826,7MNY
P62826,7MNZ
P62826,7MO1
P62826,7MO2
P62826,7MO3
P62826,7MO4
P62826,7MO5
P62826,8URJ
P62834,1C1Y
P62834,1GUA
P62834,3KUC
P62877,1LDJ
P62877,1LDK
P62877,1U6G
P62877,2HYE
P62877,2LGV
P62877,3DPL
P62877,3DQV
P62877,3RTR
P62877,4F52
P62877,4P5O
P62877,5N4W
P62877,7B5S
P62877,7OKQ
P62877,7Z8B
P62877,7Z8R
P62877,7Z8T
P62877,7Z8V
P62877,7ZBW
P62877,7ZBZ
P62877,8CDJ
P62877,8CDK
P62877,8GQ6
P62877,8H33
P62877,8H34
P62877,8H35
P62877,8H36
P62877,8H37
P62877,8H3Q
P62877,8H3R
P62877,8IJ1
P62877,8JE1
P62877,8K9I
P62877,8KHP
P62877,8OR0
P62877,8OR2
P62877,8OR3
P62877,8OR4
P62877,8Q7E
P62877,8Q7H
P62877,8QU8
P62877,8RHZ
P62877,8RWZ
P62877,8UBU
P62877,8WDK
P62877,8WQA
P62877,8WQB
P62877,8WQC
P62877,8WQG
P62877,8WQH
P62877,9JKB
P62877,9KBD
P62888,3VI6
P62908,7CPU
P62908,7CPV
P62908,7LS1
P62908,7LS2
P62913,4XXB
P62917,4CCM
P62917,4CCN
P62917,4CCO
P62917,4Y3O
P62937,1AK4
P62937,1AWQ
P62937,1AWR
P62937,1AWS
P62937,1AWT
P62937,1AWU
P62937,1AWV
P62937,1BCK
P62937,1CWA
P62937,1CWB
P62937,1CWC
P62937,1CWF
P62937,1CWH
P62937,1CWI
P62937,1CWJ
P62937,1CWK
P62937,1CWL
P62937,1CWM
P62937,1CWO
P62937,1FGL
P62937,1M9C
P62937,1M9D
P62937,1M9E
P62937,1M9F
P62937,1M9X
P62937,1M9Y
P62937,1MIK
P62937,1NMK
P62937,1OCA
P62937,1RMH
P62937,1VBS
P62937,1VBT
P62937,1W8L
P62937,1W8M
P62937,1W8V
P62937,1YND
P62937,1ZKF
P62937,2ALF
P62937,2CPL
P62937,2CYH
P62937,2MS4
P62937,2MZU
P62937,2N0T
P62937,2RMA
P62937,2RMB
P62937,2X25
P62937,2X2A
P62937,2X2C
P62937,2X2D
P62937,2XGY
P62937,3CYH
P62937,3CYS
P62937,3K0M
P62937,3K0N
P62937,3K0O
P62937,3K0P
P62937,3K0Q
P62937,3K0R
P62937,3ODI
P62937,3ODL
P62937,3RDD
P62937,4CYH
P62937,4IPZ
P62937,4N1M
P62937,4N1N
P62937,4N1O
P62937,4N1P
P62937,4N1Q
P62937,4N1R
P62937,4N1S
P62937,4YUG
P62937,4YUH
P62937,4YUI
P62937,4YUJ
P62937,4YUK
P62937,4YUL
P62937,4YUM
P62937,4YUN
P62937,4YUO
P62937,4YUP
P62937,5CYH
P62937,5F66
P62937,5FJB
P62937,5KUL
P62937,5KUN
P62937,5KUO
P62937,5KUQ
P62937,5KUR
P62937,5KUS
P62937,5KUU
P62937,5KUV
P62937,5KUW
P62937,5KUZ
P62937,5KV0
P62937,5KV1
P62937,5KV2
P62937,5KV3
P62937,5KV4
P62937,5KV5
P62937,5KV6
P62937,5KV7
P62937,5LUD
P62937,5NOQ
P62937,5NOR
P62937,5NOS
P62937,5NOT
P62937,5NOU
P62937,5NOV
P62937,5NOW
P62937,5NOX
P62937,5NOY
P62937,5NOZ
P62937,5T9U
P62937,5T9W
P62937,5T9Z
P62937,5TA2
P62937,5TA4
P62937,5WC7
P62937,6BTA
P62937,6GJI
P62937,6GJJ
P62937,6GJL
P62937,6GJM
P62937,6GJN
P62937,6GJP
P62937,6GJR
P62937,6GJY
P62937,6GS6
P62937,6U5C
P62937,6U5D
P62937,6U5E
P62937,6U5G
P62937,6X3R
P62937,6X3Y
P62937,6X4M
P62937,6X4N
P62937,6X4O
P62937,6X4P
P62937,6X4Q
P62937,6Y9V
P62937,6Y9W
P62937,6Y9X
P62937,6Y9Y
P62937,6Y9Z
P62937,6ZDJ
P62937,7ABT
P62937,7N9X
P62937,7PCJ
P62937,7QBW
P62937,7TA8
P62937,7UPN
P62937,7UXJ
P62937,7UXM
P62937,7UXN
P62937,8G9P
P62937,8G9Q
P62937,8HZ8
P62937,8TBF
P62937,8TBG
P62937,8TBH
P62937,8TBI
P62937,8TBJ
P62937,8TBK
P62937,8TBL
P62937,8TBM
P62937,8TBN
P62937,9AX6
P62937,9BFV
P62937,9BFW
P62937,9BFX
P62937,9BFY
P62937,9BFZ
P62937,9BG0
P62937,9BG1
P62937,9BG2
P62937,9BG3
P62937,9BG4
P62937,9BG5
P62937,9BG6
P62937,9BG7
P62937,9BG8
P62937,9BG9
P62937,9BGA
P62937,9BGB
P62937,9BGC
P62937,9BGD
P62937,9BHO
P62937,9BHP
P62937,9BHQ
P62937,9BI1
P62937,9BI2
P62937,9GHY
P62942,1A7X
P62942,1B6C
P62942,1BKF
P62942,1BL4
P62942,1D6O
P62942,1D7H
P62942,1D7I
P62942,1D7J
P62942,1EYM
P62942,1F40
P62942,1FAP
P62942,1FKB
P62942,1FKD
P62942,1FKF
P62942,1FKG
P62942,1FKH
P62942,1FKI
P62942,1FKJ
P62942,1FKR
P62942,1FKS
P62942,1FKT
P62942,1J4H
P62942,1J4I
P62942,1J4R
P62942,1NSG
P62942,1QPF
P62942,1QPL
P62942,2DG3
P62942,2DG4
P62942,2DG9
P62942,2FAP
P62942,2FKE
P62942,2ND5
P62942,2PPN
P62942,2PPO
P62942,2PPP
P62942,2RSE
P62942,3FAP
P62942,3H9R
P62942,3MDY
P62942,4DH0
P62942,4FAP
P62942,4IPX
P62942,4N19
P62942,4ODP
P62942,4ODQ
P62942,4ODR
P62942,5I7P
P62942,5I7Q
P62942,6I1S
P62942,6M4U
P62942,6OQA
P62942,6VCU
P62942,6YF0
P62942,6YF1
P62942,6YF2
P62942,6YF3
P62942,7EPD
P62942,7U0T
P62942,7U8D
P62942,8CHI
P62942,8CHJ
P62942,8CHK
P62942,8CHL
P62942,8CHM
P62942,8ER6
P62942,8ER7
P62942,8ERA
P62942,8JCU
P62942,8JCV
P62942,8JCW
P62942,8JCX
P62942,8JCY
P62942,8JCZ
P62942,8JD0
P62942,8JD1
P62942,8JD2
P62942,8JD4
P62942,8JGA
P62942,8PDF
P62942,8POD
P62942,8PPZ
P62942,8X6P
P62942,8XI9
P62942,9CHU
P62942,9CHV
P62942,9CHX
P62942,9CO5
P62942,9DCW
P62942,9LYG
P62943,3J8H
P62943,5GKY
P62943,5GKZ
P62943,5GL0
P62943,5GL1
P62943,7TZC
P62943,9E17
P62943,9E18
P62943,9E19
P62943,9E1A
P62943,9E1B
P62943,9E1C
P62943,9E1D
P62943,9E1E
P62943,9E1F
P62943,9E1G
P62943,9E1H
P62943,9E1I
P62993,1AZE
P62993,1BM2
P62993,1BMB
P62993,1CJ1
P62993,1FHS
P62993,1FYR
P62993,1GCQ
P62993,1GFC
P62993,1GFD
P62993,1GHU
P62993,1GRI
P62993,1IO6
P62993,1JYQ
P62993,1JYR
P62993,1JYU
P62993,1TZE
P62993,1X0N
P62993,1ZFP
P62993,2AOA
P62993,2AOB
P62993,2H46
P62993,2H5K
P62993,2HUW
P62993,2VVK
P62993,2VWF
P62993,2W0Z
P62993,3C7I
P62993,3IMD
P62993,3IMJ
P62993,3IN7
P62993,3IN8
P62993,3KFJ
P62993,3N7Y
P62993,3N84
P62993,3N8M
P62993,3OV1
P62993,3OVE
P62993,3S8L
P62993,3S8N
P62993,3S8O
P62993,4P9V
P62993,4P9Z
P62993,5CDW
P62993,6ICG
P62993,6ICH
P62993,6SDF
P62993,6VK2
P62993,6WM1
P62993,6WO2
P62993,7MPH
P62993,8DGO
P63000,1E96
P63000,1G4U
P63000,1HE1
P63000,1HH4
P63000,1I4D
P63000,1I4L
P63000,1I4T
P63000,1MH1
P63000,1RYF
P63000,1RYH
P63000,2FJU
P63000,2H7V
P63000,2NZ8
P63000,2P2L
P63000,2VRW
P63000,2WKP
P63000,2WKQ
P63000,2WKR
P63000,3BJI
P63000,3RYT
P63000,3SBD
P63000,3SBE
P63000,3SU8
P63000,3SUA
P63000,3TH5
P63000,4GZL
P63000,4GZM
P63000,4YON
P63000,5FI0
P63000,5HZH
P63000,5N6O
P63000,5O33
P63000,5QQD
P63000,5QQE
P63000,5QQF
P63000,5QQG
P63000,5QQH
P63000,5QQI
P63000,5QQJ
P63000,5QQK
P63000,5QQL
P63000,5QQM
P63000,5QQN
P63000,5QU9
P63000,6AGP
P63000,6BC1
P63000,6X1G
P63000,7AJK
P63000,7DPA
P63000,7SJ4
P63000,7USD
P63000,7USE
P63000,8I5V
P63000,8I5W
P63000,8Q0N
P63000,8S1N
P63000,8S1O
P63000,8ZJ2
P63000,8ZJI
P63000,8ZJJ
P63000,8ZJK
P63000,8ZJL
P63000,8ZJM
P63010,1E42
P63010,2G30
P63010,2IV8
P63010,2VGL
P63010,2XA7
P63010,4UQI
P63010,5M5R
P63010,6QH5
P63010,6QH6
P63010,6QH7
P63010,6URI
P63010,6YAE
P63010,6YAF
P63010,6YAH
P63010,6YAI
P63010,7OG1
P63010,7OHO
P63010,7OM8
P63010,7Z5C
P63012,3RAB
P63019,1PE4
P63027,3FIE
P63027,3FII
P63027,9CKX
P63034,1U27
P63034,1U29
P63045,2KOG
P63073,1EJ1
P63073,1EJ4
P63073,1EJH
P63073,1L8B
P63073,5BXV
P63073,5J5O
P63073,5J5Y
P63073,5M7V
P63073,5M7W
P63073,5M7X
P63073,5M7Z
P63073,5M80
P63073,5M81
P63073,5M83
P63073,5M84
P63073,5OSX
P63073,6GKJ
P63073,6GKK
P63073,6GKL
P63073,6U06
P63073,6U09
P63073,6YLR
P63073,6YLT
P63073,6YLV
P63086,1GOL
P63086,2ERK
P63086,2FYS
P63086,2Z7L
P63086,3C9W
P63086,3ERK
P63086,3QYW
P63086,3QYZ
P63086,3R63
P63086,3ZU7
P63086,3ZUV
P63086,4ERK
P63086,4GSB
P63086,4GT3
P63086,4GVA
P63086,4I5H
P63086,4N4S
P63086,4QYY
P63086,4S2Z
P63086,4S30
P63086,4S31
P63086,4S32
P63086,4S33
P63086,4S34
P63086,4XNE
P63086,4XOY
P63086,4XOZ
P63086,4XP0
P63086,4XP2
P63086,4XP3
P63086,4XRJ
P63086,4XRL
P63086,5HD4
P63086,5HD7
P63086,5KE0
P63086,5U6I
P63086,5UMO
P63086,6CPW
P63086,6DCG
P63086,6FI3
P63086,6FI6
P63086,6FJ0
P63086,6FJB
P63086,6FJZ
P63086,6FLE
P63086,6FLV
P63086,6FMA
P63086,6FN5
P63086,6FQ7
P63086,6FR1
P63086,6FRP
P63086,6FXV
P63086,6OPK
P63086,6OT6
P63086,6OTS
P63086,6RFO
P63086,6RFP
P63086,7UGB
P63086,8QR2
P63086,8QR3
P63086,8QR4
P63086,8QR5
P63086,8QR6
P63086,8QR7
P63086,8QR8
P63086,8QR9
P63086,8QRA
P63086,8QRB
P63086,8QRC
P63086,8RLX
P63086,8RM2
P63086,8RMB
P63086,8RQV
P63086,8RQW
P63086,8RQX
P63096,1KJY
P63096,1Y3A
P63096,2G83
P63096,2GTP
P63096,2IK8
P63096,2OM2
P63096,2XNS
P63096,3ONW
P63096,3QE0
P63096,3QI2
P63096,3UMR
P63096,3UMS
P63096,4G5Q
P63096,5JS7
P63096,5JS8
P63096,5TDH
P63096,6CMO
P63096,6CRK
P63096,6DDE
P63096,6DDF
P63096,6KPF
P63096,6KPG
P63096,6LFM
P63096,6LFO
P63096,6LML
P63096,6N4B
P63096,6OMM
P63096,6OS9
P63096,6OSA
P63096,6OT0
P63096,6PB0
P63096,6PB1
P63096,6PT0
P63096,6QNO
P63096,6VU8
P63096,6XBJ
P63096,6XBK
P63096,6XBL
P63096,6XBM
P63096,7CMU
P63096,7CMV
P63096,7DB6
P63096,7DW9
P63096,7E2X
P63096,7E2Y
P63096,7E2Z
P63096,7E32
P63096,7E33
P63096,7E9G
P63096,7EB2
P63096,7EJX
P63096,7EO2
P63096,7EO4
P63096,7EUO
P63096,7EVY
P63096,7EVZ
P63096,7EW0
P63096,7EW1
P63096,7EW2
P63096,7EW3
P63096,7EW4
P63096,7EW7
P63096,7EXD
P63096,7EZH
P63096,7EZK
P63096,7EZM
P63096,7F1Q
P63096,7F1R
P63096,7F1S
P63096,7F4D
P63096,7F4F
P63096,7F4H
P63096,7F4I
P63096,7JHJ
P63096,7JVR
P63096,7L0P
P63096,7L0Q
P63096,7L0R
P63096,7L0S
P63096,7MTS
P63096,7NA7
P63096,7NA8
P63096,7O7F
P63096,7P02
P63096,7RKM
P63096,7RKN
P63096,7RKX
P63096,7RKY
P63096,7S8M
P63096,7S8O
P63096,7SBF
P63096,7SCG
P63096,7SQO
P63096,7T2G
P63096,7T2H
P63096,7T6B
P63096,7T6S
P63096,7T6T
P63096,7T6U
P63096,7T6V
P63096,7TRK
P63096,7TRP
P63096,7TRQ
P63096,7TRS
P63096,7TUZ
P63096,7U2K
P63096,7U2L
P63096,7V68
P63096,7V69
P63096,7V6A
P63096,7V9L
P63096,7VAB
P63096,7VDH
P63096,7VDL
P63096,7VDM
P63096,7VFX
P63096,7VGX
P63096,7VGY
P63096,7VGZ
P63096,7VH0
P63096,7VIE
P63096,7VIF
P63096,7VIG
P63096,7VIH
P63096,7VKT
P63096,7VL8
P63096,7VL9
P63096,7VLA
P63096,7VUG
P63096,7VUY
P63096,7VUZ
P63096,7VV3
P63096,7VV5
P63096,7W0L
P63096,7W0M
P63096,7W0N
P63096,7W0O
P63096,7W0P
P63096,7WF7
P63096,7WIC
P63096,7WIG
P63096,7WJ5
P63096,7WQ3
P63096,7WU4
P63096,7WU5
P63096,7WU9
P63096,7WUI
P63096,7WUJ
P63096,7WVU
P63096,7WYB
P63096,7WZ4
P63096,7X2V
P63096,7X5H
P63096,7X9A
P63096,7X9B
P63096,7X9C
P63096,7X9Y
P63096,7XA3
P63096,7XAT
P63096,7XAU
P63096,7XAV
P63096,7XBW
P63096,7XBX
P63096,7XK2
P63096,7XK8
P63096,7XMR
P63096,7XMS
P63096,7XMT
P63096,7XTA
P63096,7XXH
P63096,7Y12
P63096,7Y15
P63096,7Y1F
P63096,7Y64
P63096,7Y65
P63096,7Y66
P63096,7Y67
P63096,7Y89
P63096,7YAC
P63096,7YAE
P63096,7YDJ
P63096,7YDP
P63096,7YKD
P63096,7YON
P63096,7YOO
P63096,7YU3
P63096,7YU5
P63096,7YU6
P63096,7YU7
P63096,7YU8
P63096,8DZP
P63096,8EF5
P63096,8EF6
P63096,8EFB
P63096,8EFL
P63096,8EFO
P63096,8EFQ
P63096,8F7Q
P63096,8F7R
P63096,8F7S
P63096,8F7W
P63096,8F7X
P63096,8FEG
P63096,8FY8
P63096,8FYE
P63096,8FYL
P63096,8FYT
P63096,8FYX
P63096,8G05
P63096,8G59
P63096,8G94
P63096,8GAG
P63096,8GCM
P63096,8GCP
P63096,8GDC
P63096,8GHV
P63096,8GUQ
P63096,8GUR
P63096,8GUS
P63096,8GUT
P63096,8H2G
P63096,8H4I
P63096,8HBD
P63096,8HK2
P63096,8HK3
P63096,8HK5
P63096,8HN8
P63096,8HNK
P63096,8HNL
P63096,8HNM
P63096,8HOC
P63096,8HQE
P63096,8HQM
P63096,8HQN
P63096,8HS3
P63096,8HSC
P63096,8HVI
P63096,8I7V
P63096,8I7W
P63096,8IA8
P63096,8IC0
P63096,8ID3
P63096,8ID4
P63096,8ID6
P63096,8ID8
P63096,8ID9
P63096,8IHB
P63096,8IHF
P63096,8IHH
P63096,8IHI
P63096,8IHJ
P63096,8IJ3
P63096,8IJA
P63096,8IJB
P63096,8IJD
P63096,8IKG
P63096,8IKH
P63096,8INR
P63096,8IOC
P63096,8IOD
P63096,8IRS
P63096,8IRT
P63096,8IRV
P63096,8IU2
P63096,8IW4
P63096,8IW7
P63096,8IW9
P63096,8IY5
P63096,8IZ4
P63096,8J18
P63096,8J19
P63096,8J1A
P63096,8J20
P63096,8J21
P63096,8J22
P63096,8J23
P63096,8J24
P63096,8J6I
P63096,8J6J
P63096,8J6L
P63096,8J6P
P63096,8J6Q
P63096,8J6R
P63096,8JD3
P63096,8JD5
P63096,8JEF
P63096,8JEI
P63096,8JGB
P63096,8JGG
P63096,8JHY
P63096,8JII
P63096,8JIL
P63096,8JIM
P63096,8JIP
P63096,8JIR
P63096,8JIS
P63096,8JJP
P63096,8JLJ
P63096,8JLK
P63096,8JLR
P63096,8JPN
P63096,8JR9
P63096,8JSO
P63096,8JSP
P63096,8JT6
P63096,8JXT
P63096,8JXV
P63096,8JXW
P63096,8JXX
P63096,8JZ7
P63096,8K2X
P63096,8K3Z
P63096,8K4N
P63096,8K4O
P63096,8K4P
P63096,8KFX
P63096,8KFY
P63096,8KFZ
P63096,8P12
P63096,8P13
P63096,8P15
P63096,8PJK
P63096,8PKM
P63096,8SAI
P63096,8SG1
P63096,8U1U
P63096,8U4N
P63096,8U4O
P63096,8U4P
P63096,8U4Q
P63096,8UGY
P63096,8UH3
P63096,8UTD
P63096,8UUJ
P63096,8VVE
P63096,8VVF
P63096,8VVG
P63096,8VY7
P63096,8W8B
P63096,8W8R
P63096,8WC3
P63096,8WC4
P63096,8WC5
P63096,8WC6
P63096,8WC7
P63096,8WC8
P63096,8WCA
P63096,8WG8
P63096,8WOG
P63096,8WP1
P63096,8WRB
P63096,8WSS
P63096,8WW2
P63096,8WWH
P63096,8WWI
P63096,8WWJ
P63096,8WWK
P63096,8WWL
P63096,8WWM
P63096,8WWN
P63096,8X3L
P63096,8XBE
P63096,8XBH
P63096,8XGM
P63096,8XGU
P63096,8XML
P63096,8XOR
P63096,8XOS
P63096,8XQE
P63096,8XQF
P63096,8XQN
P63096,8XQO
P63096,8XQS
P63096,8XQT
P63096,8XWP
P63096,8XWQ
P63096,8XXU
P63096,8XXV
P63096,8XYD
P63096,8XZF
P63096,8XZG
P63096,8XZH
P63096,8XZI
P63096,8XZJ
P63096,8Y01
P63096,8Y62
P63096,8Y63
P63096,8Y6W
P63096,8YH0
P63096,8YH2
P63096,8YIC
P63096,8YKV
P63096,8YKW
P63096,8YKX
P63096,8YN5
P63096,8YN6
P63096,8YN9
P63096,8YNA
P63096,8YUT
P63096,8YUU
P63096,8YUV
P63096,8YWF
P63096,8YYW
P63096,8YYX
P63096,8Z7J
P63096,8ZBE
P63096,8ZBI
P63096,8ZBJ
P63096,8ZCJ
P63096,8ZJD
P63096,8ZJE
P63096,8ZJG
P63096,8ZQE
P63096,8ZWG
P63096,9AST
P63096,9AVG
P63096,9AYF
P63096,9B54
P63096,9B65
P63096,9BQJ
P63096,9BUY
P63096,9CGJ
P63096,9CGK
P63096,9D61
P63096,9EGO
P63096,9EPP
P63096,9EPQ
P63096,9EPR
P63096,9ERX
P63096,9IJ9
P63096,9IK8
P63096,9IK9
P63096,9IPV
P63096,9IQT
P63096,9IVG
P63096,9IVM
P63096,9IYB
P63096,9IZA
P63096,9IZC
P63096,9IZD
P63096,9IZF
P63096,9J0B
P63096,9J0F
P63096,9J0I
P63096,9J1P
P63096,9J8Z
P63096,9JFY
P63096,9JH3
P63096,9JHJ
P63096,9K1C
P63096,9K1D
P63096,9K26
P63096,9KPE
P63096,9KPF
P63096,9L3W
P63096,9L3Y
P63096,9M1H
P63098,4OR9
P63098,4ORA
P63098,4ORC
P63104,1IB1
P63104,1QJA
P63104,1QJB
P63104,2C1J
P63104,2C1N
P63104,2O02
P63104,2WH0
P63104,3CU8
P63104,3NKX
P63104,3RDH
P63104,4BG6
P63104,4FJ3
P63104,4HKC
P63104,4IHL
P63104,4N7G
P63104,4N7Y
P63104,4N84
P63104,4WRQ
P63104,4ZDR
P63104,5EWZ
P63104,5EXA
P63104,5J31
P63104,5JM4
P63104,5M35
P63104,5M36
P63104,5M37
P63104,5ULO
P63104,5WXN
P63104,5XY9
P63104,6EF5
P63104,6EJL
P63104,6EWW
P63104,6F08
P63104,6FN9
P63104,6FNA
P63104,6FNB
P63104,6FNC
P63104,6RLZ
P63104,6ZFD
P63104,6ZFG
P63104,7D8H
P63104,7D8P
P63104,7D9V
P63104,7Q16
P63104,7ZIT
P63104,8WE2
P63104,8WF6
P63104,9FUM
P63104,9FVL
P63104,9UJ2
P63142,1DSX
P63142,1QDV
P63142,1QDW
P63142,6EBM
P63142,8VC3
P63142,8VC4
P63142,8VC6
P63142,8VCH
P63158,5ZDZ
P63158,5ZE0
P63158,5ZE1
P63158,5ZE2
P63159,1AAB
P63159,1CKT
P63159,1HME
P63159,1HMF
P63159,2GZK
P63159,4QR9
P63165,1A5R
P63165,1WYW
P63165,1Y8R
P63165,2ASQ
P63165,2BF8
P63165,2G4D
P63165,2IY1
P63165,2KQS
P63165,2LAS
P63165,2MW5
P63165,2N1A
P63165,2N1V
P63165,2PE6
P63165,2UYZ
P63165,2VRR
P63165,3KYC
P63165,3KYD
P63165,3RZW
P63165,4WJP
P63165,4WJQ
P63165,5B7A
P63165,5ELJ
P63165,5GHD
P63165,6EOP
P63165,6EOT
P63165,6J4I
P63165,6JXU
P63165,6JXV
P63165,6K5T
P63165,6TRW
P63165,6UYX
P63165,6UYY
P63165,6UYZ
P63165,6V7P
P63165,6V7Q
P63165,6V7R
P63165,6V7S
P63165,6WW3
P63165,6XOG
P63165,6XOH
P63165,6XOI
P63165,8ODR
P63165,9GNV
P63165,9GNX
P63165,9Q9E
P63167,1CMI
P63167,3ZKE
P63167,3ZKF
P63167,6RLB
P63167,6SC2
P63167,7D35
P63167,8PR0
P63167,8PR1
P63167,8RGG
P63167,9BLY
P63182,5H48
P63182,5H49
P63182,5KWR
P63212,1OMW
P63212,1XHM
P63212,3CIK
P63212,3KRW
P63212,3KRX
P63212,3PSC
P63212,3PVU
P63212,3PVW
P63212,3SN6
P63212,3UZS
P63212,3V5W
P63212,4MK0
P63212,4PNK
P63212,5VAI
P63212,5WG3
P63212,5WG4
P63212,5WG5
P63212,6C2Y
P63212,6LPB
P63212,6PCV
P63212,6U7C
P63212,7BZ2
P63212,7CZ5
P63212,7D3S
P63212,7D68
P63212,7DH5
P63212,7DHI
P63212,7DHR
P63212,7DTY
P63212,7EIB
P63212,7EQ1
P63212,7F16
P63212,7F2O
P63212,7FIN
P63212,7FIY
P63212,7JJO
P63212,7LJC
P63212,7LJD
P63212,7PWD
P63212,7V9M
P63212,7VQX
P63212,7WBJ
P63212,7WQ4
P63212,7XJH
P63212,7XJI
P63212,7XWO
P63212,8DCR
P63212,8DCS
P63212,8ITL
P63212,8ITM
P63212,8JBF
P63212,8JBG
P63212,8JBH
P63212,8W8W
P63212,8W8X
P63212,8W8Y
P63212,8WA3
P63212,8WZ2
P63212,8X16
P63212,8X17
P63212,8ZH8
P63212,9IJD
P63212,9IJE
P63220,7JQB
P63220,7JQC
P63241,3CPF
P63241,5DLQ
P63241,8A0E
P63244,4AOW
P63244,4V5Z
P63244,6G18
P63252,6SPZ
P63252,7ZDZ
P63252,8QQL
P63261,6CXI
P63261,6CXJ
P63261,6G2T
P63261,8DNF
P63279,1A3S
P63279,2O25
P63279,2PX9
P63279,2XWU
P63279,3A4S
P63279,4W5V
P63279,4Y1L
P63279,5F6D
P63279,5F6E
P63279,5F6U
P63279,5F6V
P63279,5F6W
P63279,5F6X
P63279,5F6Y
P63279,5FQ2
P63279,6SYF
P63279,9GLR
P63280,1U9A
P63280,1U9B
P63319,1TBN
P63319,1TBO
P63327,4GV5
P63328,4ORB
P63329,4IL1
P67775,2IAE
P67775,3FGA
P67775,3P71
P67775,4IYP
P67775,4NY3
P67809,1H95
P67809,5YTS
P67809,5YTT
P67809,5YTV
P67809,5YTX
P67809,6A6L
P67809,6KTC
P67809,6KUG
P67809,6LMR
P67809,6LMS
P67861,1WQ9
P67863,1WQ8
P67966,1B8T
P67966,1CTL
P68036,1C4Z
P68036,3SQV
P68036,3SY2
P68036,4Q5E
P68036,4Q5H
P68036,5HPT
P68036,5TTE
P68036,6DJW
P68036,6DJX
P68036,6XXU
P68036,7OIK
P68036,7V8F
P68424,1Y29
P68425,2JOT
P69019,6GS9
P69300,5Y70
P69747,2H8S
P69747,2MFX
P69747,2MFY
P69747,2MG6
P69747,2N07
P69747,4TTL
P69747,6CGX
P69747,7KNN
P70158,5FC1
P70158,5FC5
P70158,5FC6
P70158,5FC7
P70158,5FCA
P70158,5FCB
P70158,8W6P
P70158,8W6R
P70207,3AL9
P70207,3OKT
P70207,4GZA
P70207,5L5G
P70207,5L74
P70340,3KMP
P70343,6KMT
P70343,6KMU
P70343,6KMV
P70343,6KN1
P70343,6NS7
P70406,2LCK
P70429,1QC6
P70434,3QU3
P70444,1DDB
P70444,2VOI
P70460,2V8C
P70581,2OSZ
P70581,3T98
P70582,3T97
P70582,4J3H
P70698,7MIP
P78310,1EAJ
P78310,1F5W
P78310,1JEW
P78310,1KAC
P78310,1P69
P78310,1P6A
P78310,1RSF
P78310,2J12
P78310,2J1K
P78310,2NPL
P78310,2W9L
P78310,2WBW
P78310,3J6L
P78310,3J6M
P78310,3J6N
P78310,3J6O
P78310,7DPZ
P78310,7DQ1
P78310,7VXZ
P78310,7VYK
P78310,7VYL
P78310,7VYM
P78310,7W14
P78347,2D9B
P78347,2DN4
P78347,2ED2
P78347,2EJE
P78348,6L6I
P78348,6L6N
P78348,7CFS
P78348,7CFT
P78348,7RNN
P78352,1KEF
P78352,2MES
P78352,3I4W
P78352,3K82
P78352,3ZRT
P78352,5J7J
P78352,5JXB
P78352,6QJD
P78352,6QJF
P78352,6QJG
P78352,6QJI
P78352,6QJJ
P78352,6QJK
P78352,6QJL
P78352,6QJN
P78352,6SPV
P78352,8AH4
P78352,8AH5
P78352,8AH6
P78352,8AH7
P78352,8AH8
P78356,1BO1
P78356,3WZZ
P78356,3X01
P78356,3X02
P78356,3X03
P78356,3X04
P78356,3X05
P78356,3X06
P78356,3X07
P78356,3X08
P78356,3X09
P78356,3X0A
P78356,3X0B
P78356,3X0C
P78356,6K4G
P78356,6K4H
P78356,7EM1
P78356,7EM2
P78356,7EM3
P78356,7EM4
P78356,7EM5
P78356,7EM6
P78356,7EM7
P78356,7EM8
P78356,7N80
P78356,7N81
P78358,9DL1
P78358,9FE1
P78362,2X7G
P78362,5MYV
P78362,7ZKX
P78368,2C47
P78383,9GRY
P78383,9GRZ
P78383,9GS3
P78383,9GS5
P78383,9GS7
P78383,9GSL
P78383,9I20
P78410,4F8Q
P78417,1EEM
P78417,3LFL
P78417,3VLN
P78417,4IS0
P78417,4YQM
P78417,4YQU
P78417,4YQV
P78417,5UEH
P78417,5V3Q
P78417,5YVN
P78417,5YVO
P78417,6MHB
P78417,6MHC
P78417,6MHD
P78417,6PNM
P78417,6PNN
P78417,6PNO
P78423,1B2T
P78423,1F2L
P78423,3ONA
P78423,4XT1
P78423,4XT3
P78423,5WB2
P78423,7RKF
P78504,2KB9
P78504,2VJ2
P78504,4CBZ
P78504,4CC0
P78504,4CC1
P78504,4XI7
P78504,5BO1
P78545,2E8P
P78556,1M8A
P78556,2HCI
P78556,2JYO
P78556,5UR7
P78556,7T1E
P78563,1ZY7
P78563,5ED1
P78563,5ED2
P78563,5HP2
P78563,5HP3
P78563,6D06
P78563,6VFF
P78563,7KFN
P78563,8E0F
P78563,8E4X
P78563,9D5J
P78563,9D5K
P78953,4XOH
P79085,3V0R
P79085,4AUD
P79171,8JKT
P79171,9DAZ
P79762,3NK3
P79762,3NK4
P79874,6GIJ
P79874,6GIL
P80021,6J5I
P80021,6J5J
P80021,6J5K
P80022,1DIX
P80025,2IPS
P80025,2NQX
P80025,2PT3
P80025,2PUM
P80025,2QPK
P80025,2QQT
P80025,2QRB
P80025,3BXI
P80025,3ERI
P80025,3GC1
P80025,3GCJ
P80025,3GCK
P80025,3GCL
P80025,3I6N
P80025,3KRQ
P80025,3PY4
P80025,3R4X
P80025,3R5O
P80025,3TGY
P80025,3UBA
P80025,3V6Q
P80025,4GM7
P80025,4KSZ
P80025,4NJB
P80025,4PNX
P80025,5B72
P80025,5GH0
P80025,5GLS
P80025,5WV3
P80025,5ZGS
P80025,6A4Y
P80025,6KMK
P80025,6KY7
P80025,6L2J
P80025,6L5G
P80025,6L9T
P80025,6M7E
P80025,7C75
P80025,7D52
P80025,7DLQ
P80025,7DMR
P80025,7DN6
P80025,7DN7
P80025,7WYJ
P80025,8Y9X
P80025,9IT8
P80025,9KU6
P80025,9M0I
P80035,1K8Q
P80188,1DFV
P80188,1L6M
P80188,1NGL
P80188,1QQS
P80188,1X71
P80188,1X89
P80188,1X8U
P80188,3BY0
P80188,3CBC
P80188,3CMP
P80188,3DSZ
P80188,3DTQ
P80188,3FW4
P80188,3FW5
P80188,3HWD
P80188,3HWE
P80188,3HWF
P80188,3HWG
P80188,3I0A
P80188,3K3L
P80188,3PEC
P80188,3PED
P80188,3T1D
P80188,3TF6
P80188,3TZS
P80188,3U0D
P80188,4GH7
P80188,4IAW
P80188,4IAX
P80188,4K19
P80188,4QAE
P80188,4ZFX
P80188,4ZHC
P80188,4ZHD
P80188,4ZHF
P80188,4ZHG
P80188,4ZHH
P80188,5JR8
P80188,5KHP
P80188,5KIC
P80188,5KID
P80188,5MHH
P80188,5N47
P80188,5N48
P80188,5NKN
P80188,6GQZ
P80188,6GR0
P80188,6O5D
P80188,6QMU
P80188,6Z2C
P80188,6Z6Z
P80188,8UYN
P80188,8UZ9
P80188,9JDO
P80197,1CJA
P80366,1KBP
P80366,2QFP
P80366,2QFR
P80366,3KBP
P80366,4DHL
P80366,4DSY
P80366,4DT2
P80366,4KBP
P80366,6G46
P80366,6HWR
P80366,6OF5
P80366,6OFD
P80366,6PY9
P80366,6VJ7
P80366,8BRN
P80494,7ULS
P80511,1E8A
P80511,1GQM
P80511,1ODB
P80511,2M9G
P80511,2WC8
P80511,2WCB
P80511,2WCE
P80511,2WCF
P80957,2RNG
P80957,2RQ2
P81030,3FEV
P81030,3NEQ
P81030,4DO8
P81031,9IQS
P81122,3BU3
P81122,3BU5
P81122,3BU6
P81128,5IRC
P81128,6D4G
P81165,1GOD
P81172,1M4E
P81172,1M4F
P81172,2KEF
P81172,3H0T
P81274,3SF4
P81274,4WND
P81274,4WNE
P81274,4WNF
P81274,4WNG
P81274,5A6C
P81274,6HC2
P81382,1F8R
P81382,1F8S
P81382,2IID
P81450,6B2Z
P81450,6B8H
P81450,6CP3
P81450,6CP5
P81450,6CP6
P81450,6CP7
P81450,6WTD
P81450,7TJY
P81450,7TJZ
P81450,7TK0
P81450,7TK1
P81450,7TK2
P81450,7TK3
P81450,7TK4
P81450,7TK5
P81450,7TK6
P81450,7TK7
P81450,7TK8
P81450,7TK9
P81450,7TKA
P81450,7TKB
P81450,7TKC
P81450,7TKD
P81450,7TKE
P81450,7TKF
P81450,7TKG
P81450,7TKH
P81450,7TKI
P81450,7TKJ
P81450,7TKK
P81450,7TKL
P81450,7TKM
P81450,7TKN
P81450,7TKO
P81450,7TKP
P81450,7TKQ
P81450,7TKR
P81450,7TKS
P81450,8F29
P81450,8F39
P81450,8FKJ
P81450,8FL8
P81458,1VIP
P81529,1HFO
P81605,2KSG
P81605,2NDK
P81605,2YMK
P81605,6SHK
P81755,1WCT
P81782,1F94
P81782,1IJC
P81792,8BWB
P81941,1Z64
P81941,2LS9
P81941,6RSG
P82114,3T0R
P82114,6CE2
P82114,7LYE
P82140,1D6B
P82140,1ZUE
P82140,1ZUF
P82172,1B8W
P82251,6LI9
P82251,6LID
P82251,6YUP
P82251,6YV1
P82281,3RRW
P82287,1QLL
P82287,2Q2J
P82287,3CYL
P82347,8YT8
P82849,1G6M
P82896,4RFP
P83080,7OVZ
P83110,2P3W
P83110,4RI0
P83235,2NSW
P83303,1MB6
P83303,2M4X
P83303,2M4Z
P83303,2M50
P83303,5T3M
P83303,5TLR
P83326,1XG2
P83346,1VYC
P83346,2H8U
P83441,2KC6
P83441,2NSV
P83469,1MPZ
P83512,1ND1
P83512,2W12
P83512,2W13
P83512,2W14
P83512,2W15
P83514,4UWW
P83514,4UXM
P83519,5F2Q
P83559,6AX2
P83560,2ROO
P83561,2GX1
P83654,1O0E
P83658,1RMR
P83774,7PZY
P83774,7Q08
P83774,7Q0F
P83774,7Q0P
P83774,7Q0R
P83774,8C3A
P83774,8OGJ
P83774,8OH6
P83774,8OI5
P83774,8OJ3
P83774,9G1Z
P83774,9G30
P83774,9G6J
P83780,9FZT
P83780,9G07
P83780,9G45
P83780,9G46
P83780,9G47
P83780,9G4H
P83780,9G4K
P83952,3NGG
P84022,1MHD
P84022,1MJS
P84022,1MK2
P84022,1OZJ
P84022,1U7F
P84022,2LAJ
P84022,2LB2
P84022,5OD6
P84022,5ODG
P84022,5XOC
P84022,6YIB
P84022,6ZMN
P84074,5G4P
P84074,5G58
P84074,5M6C
P84077,1HUR
P84077,1U81
P84077,3O47
P84077,4HMY
P84077,6FAE
P84077,7DN8
P84077,7DN9
P84077,8SDW
P84077,9C58
P84078,1O3Y
P84078,2J59
P84079,1RRF
P84079,1RRG
P84085,2B6H
P84103,2I2Y
P84103,2I38
P84103,9ASQ
P84156,1OZZ
P84156,1P00
P84156,1P0A
P84516,5AOG
P84567,2JPY
P84646,4HHF
P84704,6EFE
P84776,2PH4
P84777,2AXK
P84818,2JR3
P84844,2ZPO
P84907,4Q1L
P85037,8BZM
P85092,4IYE
P85092,5MG9
P85314,3GBO
P85507,4K82
P85507,4K83
P86271,2LO7
P86405,2LKB
P86408,6THI
P86471,2LLD
P86716,2N85
P86716,2N86
P86899,2LAM
P87310,5N9J
P90947,5H5M
P90947,5XA5
P90947,7UUW
P91682,2MAH
P91682,8OIJ
P91929,8B9Z
P91929,8BA0
P91929,8ESW
P91929,8ESZ
P92208,5AWM
P92960,7WM1
P92960,7XUF
P92960,9IS8
P93025,2Z6D
P93025,4EEP
P93025,4EER
P93025,4EES
P93025,4EET
P93025,4EEU
P93025,4NXB
P93025,4NXE
P93025,4NXF
P93025,4NXG
P93025,6GPU
P93025,6GPV
P93025,6QQH
P93025,6QQI
P93025,6QQJ
P93025,6QQK
P93025,6QSA
P93025,6S45
P93025,6S46
P93025,7ABY
P93025,8A2V
P93025,8A2W
P93025,8A4E
P93114,1OUW
P93114,5AV7
P93114,5XFI
P93788,9F1E
P93788,9F1F
P93788,9F1G
P93836,1SP9
P93836,1SQD
P93836,1TFZ
P93836,1TG5
P93836,5XGK
P93836,5YWG
P93836,5YWH
P93836,5YWI
P93836,5YWK
P93836,5YY6
P93836,5YY7
P93836,6ISD
P93836,6J63
P93836,6JX9
P93836,6LGT
P93836,6M6D
P93836,7CJK
P93836,7CQR
P93836,7CQS
P93836,7E0X
P93836,7EZQ
P93836,7V6X
P93836,7VC8
P93836,7VO8
P93836,7WJ8
P93836,7WJJ
P93836,7WJK
P93836,7X5R
P93836,7X5S
P93836,7X5U
P93836,7X5W
P93836,7X5X
P93836,7X5Y
P93836,7X5Z
P93836,7X62
P93836,7X64
P93836,7X67
P93836,7X69
P93836,7X6M
P93836,7X6N
P93836,7X8D
P93836,7X8H
P93836,7X8I
P93836,7XVH
P93836,8GWD
P93836,8H6A
P93836,8H6B
P93836,8HOW
P93836,8HWR
P93836,8HX2
P93836,8HX4
P93836,8HXF
P93836,8HXG
P93836,8HXH
P93836,8HYM
P93836,8HYO
P93836,8HYP
P93836,8HYS
P93836,8HZ6
P93836,8HZ7
P93836,8HZ9
P93836,8HZA
P93836,8HZU
P93836,8I0G
P93836,8I0Y
P93836,8I15
P93836,8I2P
P93836,8I2S
P93836,8I2U
P93836,8I36
P93836,8IOK
P93836,8J3C
P93836,8J8W
P93836,8J8X
P93836,8WHO
P93836,8WHP
P93836,8WHQ
P93836,8WI6
P93836,8WJZ
P93836,8WK2
P93836,8WL0
P93836,8WPC
P93836,8WPD
P93836,8WQM
P93836,8X42
P93836,8X5C
P93836,8X68
P93836,8X69
P93836,8X6A
P93836,8X6C
P93836,8XHJ
P93836,8XIB
P93836,8XII
P93836,8XIN
P93836,8XLW
P93836,8XLX
P93836,8XLY
P93836,8XQV
P93836,8XQY
P93836,8XQZ
P93836,8XR0
P93836,8XU9
P93836,8XUC
P93836,8XUE
P93836,8XUG
P93836,9KOZ
P97351,7NWI
P97361,6BAQ
P97376,2YUG
P97427,1KCX
P97428,3C7L
P97438,6CQ6
P97438,6CQ8
P97438,6CQ9
P97438,6V36
P97438,6V37
P97438,6V3C
P97438,6V3I
P97438,6W7B
P97438,6W7C
P97438,6W7D
P97438,6W7E
P97438,6W82
P97438,6W83
P97438,6W84
P97438,6W85
P97438,6W86
P97438,6W87
P97438,6W88
P97438,6W8A
P97438,6W8C
P97438,6W8F
P97438,8UE2
P97438,8UE9
P97438,8UEC
P97438,8UF6
P97443,3N71
P97473,7ZPJ
P97473,7ZPK
P97477,3D14
P97477,3D15
P97477,3D2I
P97477,3D2K
P97477,3DAJ
P97477,3DJ5
P97477,3DJ6
P97477,3DJ7
P97546,2WV3
P97612,1MT5
P97612,2VYA
P97612,2WAP
P97612,2WJ1
P97612,2WJ2
P97612,3K7F
P97612,3K83
P97612,3K84
P97612,3LJ6
P97612,3LJ7
P97612,3OJ8
P97612,3PPM
P97612,3PR0
P97612,3QJ8
P97612,3QJ9
P97612,3QK5
P97612,3QKV
P97612,4DO3
P97612,4HBP
P97612,4J5P
P97612,6MRG
P97675,6F2T
P97675,6F2V
P97675,6F2Y
P97675,6F30
P97675,6F33
P97675,6G4G
P97784,4K0R
P97784,5T5X
P97784,6KX4
P97784,6KX5
P97784,6KX6
P97784,6KX7
P97784,6LUE
P97784,7D0M
P97784,7D19
P97784,7D1C
P97784,7DLI
P97784,7WVA
P97792,3JZ7
P97792,3MJ7
P97879,1M5Z
P97879,1N7E
P97879,1N7F
P97879,1P1D
P97879,1P1E
P97879,2QT5
P98066,1O7B
P98066,1O7C
P98066,2N40
P98066,2PF5
P98066,2WNO
P98078,1P3R
P98155,1V9U
P98155,3DPR
P98155,6BYV
P98155,8IHP
P98155,8UA4
P98155,8UA8
P98155,8UFB
P98155,8UFC
P98155,8X0K
P98155,8X0L
P98155,8X0M
P98155,8XI4
P98155,8XI5
P98155,8YS2
P98155,8YS4
P98155,8YVZ
P98155,8YW0
P98155,8YW1
P98155,8YW2
P98155,9DQZ
P98155,9E9Y
P98155,9E9Z
P98155,9EAU
P98155,9L99
P98155,9L9A
P98172,6THG
P98194,7YAG
P98194,7YAH
P98194,7YAI
P98194,7YAJ
P98194,7YAM
P98194,8IWP
P98194,8IWR
P98194,8IWS
P98194,8IWT
P98194,8IWU
P98194,8IWW
Q00013,2EJY
Q00013,2EV8
Q00013,3NEY
Q00055,4FGW
Q00059,3FGH
Q00059,3TMM
Q00059,3TQ6
Q00059,4NNU
Q00059,4NOD
Q00059,6ERP
Q00059,6ERQ
Q00059,6HB4
Q00059,6HC3
Q00059,7LBW
Q00059,7LBX
Q00059,9GZM
Q00059,9MN4
Q00059,9MN5
Q00059,9R95
Q00059,9R96
Q00177,1TA3
Q00194,3SWF
Q00194,7O4H
Q00194,8BX7
Q00341,1VIG
Q00341,1VIH
Q00341,2CTE
Q00341,2CTF
Q00341,2CTJ
Q00341,2CTK
Q00341,2CTL
Q00341,2CTM
Q00532,4AGU
Q00534,1BLX
Q00534,1G3N
Q00534,1JOW
Q00534,1XO2
Q00534,2EUF
Q00534,2F2C
Q00534,3NUP
Q00534,3NUX
Q00534,4AUA
Q00534,4EZ5
Q00534,4TTH
Q00534,5L2I
Q00534,5L2S
Q00534,5L2T
Q00534,6OQL
Q00534,6OQO
Q00534,8I0M
Q00534,9D8U
Q00535,1H4L
Q00535,1UNG
Q00535,1UNH
Q00535,1UNL
Q00535,3O0G
Q00535,4AU8
Q00535,7VDP
Q00535,7VDQ
Q00535,7VDR
Q00535,7VDS
Q00604,4MY2
Q00604,5BPU
Q00604,5BQ8
Q00604,5BQB
Q00610,2XZG
Q00610,4G55
Q00610,6E4L
Q00610,6QNN
Q00610,6QNP
Q00610,7BN1
Q00610,7BN2
Q00610,7ZX4
Q00610,9C0Y
Q00610,9C0Z
Q00613,2LDU
Q00613,5D5U
Q00613,5D5V
Q00613,5HDG
Q00613,5HDN
Q00613,7DCJ
Q00613,7DCS
Q00613,7DCT
Q00711,9KPS
Q00711,9KPT
Q00711,9KQ3
Q00711,9LIG
Q00788,2JX4
Q00802,4IY8
Q00802,4IY9
Q00805,3CGU
Q00944,1KTM
Q00944,1PV3
Q00944,1QVX
Q00944,2AEH
Q00944,2AL6
Q00944,2J0J
Q00944,2J0K
Q00944,2J0L
Q00944,2J0M
Q00944,2JKK
Q00944,2JKM
Q00944,2JKO
Q00944,2JKQ
Q00944,2L6F
Q00944,2L6G
Q00944,2L6H
Q00944,3ZDT
Q00944,4BRX
Q00944,4C7T
Q00944,4CYE
Q00944,4D4R
Q00944,4D4S
Q00944,4D4V
Q00944,4D4Y
Q00944,4D55
Q00944,4D58
Q00944,4D5H
Q00944,4D5K
Q00944,6CB0
Q00944,6GCR
Q00944,6GCW
Q00944,6GCX
Q00944,6TY3
Q00944,6TY4
Q00959,2A5S
Q00959,4JWX
Q00959,6ODL
Q00959,9GIB
Q00959,9GIG
Q00959,9GJ1
Q00960,3JPW
Q00960,3JPY
Q00960,8G18
Q00987,1RV1
Q00987,1T4E
Q00987,1T4F
Q00987,1Z1M
Q00987,2AXI
Q00987,2C6A
Q00987,2C6B
Q00987,2F1Y
Q00987,2FOP
Q00987,2GV2
Q00987,2HDP
Q00987,2LZG
Q00987,2M86
Q00987,2RUH
Q00987,2VJE
Q00987,2VJF
Q00987,3EQS
Q00987,3G03
Q00987,3IUX
Q00987,3IWY
Q00987,3JZK
Q00987,3JZR
Q00987,3JZS
Q00987,3LBK
Q00987,3LBL
Q00987,3LNJ
Q00987,3LNZ
Q00987,3MQS
Q00987,3TJ2
Q00987,3TPX
Q00987,3TU1
Q00987,3V3B
Q00987,3VBG
Q00987,3VZV
Q00987,3W69
Q00987,4DIJ
Q00987,4ERE
Q00987,4ERF
Q00987,4HBM
Q00987,4HG7
Q00987,4JV7
Q00987,4JV9
Q00987,4JVE
Q00987,4JVR
Q00987,4JWR
Q00987,4MDN
Q00987,4MDQ
Q00987,4OAS
Q00987,4OBA
Q00987,4OCC
Q00987,4ODE
Q00987,4ODF
Q00987,4OGN
Q00987,4OGT
Q00987,4OGV
Q00987,4OQ3
Q00987,4QO4
Q00987,4QOC
Q00987,4UD7
Q00987,4UE1
Q00987,4UMN
Q00987,4WT2
Q00987,4ZFI
Q00987,4ZGK
Q00987,4ZYC
Q00987,4ZYF
Q00987,4ZYI
Q00987,5AFG
Q00987,5C5A
Q00987,5HMH
Q00987,5HMI
Q00987,5HMK
Q00987,5J7F
Q00987,5J7G
Q00987,5LAV
Q00987,5LAW
Q00987,5LAY
Q00987,5LAZ
Q00987,5LN2
Q00987,5OAI
Q00987,5OC8
Q00987,5SWK
Q00987,5TRF
Q00987,5UMM
Q00987,5VK0
Q00987,5WTS
Q00987,5XXK
Q00987,5Z02
Q00987,5ZXF
Q00987,6AAW
Q00987,6GGN
Q00987,6H22
Q00987,6HFA
Q00987,6I29
Q00987,6I3S
Q00987,6IM9
Q00987,6KZU
Q00987,6Q96
Q00987,6Q9H
Q00987,6Q9L
Q00987,6Q9O
Q00987,6SQO
Q00987,6T2D
Q00987,6T2E
Q00987,6T2F
Q00987,6Y4Q
Q00987,6YR6
Q00987,7AD0
Q00987,7AI0
Q00987,7AI1
Q00987,7AYE
Q00987,7BIR
Q00987,7BIT
Q00987,7BIV
Q00987,7BJ0
Q00987,7BJ6
Q00987,7BMG
Q00987,7KJM
Q00987,7NA1
Q00987,7NA2
Q00987,7NA3
Q00987,7NA4
Q00987,7NUS
Q00987,7QDQ
Q00987,8AEU
Q00987,8F0Z
Q00987,8F10
Q00987,8F12
Q00987,8F13
Q00987,8GCG
Q00987,8J81
Q00987,8P0D
Q00987,8PWC
Q00987,9CDZ
Q00987,9GFC
Q00987,9GFK
Q01064,1TAZ
Q01064,4NPV
Q01064,4NPW
Q01064,5B25
Q01064,5UOY
Q01064,5UP0
Q01064,5W6E
Q01080,3NFH
Q01080,3NFI
Q01083,3C9A
Q01083,3CA7
Q01083,3LTF
Q01083,3LTG
Q01085,1X4G
Q01085,2CQI
Q01085,2DH7
Q01130,2KN4
Q01130,2LEA
Q01130,2LEB
Q01130,2LEC
Q01167,1JXS
Q01167,2C6Y
Q01201,8G8R
Q01469,1B56
Q01469,1JJJ
Q01469,4AZM
Q01469,4AZR
Q01469,4LKP
Q01469,4LKT
Q01469,5HZ5
Q01469,5UR9
Q01469,7FWI
Q01469,7FXD
Q01469,7FY0
Q01469,7FYD
Q01469,7G01
Q01469,7G04
Q01469,7G0B
Q01469,7G0E
Q01469,7G1Q
Q01523,1ZMP
Q01523,2LXZ
Q01523,2MIT
Q01523,3I5W
Q01523,4E82
Q01523,4E83
Q01523,4E86
Q01523,4RBW
Q01523,4RBX
Q01523,5CUI
Q01523,5CUJ
Q01523,5CUM
Q01524,1ZMQ
Q01524,3QTE
Q01560,2JD5
Q01560,2JVO
Q01560,2JVR
Q01560,2OSQ
Q01560,2OSR
Q01560,7QDD
Q01560,7QDE
Q01560,8B8S
Q01638,4KC3
Q01650,6IRS
Q01650,6IRT
Q01650,6JMQ
Q01650,7DSK
Q01650,7DSL
Q01650,7DSN
Q01650,7DSQ
Q01650,8IDA
Q01650,8J8L
Q01650,8J8M
Q01650,8KDD
Q01650,8KDF
Q01650,8KDG
Q01650,8KDH
Q01650,8KDI
Q01650,8KDJ
Q01650,8KDN
Q01650,8KDO
Q01650,8KDP
Q01650,8X0W
Q01650,8XPU
Q01657,7JR9
Q01657,7JRJ
Q01657,7JTK
Q01663,1GD2
Q01667,4XK8
Q01667,6ZOO
Q01667,7WFE
Q01726,9K3P
Q01831,2RVB
Q01844,2CPE
Q01852,2FXT
Q01852,3QK9
Q01852,8E1M
Q01852,9J9B
Q01926,3RKG
Q01959,8VBY
Q01959,8Y2C
Q01959,8Y2D
Q01959,8Y2E
Q01959,8Y2F
Q01959,8Y2G
Q01959,9EO4
Q01970,8EMV
Q01970,8EMW
Q01970,8EMX
Q01973,5Z55
Q01973,6BA5
Q01973,6BAN
Q01973,6TU9
Q01973,7TNG
Q02046,1EDZ
Q02046,1EE9
Q02083,6DXW
Q02083,6DXX
Q02094,7UZQ
Q02094,7V0S
Q02094,8CSX
Q02127,1D3G
Q02127,1D3H
Q02127,2B0M
Q02127,2BXV
Q02127,2FPT
Q02127,2FPV
Q02127,2FPY
Q02127,2FQI
Q02127,2PRH
Q02127,2PRL
Q02127,2PRM
Q02127,2WV8
Q02127,3F1Q
Q02127,3FJ6
Q02127,3FJL
Q02127,3G0U
Q02127,3G0X
Q02127,3KVJ
Q02127,3KVK
Q02127,3KVL
Q02127,3KVM
Q02127,3U2O
Q02127,3W7R
Q02127,3ZWS
Q02127,3ZWT
Q02127,4IGH
Q02127,4JGD
Q02127,4JS3
Q02127,4JTS
Q02127,4JTT
Q02127,4JTU
Q02127,4LS0
Q02127,4LS1
Q02127,4LS2
Q02127,4OQV
Q02127,4RK8
Q02127,4RKA
Q02127,4RLI
Q02127,4RR4
Q02127,4YLW
Q02127,4ZL1
Q02127,4ZMG
Q02127,5H2Z
Q02127,5H73
Q02127,5HIN
Q02127,5HQE
Q02127,5K9C
Q02127,5K9D
Q02127,5MUT
Q02127,5MVC
Q02127,5MVD
Q02127,5TCE
Q02127,5ZF4
Q02127,5ZF7
Q02127,5ZF8
Q02127,5ZF9
Q02127,5ZFA
Q02127,5ZFB
Q02127,6CJF
Q02127,6CJG
Q02127,6ET4
Q02127,6FMD
Q02127,6GK0
Q02127,6IDJ
Q02127,6J3B
Q02127,6J3C
Q02127,6JMD
Q02127,6JME
Q02127,6LP6
Q02127,6LP7
Q02127,6LP8
Q02127,6LZL
Q02127,6M2B
Q02127,6OC0
Q02127,6OC1
Q02127,6QU7
Q02127,6SYP
Q02127,6VND
Q02127,7K2U
Q02127,7Z6C
Q02127,8DHF
Q02127,8DHG
Q02127,8DHH
Q02127,8K4F
Q02127,8RAK
Q02127,8VHL
Q02127,8VHM
Q02127,8YHR
Q02127,9BKM
Q02127,9BKN
Q02127,9BKO
Q02127,9CCC
Q02127,9DHG
Q02127,9DHH
Q02127,9DHI
Q02127,9DHJ
Q02127,9EG9
Q02127,9EZ9
Q02127,9I2Y
Q02201,4B2Z
Q02201,4PH7
Q02242,1NPU
Q02242,3BIK
Q02242,3BP5
Q02242,3BP6
Q02242,3RNK
Q02242,3RNQ
Q02242,3SBW
Q02248,1DOW
Q02248,1JPP
Q02248,1M1E
Q02248,1V18
Q02248,2BCT
Q02248,3BCT
Q02248,3OUW
Q02248,3OUX
Q02248,4EV8
Q02248,4EV9
Q02248,4EVA
Q02248,4EVP
Q02248,4EVT
Q02280,5FG8
Q02280,5H9B
Q02280,5HU3
Q02326,3JBS
Q02410,1AQC
Q02410,1U37
Q02410,1U38
Q02410,1U39
Q02410,1U3B
Q02410,1X45
Q02410,1Y7N
Q02487,5ERP
Q02487,5J5J
Q02487,7A7D
Q02521,7DCO
Q02521,7DCP
Q02521,7DCR
Q02521,7DD3
Q02630,1O6P
Q02630,2AIV
Q02647,4HT6
Q02750,1S9J
Q02750,2P55
Q02750,3DV3
Q02750,3DY7
Q02750,3E8N
Q02750,3EQB
Q02750,3EQC
Q02750,3EQD
Q02750,3EQF
Q02750,3EQG
Q02750,3EQH
Q02750,3EQI
Q02750,3MBL
Q02750,3ORN
Q02750,3OS3
Q02750,3PP1
Q02750,3SLS
Q02750,3V01
Q02750,3V04
Q02750,3VVH
Q02750,3W8Q
Q02750,3WIG
Q02750,3ZLS
Q02750,3ZLW
Q02750,3ZLX
Q02750,3ZLY
Q02750,3ZM4
Q02750,4AN2
Q02750,4AN3
Q02750,4AN9
Q02750,4ANB
Q02750,4ARK
Q02750,4LMN
Q02750,4MNE
Q02750,4U7Z
Q02750,4U80
Q02750,4U81
Q02750,5BX0
Q02750,5EYM
Q02750,5HZE
Q02750,5YT3
Q02750,6NYB
Q02750,6PP9
Q02750,6Q0J
Q02750,6Q0T
Q02750,6U2G
Q02750,6V2W
Q02750,6X2P
Q02750,6X2S
Q02750,6X2X
Q02750,7B3M
Q02750,7B7R
Q02750,7B94
Q02750,7B9L
Q02750,7F2X
Q02750,7M0T
Q02750,7M0U
Q02750,7M0V
Q02750,7M0W
Q02750,7M0X
Q02750,7M0Y
Q02750,7M0Z
Q02750,7MFD
Q02750,7PQV
Q02750,7UMB
Q02750,7XLP
Q02750,7XNC
Q02750,8CHF
Q02750,8DGS
Q02750,8DGT
Q02750,8YP4
Q02750,9AXA
Q02750,9AXC
Q02750,9AXH
Q02750,9AXM
Q02750,9AXX
Q02750,9AXY
Q02750,9AY7
Q02750,9AYA
Q02750,9MMP
Q02750,9MMQ
Q02750,9MMR
Q02750,9MMS
Q02750,9O2Z
Q02754,5KCI
Q02763,1FVR
Q02763,2GY5
Q02763,2GY7
Q02763,2OO8
Q02763,2OSC
Q02763,2P4I
Q02763,2WQB
Q02763,3BEA
Q02763,3L8P
Q02763,4K0V
Q02763,4X3J
Q02763,5MYA
Q02763,5MYB
Q02763,5UTK
Q02763,6MWE
Q02763,7E72
Q02776,4QQF
Q02784,3GX8
Q02790,1N1A
Q02790,1P5Q
Q02790,1Q1C
Q02790,4DRJ
Q02790,4LAV
Q02790,4LAW
Q02790,4LAX
Q02790,4LAY
Q02790,4TW8
Q02790,6RCY
Q02880,3QX3
Q02880,4G0U
Q02880,4G0V
Q02880,4G0W
Q02880,4J3N
Q02880,5GWI
Q02880,5GWJ
Q02880,5ZAD
Q02880,5ZEN
Q02880,5ZQF
Q02880,5ZRF
Q02880,7QFN
Q02880,7QFO
Q02880,7YQ8
Q02880,7ZBG
Q02880,8KE7
Q02880,9BQ8
Q02880,9BQA
Q02880,9BQC
Q02880,9BQD
Q02908,6QK7
Q02908,8ASW
Q02936,1AT0
Q02936,6TD6
Q02936,6TYY
Q02948,3VP7
Q03018,5U1S
Q03018,5U1T
Q03020,5T0V
Q03020,5TRE
Q03034,4S13
Q03034,4ZAC
Q03034,6EVE
Q03034,6EVF
Q03034,8Y64
Q03036,5COG
Q03048,1CFY
Q03048,1COF
Q03048,1QPV
Q03048,4KED
Q03048,4KEE
Q03048,4KEF
Q03071,1HV2
Q03071,5ZB2
Q03103,1RP4
Q03103,1RQ1
Q03103,3M31
Q03103,3NVJ
Q03112,6BW3
Q03135,7SC0
Q03137,1B0X
Q03137,2HEL
Q03137,2XYU
Q03137,2Y6M
Q03137,2Y6O
Q03173,1EVH
Q03173,4CC3
Q03266,4K6N
Q03281,4PVZ
Q03395,7ZW1
Q03405,1YWH
Q03405,2FD6
Q03405,2I9B
Q03405,3BT1
Q03405,3BT2
Q03405,3U73
Q03405,3U74
Q03405,4K24
Q03405,4QTI
Q03405,7E17
Q03405,7V63
Q03426,2R3V
Q03431,1BL1
Q03431,3C4M
Q03431,3H3G
Q03431,3L2J
Q03431,4Z8J
Q03431,5EMB
Q03431,6NBF
Q03431,6NBH
Q03431,6NBI
Q03431,7UZO
Q03431,7UZP
Q03431,7VVJ
Q03431,7VVK
Q03431,7VVL
Q03431,7VVM
Q03431,7VVN
Q03431,7VVO
Q03431,7Y35
Q03431,7Y36
Q03431,8D51
Q03431,8D52
Q03431,8FLQ
Q03431,8FLR
Q03431,8FLS
Q03431,8FLT
Q03431,8FLU
Q03431,8GW8
Q03431,8HA0
Q03431,8HAF
Q03431,8HAO
Q03431,9B5Y
Q03431,9JR2
Q03431,9JR3
Q03445,5DT6
Q03445,5ICT
Q03503,6YGA
Q03503,6YGB
Q03503,6YGC
Q03503,6YGD
Q03518,1JJ7
Q03518,5U1D
Q03518,8T46
Q03518,8T4E
Q03518,8T4F
Q03518,8T4G
Q03518,8T4H
Q03518,8T4I
Q03518,8T4J
Q03518,9N61
Q03518,9N62
Q03518,9N63
Q03518,9N64
Q03518,9N65
Q03518,9N66
Q03518,9O94
Q03518,9O9D
Q03518,9OCG
Q03518,9OCH
Q03518,9OCI
Q03518,9OCJ
Q03526,1AWJ
Q03526,1LUI
Q03526,1LUK
Q03526,1LUM
Q03526,1LUN
Q03526,2ETZ
Q03526,2EU0
Q03526,2K79
Q03526,2K7A
Q03526,2RN8
Q03526,2RNA
Q03526,3S9K
Q03529,4ZR0
Q03529,4ZR1
Q03555,1IHC
Q03555,2FU3
Q03555,4PD0
Q03555,4TK1
Q03555,4TK2
Q03555,4TK3
Q03555,4TK4
Q03555,4U90
Q03555,4U91
Q03555,5ERQ
Q03555,5ERR
Q03555,5ERS
Q03555,5ERT
Q03555,5ERU
Q03555,5ERV
Q03555,6FGC
Q03555,6FGD
Q03555,6HSN
Q03555,6HSO
Q03558,7BN7
Q03558,9FH7
Q03558,9KUH
Q03707,4XZR
Q03713,5NF8
Q03760,7RDN
Q03790,3W3Y
Q03790,5UAZ
Q03818,2DYM
Q03818,2DYO
Q03818,3A7O
Q03818,3A7P
Q03824,6IXR
Q03933,5D8K
Q03933,5D8L
Q03933,5HDK
Q03933,7DCI
Q03933,7DCU
Q04120,5DVB
Q04120,5EPT
Q04120,6UTL
Q04178,2JKY
Q04178,2JKZ
Q04178,2XBU
Q04179,8RIH
Q04195,2RNN
Q04195,3I2D
Q04195,5JNE
Q04206,1NFI
Q04206,2LSP
Q04206,2O61
Q04206,3GUT
Q04206,3QXY
Q04206,3RC0
Q04206,4KV1
Q04206,4KV4
Q04206,5U4K
Q04206,5URN
Q04206,6NV2
Q04206,6QHL
Q04206,6QHM
Q04206,6YOW
Q04206,6YOX
Q04206,6YOY
Q04206,6YP2
Q04206,6YP3
Q04206,6YP8
Q04206,6YPL
Q04206,6YPY
Q04206,6YQ2
Q04206,7BI3
Q04206,7BIQ
Q04206,7BIW
Q04206,7BIY
Q04206,7BJB
Q04206,7BJF
Q04206,7BJL
Q04206,7BJW
Q04206,7BKH
Q04206,7LET
Q04206,7LEU
Q04206,7LF4
Q04206,7NJ9
Q04206,7NJB
Q04206,7NK3
Q04206,7NK5
Q04206,7NLA
Q04206,7NLE
Q04206,7NM1
Q04206,7NM3
Q04206,7NM9
Q04206,7NMH
Q04206,7NQP
Q04206,7NR7
Q04206,7NSV
Q04206,7NV4
Q04206,7NVI
Q04206,7NWS
Q04206,7NXS
Q04206,7NXT
Q04206,7NXW
Q04206,7NXY
Q04206,7NY4
Q04206,7NYE
Q04206,7NYF
Q04206,7NYG
Q04206,7NZ6
Q04206,7NZG
Q04206,7NZK
Q04206,7NZV
Q04206,7O34
Q04206,7O3A
Q04206,7O3F
Q04206,7O3P
Q04206,7O3Q
Q04206,7O3R
Q04206,7O3S
Q04206,7O57
Q04206,7O59
Q04206,7O5A
Q04206,7O5C
Q04206,7O5D
Q04206,7O5F
Q04206,7O5G
Q04206,7O5O
Q04206,7O5P
Q04206,7O5S
Q04206,7O5U
Q04206,7O5X
Q04206,7O6F
Q04206,7O6G
Q04206,7O6I
Q04206,7O6J
Q04206,7O6K
Q04206,7O6M
Q04206,7O6O
Q04207,1BFT
Q04207,1IKN
Q04207,1K3Z
Q04207,1LE5
Q04207,1LE9
Q04207,1LEI
Q04207,1MY5
Q04207,1MY7
Q04207,1OY3
Q04207,1RAM
Q04207,1VKX
Q04207,2I9T
Q04207,2LWW
Q04207,2RAM
Q04207,5U01
Q04207,6GGR
Q04207,8U9L
Q04207,9BDU
Q04207,9BDV
Q04207,9BDW
Q04207,9BDX
Q04217,6H57
Q04217,7MQJ
Q04430,6UJ5
Q04430,7T1G
Q04430,7T1H
Q04430,7T1I
Q04432,1QVV
Q04432,1QVW
Q04432,1QVZ
Q04432,4QYX
Q04439,1YP5
Q04439,1ZUY
Q04491,2PM6
Q04491,2PM7
Q04491,2PM9
Q04491,3MZK
Q04491,3MZL
Q04491,4BZJ
Q04491,4BZK
Q04491,6ZG5
Q04491,6ZG6
Q04491,6ZL0
Q04519,5FI9
Q04519,5FIB
Q04519,5FIC
Q04519,5HQN
Q04609,1Z8L
Q04609,2C6C
Q04609,2C6G
Q04609,2C6P
Q04609,2CIJ
Q04609,2JBJ
Q04609,2JBK
Q04609,2OOT
Q04609,2OR4
Q04609,2PVV
Q04609,2PVW
Q04609,2XEF
Q04609,2XEG
Q04609,2XEI
Q04609,2XEJ
Q04609,3BHX
Q04609,3BI0
Q04609,3BI1
Q04609,3BXM
Q04609,3D7D
Q04609,3D7F
Q04609,3D7G
Q04609,3D7H
Q04609,3IWW
Q04609,3RBU
Q04609,3SJE
Q04609,3SJF
Q04609,3SJG
Q04609,3SJX
Q04609,4JYW
Q04609,4JZ0
Q04609,4LQG
Q04609,4MCP
Q04609,4MCQ
Q04609,4MCR
Q04609,4MCS
Q04609,4NGM
Q04609,4NGN
Q04609,4NGP
Q04609,4NGQ
Q04609,4NGR
Q04609,4NGS
Q04609,4NGT
Q04609,4OC0
Q04609,4OC1
Q04609,4OC2
Q04609,4OC3
Q04609,4OC4
Q04609,4OC5
Q04609,4OME
Q04609,4P44
Q04609,4P45
Q04609,4P4B
Q04609,4P4D
Q04609,4P4E
Q04609,4P4F
Q04609,4P4I
Q04609,4P4J
Q04609,4W9Y
Q04609,4X3R
Q04609,5D29
Q04609,5ELY
Q04609,5F09
Q04609,5O5R
Q04609,5O5T
Q04609,5O5U
Q04609,5OF0
Q04609,6ETY
Q04609,6EZ9
Q04609,6F5L
Q04609,6FE5
Q04609,6H7Y
Q04609,6H7Z
Q04609,6HKJ
Q04609,6HKZ
Q04609,6RBC
Q04609,6RTI
Q04609,6S1X
Q04609,6SGP
Q04609,6SKH
Q04609,7BFZ
Q04609,8BO8
Q04609,8BOL
Q04609,8BOW
Q04609,9HLW
Q04609,9HVI
Q04609,9HVK
Q04609,9HVL
Q04637,1LJ2
Q04637,1UG3
Q04637,8HUJ
Q04637,8J7R
Q04651,3ZLC
Q04656,1AW0
Q04656,1KVI
Q04656,1KVJ
Q04656,1Q8L
Q04656,1S6O
Q04656,1S6U
Q04656,1Y3J
Q04656,1Y3K
Q04656,1YJR
Q04656,1YJT
Q04656,1YJU
Q04656,1YJV
Q04656,2AW0
Q04656,2G9O
Q04656,2GA7
Q04656,2K1R
Q04656,2KIJ
Q04656,2KMV
Q04656,2KMX
Q04656,3CJK
Q04656,5T7L
Q04656,7LU8
Q04660,4U7A
Q04749,6EMK
Q04781,5FG0
Q04781,5FG1
Q04828,1MRQ
Q04828,3C3U
Q04828,3GUG
Q04828,3NTY
Q04828,4YVP
Q04828,6A7A
Q04828,6IJX
Q04828,8JP2
Q04837,1S3O
Q04837,2DUD
Q04837,3ULL
Q04837,6RUP
Q04837,8UZT
Q04839,3LCN
Q05016,3RKU
Q05022,5C9S
Q05022,5NLG
Q05022,5WWM
Q05029,4IN3
Q05029,4Q66
Q05066,1HRY
Q05066,1HRZ
Q05066,1J46
Q05066,1J47
Q05066,7YHO
Q05066,7YHP
Q05066,7YHQ
Q05066,9BVD
Q05085,4OH3
Q05085,5A2N
Q05085,5A2O
Q05193,1DYN
Q05193,2DYN
Q05193,2X2E
Q05193,2X2F
Q05193,3SNH
Q05193,3ZYC
Q05193,4UUD
Q05193,4UUK
Q05193,5D3Q
Q05193,6DLU
Q05193,6DLV
Q05193,6S9A
Q05193,7AX3
Q05193,8SXZ
Q05193,8SZ4
Q05193,8SZ7
Q05193,8SZ8
Q05193,8T0K
Q05193,8T0R
Q05193,8TYM
Q05193,8TYN
Q05209,5HDE
Q05209,5J8R
Q05315,1G86
Q05315,1HDK
Q05315,1LCL
Q05315,1QKQ
Q05315,5XRG
Q05315,5XRH
Q05315,5XRI
Q05315,5XRJ
Q05315,5XRK
Q05315,5XRL
Q05315,5XRM
Q05315,5XRN
Q05315,5XRO
Q05315,5XRP
Q05315,5YT4
Q05315,6A1S
Q05315,6A1T
Q05315,6A1U
Q05315,6A1V
Q05315,6A1X
Q05315,6A1Y
Q05315,6GKQ
Q05315,6GKS
Q05315,6GKT
Q05315,6GKU
Q05315,6GLW
Q05315,6GLX
Q05315,6L64
Q05315,6L67
Q05315,6L68
Q05315,6L6A
Q05315,6L6B
Q05315,6L6C
Q05315,6L6D
Q05315,6QRN
Q05315,8JAE
Q05315,8YQA
Q05315,8YQB
Q05315,8YQC
Q05329,1ES0
Q05329,2OKK
Q05329,7LZ6
Q05344,1WXL
Q05397,1K04
Q05397,1K05
Q05397,1MP8
Q05397,1OW6
Q05397,1OW7
Q05397,1OW8
Q05397,2ETM
Q05397,2IJM
Q05397,3B71
Q05397,3BZ3
Q05397,3PXK
Q05397,3S9O
Q05397,4EBV
Q05397,4EBW
Q05397,4GU6
Q05397,4GU9
Q05397,4I4E
Q05397,4I4F
Q05397,4K8A
Q05397,4K9Y
Q05397,4KAB
Q05397,4KAO
Q05397,4NY0
Q05397,4Q9S
Q05397,6I8Z
Q05397,6LES
Q05397,6PW8
Q05397,6YOJ
Q05397,6YQ1
Q05397,6YR9
Q05397,6YT6
Q05397,6YVS
Q05397,6YVY
Q05397,6YXV
Q05397,7PI4
Q05397,7W7Z
Q05397,7W8B
Q05397,7W8I
Q05397,7W9U
Q05469,8ZVQ
Q05541,7TVE
Q05541,7YMD
Q05541,8WJN
Q05567,3MC6
Q05586,2HQW
Q05586,2NR1
Q05586,3BYA
Q05586,5H8F
Q05586,5H8H
Q05586,5H8N
Q05586,5H8Q
Q05586,5I2K
Q05586,5I2N
Q05586,5KCJ
Q05586,5KDT
Q05586,5TP9
Q05586,5TPA
Q05586,6IRA
Q05586,6IRF
Q05586,6IRG
Q05586,6IRH
Q05586,7EOQ
Q05586,7EOR
Q05586,7EOS
Q05586,7EOT
Q05586,7EOU
Q05586,7EU7
Q05586,7EU8
Q05586,8E92
Q05586,8E93
Q05586,8E94
Q05586,8E97
Q05586,8E98
Q05586,8E99
Q05586,8JIZ
Q05586,8JJ0
Q05586,8JJ1
Q05586,8JJ2
Q05586,8UUE
Q05586,8VUL
Q05586,8VUN
Q05586,8VUQ
Q05586,8VUR
Q05586,8VUS
Q05586,8VUT
Q05586,8VUU
Q05586,8VUV
Q05586,8ZH7
Q05586,9GIC
Q05586,9GID
Q05586,9GIE
Q05586,9GIF
Q05586,9IYP
Q05586,9IYQ
Q05586,9MUL
Q05586,9MUM
Q05652,1IK7
Q05652,1YGO
Q05655,1YRK
Q05655,2YUU
Q05683,3CUP
Q05769,1CVU
Q05769,1CX2
Q05769,1DDX
Q05769,1PXX
Q05769,3HS5
Q05769,3HS6
Q05769,3HS7
Q05769,3KRK
Q05769,3LN0
Q05769,3LN1
Q05769,3MDL
Q05769,3MQE
Q05769,3NT1
Q05769,3NTB
Q05769,3NTG
Q05769,3OLT
Q05769,3OLU
Q05769,3PGH
Q05769,3Q7D
Q05769,3QH0
Q05769,3QMO
Q05769,3RR3
Q05769,3TZI
Q05769,4COX
Q05769,4E1G
Q05769,4FM5
Q05769,4M10
Q05769,4M11
Q05769,4OTJ
Q05769,4OTY
Q05769,4PH9
Q05769,4RRW
Q05769,4RRX
Q05769,4RRY
Q05769,4RRZ
Q05769,4RS0
Q05769,4RUT
Q05769,4Z0L
Q05769,5COX
Q05769,5FDQ
Q05769,5JVY
Q05769,5JVZ
Q05769,5JW1
Q05769,5W58
Q05769,6BL3
Q05769,6BL4
Q05769,6COX
Q05769,6OFY
Q05769,6V3R
Q05769,8ET0
Q05776,4XHR
Q05776,4XIZ
Q05776,4YTW
Q05776,4YTX
Q05776,5JQL
Q05776,5JQM
Q05776,6KYL
Q05789,5KC1
Q05816,4AZN
Q05816,4AZO
Q05816,4AZP
Q05816,4AZQ
Q05816,7FYW
Q05823,1WDY
Q05823,4G8K
Q05823,4G8L
Q05823,4OAU
Q05823,4OAV
Q05905,3RBY
Q05926,2M80
Q05996,8RKE
Q05996,8RKF
Q059U7,7Q3E
Q06058,7RSL
Q06078,4NSX
Q06124,2SHP
Q06124,3B7O
Q06124,3MOW
Q06124,3O5X
Q06124,3TKZ
Q06124,3TL0
Q06124,3ZM0
Q06124,3ZM1
Q06124,3ZM2
Q06124,3ZM3
Q06124,4DGP
Q06124,4DGX
Q06124,4GWF
Q06124,4H1O
Q06124,4H34
Q06124,4JE4
Q06124,4JEG
Q06124,4JMG
Q06124,4NWF
Q06124,4NWG
Q06124,4OHD
Q06124,4OHE
Q06124,4OHH
Q06124,4OHI
Q06124,4OHL
Q06124,4PVG
Q06124,4QSY
Q06124,4RDD
Q06124,5BK8
Q06124,5DF6
Q06124,5EHP
Q06124,5EHR
Q06124,5I6V
Q06124,5IBM
Q06124,5IBS
Q06124,5X7B
Q06124,5X94
Q06124,5XZR
Q06124,6ATD
Q06124,6BMR
Q06124,6BMU
Q06124,6BMV
Q06124,6BMW
Q06124,6BMX
Q06124,6BMY
Q06124,6BN5
Q06124,6CMP
Q06124,6CMQ
Q06124,6CMR
Q06124,6CMS
Q06124,6CRF
Q06124,6CRG
Q06124,6MD7
Q06124,6MD9
Q06124,6MDA
Q06124,6MDB
Q06124,6MDC
Q06124,6MDD
Q06124,6WU8
Q06124,7EMN
Q06124,7JVM
Q06124,7JVN
Q06124,7R75
Q06124,7R7D
Q06124,7R7I
Q06124,7R7L
Q06124,7RCT
Q06124,7TVJ
Q06124,7VXG
Q06124,7XHQ
Q06124,8B5Y
Q06124,8CBH
Q06124,8GWW
Q06124,8RZW
Q06124,8RZY
Q06124,8S01
Q06124,8S04
Q06124,8S06
Q06124,8S07
Q06124,8S0H
Q06124,8S0I
Q06124,8S0J
Q06124,8S0K
Q06124,8S0O
Q06124,8S0P
Q06124,8S0Q
Q06124,8S0S
Q06124,8T6D
Q06124,8T6G
Q06124,8T7Q
Q06124,8T8Q
Q06124,8U7W
Q06124,8U7X
Q06124,8WFY
Q06124,8WX7
Q06124,9BLG
Q06142,2BKU
Q06142,3ND2
Q06144,8IAJ
Q06144,8IAK
Q06144,8IAM
Q06263,2LUH
Q06263,2RKK
Q06263,2RKL
Q06263,3MHV
Q06263,5H7P
Q06263,5UIE
Q06263,5XMK
Q06263,6OO2
Q06265,2NN6
Q06265,6D6Q
Q06265,6D6R
Q06265,6H25
Q06265,9G8N
Q06265,9G8P
Q06278,4UHW
Q06278,4UHX
Q06278,5EPG
Q06278,6Q6Q
Q06278,7OPN
Q06278,7ORC
Q06278,8EMT
Q06287,2V3J
Q06287,2V3K
Q06287,3OII
Q06287,3OIJ
Q06287,3OIN
Q06321,5GL5
Q06321,5XVM
Q06338,7C4H
Q06385,2ZIH
Q06385,2ZII
Q06385,4TU3
Q06389,1FPW
Q06389,2JU0
Q06449,1YNZ
Q06449,1ZX6
Q06489,1W2W
Q06506,4J0X
Q06507,6IRR
Q06520,1EFH
Q06520,1J99
Q06520,1OV4
Q06520,2QP3
Q06520,2QP4
Q06520,3F3Y
Q06520,4IFB
Q06609,1B22
Q06609,1N0W
Q06609,5H1B
Q06609,5H1C
Q06609,5JZC
Q06609,5NP7
Q06609,5NWL
Q06609,7C9A
Q06609,7EJC
Q06609,7EJE
Q06609,8BQ2
Q06609,8BR2
Q06609,8BSC
Q06609,8GYK
Q06609,8JND
Q06609,8JNE
Q06609,8JNF
Q06609,8PBC
Q06609,8PBD
Q06609,8R64
Q06609,8RCD
Q06609,8RCF
Q06609,8XBT
Q06609,8XBU
Q06609,8XBV
Q06609,8XBW
Q06609,8XBX
Q06609,8XBY
Q06609,9I62
Q06672,6G03
Q06677,1PGY
Q06681,5YQI
Q06681,5YQQ
Q06681,5YS0
Q06681,6CAY
Q06685,9GR8
Q06685,9GRH
Q06685,9GRN
Q06685,9GRO
Q06696,2CAY
Q06696,2J9U
Q06697,3V46
Q06697,4DM4
Q06705,7WVT
Q06705,7WWD
Q06705,7WWE
Q06705,7WWG
Q06706,5CQS
Q06787,2BKD
Q06787,2FMR
Q06787,2LA5
Q06787,2QND
Q06787,4OVA
Q06787,4QVZ
Q06787,4QW2
Q06787,5DE5
Q06787,5DE8
Q06787,5DEA
Q06830,2RII
Q06830,3HY2
Q06830,4XCS
Q06830,7LJ1
Q06830,7WET
Q06830,7WEU
Q06830,8X71
Q06830,8X73
Q06830,8Z54
Q06830,8Z55
Q06830,8Z56
Q06830,8Z57
Q06830,8Z58
Q06830,9B7A
Q06830,9LNH
Q06850,2AAO
Q06892,3AFO
Q06ZW0,2H5F
Q07021,1P32
Q07021,3RPX
Q07021,6SZW
Q07021,7TE3
Q07075,4KX7
Q07075,4KX8
Q07075,4KX9
Q07075,4KXA
Q07075,4KXB
Q07075,4KXC
Q07075,4KXD
Q07084,5KBX
Q07139,2COU
Q07157,2H2B
Q07157,2H2C
Q07157,2H3M
Q07157,2JWE
Q07157,2KXR
Q07157,2RCZ
Q07157,3CYY
Q07157,3LH5
Q07157,3SHU
Q07157,3SHW
Q07157,3TSV
Q07157,3TSW
Q07157,3TSZ
Q07157,4OEO
Q07157,4OEP
Q07157,4Q2Q
Q07157,4YYX
Q07307,5I6C
Q07343,1F0J
Q07343,1RO6
Q07343,1RO9
Q07343,1ROR
Q07343,1TB5
Q07343,1XLX
Q07343,1XLZ
Q07343,1XM4
Q07343,1XM6
Q07343,1XMU
Q07343,1XMY
Q07343,1XN0
Q07343,1XOS
Q07343,1XOT
Q07343,1Y2H
Q07343,1Y2J
Q07343,2CHM
Q07343,2QYL
Q07343,3D3P
Q07343,3FRG
Q07343,3G45
Q07343,3GWT
Q07343,3HC8
Q07343,3HDZ
Q07343,3HMV
Q07343,3KKT
Q07343,3LY2
Q07343,3O0J
Q07343,3O56
Q07343,3O57
Q07343,3W5E
Q07343,3WD9
Q07343,4KP6
Q07343,4MYQ
Q07343,4NW7
Q07343,4WZI
Q07343,4X0F
Q07343,5K6J
Q07343,5LAQ
Q07343,5OHJ
Q07343,6BOJ
Q07343,8OEG
Q07449,5IN2
Q07540,2FQL
Q07540,2GA5
Q07540,3OEQ
Q07540,3OER
Q07540,4EC2
Q07617,6I57
Q07617,7BEV
Q07623,2MZJ
Q07654,1E9T
Q07654,1PE3
Q07654,6V1C
Q07666,2XA6
Q07666,3QHE
Q07666,7Z89
Q07666,7Z8A
Q07666,7Z9A
Q07666,7Z9B
Q07666,7ZAB
Q07666,7ZAC
Q07666,7ZAF
Q07666,7ZAM
Q07729,6OH9
Q07729,6OHA
Q07812,1F16
Q07812,2G5B
Q07812,2K7W
Q07812,2LR1
Q07812,3PK1
Q07812,3PL7
Q07812,4BD2
Q07812,4BD6
Q07812,4BD7
Q07812,4BD8
Q07812,4BDU
Q07812,4S0O
Q07812,4S0P
Q07812,4UF2
Q07812,4ZIE
Q07812,4ZIF
Q07812,4ZIG
Q07812,4ZIH
Q07812,4ZII
Q07812,5W5X
Q07812,5W5Z
Q07812,5W60
Q07812,5W61
Q07812,6EB6
Q07812,6L8V
Q07812,6L95
Q07812,6TRR
Q07812,6XY6
Q07812,7ADT
Q07812,8G1T
Q07812,8SPE
Q07812,8SPF
Q07812,8SPZ
Q07812,8SRX
Q07812,8SRY
Q07812,8SVK
Q07812,9IXU
Q07832,5DMS
Q07832,5DMV
Q07832,5DNJ
Q07832,5X3S
Q07837,6YUZ
Q07837,8WK6
Q07845,7Y18
Q07845,8J5Y
Q07879,4EBR
Q07879,4GSK
Q07912,1CF4
Q07912,1U46
Q07912,1U4D
Q07912,1U54
Q07912,3EQP
Q07912,3EQR
Q07912,4EWH
Q07912,4HZR
Q07912,4HZS
Q07912,4ID7
Q07912,5ZXB
Q07912,6VQM
Q07912,7KP6
Q07912,8FE9
Q07912,8FZ3
Q07912,8HMT
Q07912,8Q5P
Q07912,8THA
Q07923,1T0I
Q07930,2JKD
Q07930,2MKC
Q07930,2MY3
Q07930,3ELS
Q07930,3ELV
Q07932,5X3L
Q07955,1X4A
Q07955,2M7S
Q07955,2M8D
Q07955,2O3D
Q07955,3BEG
Q07955,4C0O
Q07955,6HPJ
Q08001,5YQR
Q08012,2A36
Q08012,2A37
Q08012,2AZS
Q08012,2AZV
Q08012,7Y4N
Q08012,8Z0N
Q08109,5V6P
Q08109,6VJY
Q08109,6VK1
Q08116,2BV1
Q08162,2VNU
Q08179,3SKQ
Q08180,4OF8
Q08188,1L9M
Q08188,1L9N
Q08188,1NUD
Q08188,1NUF
Q08188,1NUG
Q08188,8OXV
Q08188,8OXW
Q08188,8OXX
Q08188,8OXY
Q08188,8RMX
Q08188,8RMY
Q08209,1AUI
Q08209,1M63
Q08209,1MF8
Q08209,2JOG
Q08209,2JZI
Q08209,2P6B
Q08209,2R28
Q08209,2W73
Q08209,3LL8
Q08209,4F0Z
Q08209,4Q5U
Q08209,5C1V
Q08209,5SVE
Q08209,6NUC
Q08209,6NUF
Q08209,6NUU
Q08209,6UUQ
Q08209,9B9G
Q08211,3LLM
Q08211,3VYX
Q08211,3VYY
Q08211,8SZP
Q08211,9MFO
Q08211,9MFT
Q08215,5VXV
Q08230,2LM4
Q08236,3ULB
Q08236,3ULC
Q08257,1YB5
Q08285,2JA9
Q08288,1WJV
Q08297,9UI4
Q08297,9UI7
Q08297,9UI8
Q08297,9UI9
Q08379,4REY
Q08379,6IW8
Q08379,6IWA
Q08379,6K06
Q08380,1BY2
Q08380,6GFB
Q08457,3X38
Q08467,6XX6
Q08467,6XX7
Q08467,6XX8
Q08467,6XX9
Q08467,6Z1C
Q08491,4ZKD
Q08491,4ZKE
Q08499,1E9K
Q08499,1MKD
Q08499,1OYN
Q08499,1PTW
Q08499,1Q9M
Q08499,1TB7
Q08499,1TBB
Q08499,1XOM
Q08499,1XON
Q08499,1XOQ
Q08499,1XOR
Q08499,1Y2B
Q08499,1Y2C
Q08499,1Y2D
Q08499,1Y2E
Q08499,1Y2K
Q08499,1ZKN
Q08499,2FM0
Q08499,2FM5
Q08499,2PW3
Q08499,2QYN
Q08499,3G4G
Q08499,3G4I
Q08499,3G4K
Q08499,3G4L
Q08499,3G58
Q08499,3IAD
Q08499,3IAK
Q08499,3K4S
Q08499,3SL3
Q08499,3SL4
Q08499,3SL5
Q08499,3SL6
Q08499,3SL8
Q08499,3V9B
Q08499,4OGB
Q08499,4W1O
Q08499,4WCU
Q08499,5K1I
Q08499,5K32
Q08499,5LBO
Q08499,5TKB
Q08499,5WH5
Q08499,5WH6
Q08499,5WQA
Q08499,6AKR
Q08499,6F6U
Q08499,6F8R
Q08499,6F8T
Q08499,6F8U
Q08499,6F8V
Q08499,6F8W
Q08499,6F8X
Q08499,6FDC
Q08499,6FDI
Q08499,6FE7
Q08499,6FEB
Q08499,6FET
Q08499,6FT0
Q08499,6FTA
Q08499,6FTW
Q08499,6FW3
Q08499,6HWO
Q08499,6IAG
Q08499,6IBF
Q08499,6IM6
Q08499,6IMB
Q08499,6IMD
Q08499,6IMI
Q08499,6IMO
Q08499,6IMR
Q08499,6IMT
Q08499,6IND
Q08499,6INK
Q08499,6INM
Q08499,6KJZ
Q08499,6KK0
Q08499,6LRM
Q08499,6NJH
Q08499,6NJI
Q08499,6NJJ
Q08499,6RCW
Q08499,6ZBA
Q08499,7A8Q
Q08499,7A9V
Q08499,7AAG
Q08499,7AB9
Q08499,7ABD
Q08499,7ABE
Q08499,7ABJ
Q08499,7AY6
Q08499,7B9H
Q08499,7CBJ
Q08499,7CBQ
Q08499,7F2K
Q08499,7F2L
Q08499,7F2M
Q08499,7W4X
Q08499,7W4Y
Q08499,7XAA
Q08499,7XAB
Q08499,7XBB
Q08499,7YQF
Q08499,7YSX
Q08499,8K4C
Q08499,8K4H
Q08499,8W4Q
Q08499,8W4R
Q08499,8WDN
Q08499,8WDO
Q08499,8XXS
Q08499,8YLC
Q08499,8ZQ1
Q08499,8ZQ2
Q08499,8ZQU
Q08499,8ZQW
Q08499,9LO7
Q08509,1AOJ
Q08509,1I07
Q08509,1I0C
Q08601,4F6O
Q08601,4F6P
Q08641,7AD9
Q08641,7BTE
Q08641,8PVX
Q08647,7MZV
Q08686,3UTN
Q08722,2JJS
Q08722,2JJT
Q08722,2VSC
Q08722,4CMM
Q08722,4KJY
Q08722,5IWL
Q08722,5TZ2
Q08722,5TZT
Q08722,5TZU
Q08722,7MYZ
Q08722,7WN8
Q08722,7XJF
Q08722,7YGG
Q08722,8RP8
Q08722,8ZCA
Q08747,7Z0O
Q08826,1OCS
Q08826,1OCU
Q08830,7TZ2
Q08831,2B6G
Q08831,2D3D
Q08831,2ES6
Q08831,2ESE
Q08831,2F8K
Q08831,2FE9
Q08874,4ATH
Q08874,4ATI
Q08874,4ATK
Q08874,6FX5
Q08874,6G1L
Q08881,1SM2
Q08881,1SNU
Q08881,1SNX
Q08881,2E6I
Q08881,2LMJ
Q08881,2YUQ
Q08881,3MIY
Q08881,3MJ1
Q08881,3MJ2
Q08881,3QGW
Q08881,3QGY
Q08881,3T9T
Q08881,3V5J
Q08881,3V5L
Q08881,3V8T
Q08881,3V8W
Q08881,4HCT
Q08881,4HCU
Q08881,4HCV
Q08881,4KIO
Q08881,4L7S
Q08881,4M0Y
Q08881,4M0Z
Q08881,4M12
Q08881,4M13
Q08881,4M14
Q08881,4M15
Q08881,4MF0
Q08881,4MF1
Q08881,4PP9
Q08881,4PPA
Q08881,4PPB
Q08881,4PPC
Q08881,4PQN
Q08881,4QD6
Q08881,4RFM
Q08945,4IFS
Q08945,5UMR
Q08945,5UMS
Q08945,5VWE
Q08945,6L1E
Q08945,6L1R
Q08945,6L34
Q08945,6UPK
Q08945,6UPL
Q08965,4CLQ
Q08971,2JYN
Q08AE8,2YLE
Q08AE8,2YLF
Q08AE8,3R7G
Q08AE8,3RBW
Q08AG7,6L81
Q08AG7,6M33
Q08AG7,6X0U
Q08BA4,6C08
Q08BA4,7KGV
Q08DA1,4XE5
Q09143,9FQT
Q09143,9FQU
Q09143,9FQV
Q09143,9FQW
Q09293,9G6Z
Q09312,3K5Q
Q09312,3K5Y
Q09312,3K5Z
Q09312,3K61
Q09312,3K62
Q09312,3K64
Q09312,3QG9
Q09312,3QGB
Q09312,3QGC
Q09312,3V6Y
Q09312,3V74
Q09312,6NOC
Q09312,6NOF
Q09312,6NOH
Q09312,6PUN
Q09312,7RZZ
Q09312,7S02
Q09312,8SJ7
Q09312,8VIV
Q09328,5ZIB
Q09328,5ZIC
Q09328,6YJQ
Q09328,6YJR
Q09328,6YJS
Q09328,6YJT
Q09328,6YJU
Q09328,6YJV
Q09328,7YYI
Q09328,7Z07
Q09328,7Z08
Q09328,7Z0B
Q09328,8CE3
Q09328,9F5H
Q09428,6C3O
Q09428,6C3P
Q09428,7S5V
Q09428,7S5X
Q09428,7S5Y
Q09428,7S5Z
Q09428,7S60
Q09428,7S61
Q09490,5AZF
Q09490,5AZG
Q09490,8TGX
Q09711,2L2E
Q09778,4KK0
Q09778,4KK1
Q09884,2L6M
Q09933,5M9E
Q0D9S3,8K66
Q0GRC4,2WMC
Q0GXS4,7AU7
Q0J7P4,6R0L
Q0J7P4,7C9O
Q0J7P4,7C9P
Q0JLP9,4OIC
Q0JNB6,8Y6L
Q0MWV8,2LG4
Q0PF16,2LM3
Q0PF16,3UV9
Q0PF16,4B3N
Q0PF16,5EIU
Q0PF16,5F7T
Q0PF16,5IEA
Q0PF16,5K3Q
Q0QF01,1ZOY
Q0QF01,1ZP0
Q0QF01,3ABV
Q0QF01,3AE1
Q0QF01,3AE2
Q0QF01,3AE3
Q0QF01,3AE4
Q0QF01,3AE5
Q0QF01,3AE6
Q0QF01,3AE7
Q0QF01,3AE8
Q0QF01,3AE9
Q0QF01,3AEA
Q0QF01,3AEB
Q0QF01,3AEC
Q0QF01,3AED
Q0QF01,3AEE
Q0QF01,3AEF
Q0QF01,3AEG
Q0QF01,3SFD
Q0QF01,3SFE
Q0QF01,4YTP
Q0QF01,4YXD
Q0VBL6,7V7L
Q0VBL6,7V7W
Q0VCY0,3TLM
Q0WQE7,9NA8
Q0WQE7,9NA9
Q0WQE7,9NBA
Q0WQE7,9NBB
Q0WQE7,9NBD
Q0WYX8,5OJ2
Q10103,2RSN
Q10103,3G7L
Q10103,3TIX
Q10113,4ABO
Q10113,5M97
Q10113,5MJS
Q10199,5C1F
Q10214,8J0H
Q10356,4GE0
Q10356,4GE3
Q10356,4QYT
Q10361,2WLB
Q10469,5VCM
Q10469,5VCR
Q10469,5VCS
Q10471,2FFU
Q10471,2FFV
Q10471,4D0T
Q10471,4D0Z
Q10471,4D11
Q10471,5AJN
Q10471,5AJO
Q10471,5AJP
Q10471,5FV9
Q10471,5NDF
Q10471,6E7I
Q10471,6EGS
Q10471,6NQT
Q10589,2LK9
Q10589,2X7A
Q10589,2XG7
Q10589,3MQ7
Q10589,3MQ9
Q10589,3MQB
Q10589,3MQC
Q10589,3NWH
Q10589,6CM9
Q10589,6CRI
Q10589,6D83
Q10589,6D84
Q10589,6DFF
Q10589,7Q9A
Q10651,2M05
Q10651,3K66
Q10651,3K6B
Q10666,3C2G
Q10740,2XPY
Q10740,2XPZ
Q10740,2XQ0
Q10741,2AO7
Q10741,5L0Q
Q10741,8GH4
Q10J20,8VCZ
Q10J20,8VD1
Q10QA5,3VXK
Q10QA5,3W04
Q10QA5,3W05
Q10QA5,3WIO
Q10QA5,4IH9
Q10QA5,4IHA
Q10QA5,5DJ5
Q10QA5,5YZ7
Q10QA5,5ZHR
Q10QA5,5ZHS
Q10QA5,5ZHT
Q10QA5,6AP8
Q10QA5,6BRT
Q10QA5,6ELX
Q10QA5,8IF6
Q10QA5,9JQG
Q11120,6E0T
Q12017,7YLU
Q12017,7YLV
Q12017,7YLW
Q12017,7YLX
Q12017,7YLY
Q12018,3O2P
Q12018,3O6B
Q12024,5DTC
Q12038,2OAJ
Q12063,6JCN
Q12068,4PVC
Q12068,4PVD
Q12080,5OOQ
Q12118,2LXB
Q12118,2LXC
Q12118,3ZDM
Q12118,4ASV
Q12118,4ASW
Q12118,5LYP
Q12125,2WPV
Q12125,3LKU
Q12129,8RDD
Q12149,2HBJ
Q12149,2HBK
Q12149,2HBL
Q12149,2HBM
Q12149,4WFC
Q12149,4WFD
Q12149,5C0Y
Q12154,2WOJ
Q12154,3A36
Q12154,3A37
Q12154,3H84
Q12154,3IDQ
Q12154,3SJD
Q12154,3ZS9
Q12154,4PWX
Q12154,4XTR
Q12154,4XVU
Q12154,4XWO
Q12154,5BW8
Q12154,5BWK
Q12163,1YN8
Q12163,2LCS
Q12178,1OX7
Q12178,1P6O
Q12178,1RB7
Q12178,1UAQ
Q12178,1YSB
Q12178,1YSD
Q12178,2O3K
Q12178,8I3N
Q12178,8I3O
Q12178,8I3P
Q12178,8VLJ
Q12178,8VLK
Q12178,8VLL
Q12178,8VLM
Q12184,2MJD
Q12184,2MJE
Q12200,6R4L
Q12200,8QEB
Q12200,8QEC
Q12200,8QED
Q12200,8QEE
Q12200,9F40
Q12200,9F41
Q12230,3PLT
Q12230,8QB8
Q12245,2Z5B
Q12245,2Z5C
Q12255,2FZ0
Q12284,1JR8
Q12284,1JRA
Q12292,2KZK
Q12314,5C74
Q12314,5C77
Q12314,5H5D
Q12314,5H5E
Q12314,5H5F
Q12315,3PEU
Q12315,3PEV
Q12315,3RRN
Q12324,6WHG
Q12339,4MJ7
Q12389,8V85
Q12400,4JWJ
Q12405,2Y6U
Q12405,2Y6V
Q12440,1LDD
Q12449,6XLB
Q12449,6XLD
Q12449,6XLE
Q12449,6XLF
Q12449,6XLG
Q12449,6XLH
Q12453,3VWA
Q12461,2IXN
Q12464,5OUN
Q12464,8ETS
Q12464,8ETU
Q12464,8ETW
Q12464,8EU9
Q12464,8EUF
Q12464,9C9G
Q12464,9C9S
Q12464,9C9T
Q12464,9C9Z
Q12464,9CAN
Q12464,9CAT
Q12464,9CCD
Q12509,6GEJ
Q12509,6GEN
Q12509,8QKU
Q12509,8QKV
Q12509,8QYV
Q12509,8QZ0
Q12509,9B1D
Q12509,9B1E
Q12509,9FBW
Q12513,6QL5
Q12513,6QL7
Q12517,1Q67
Q12530,6W6V
Q12530,7C79
Q12530,7C7A
Q12567,1IBQ
Q12675,7KY5
Q12675,7KY7
Q12675,7KY8
Q12675,7KY9
Q12675,7KYA
Q12713,7ZY9
Q12713,7ZYA
Q12718,1GYC
Q12745,3K8P
Q12756,4EGX
Q12756,4EJQ
Q12756,4UXO
Q12756,4UXP
Q12756,4UXR
Q12756,4UXS
Q12756,8UTN
Q12756,8UTO
Q12756,8UTP
Q12756,8UTQ
Q12756,8UTR
Q12756,8UTS
Q12756,8UTT
Q12756,8UTU
Q12756,8UTV
Q12756,8UTW
Q12756,8UTY
Q12770,6M49
Q12770,7ETW
Q12772,1UKL
Q12778,3CO6
Q12778,3CO7
Q12778,3COA
Q12778,5DUI
Q12778,6LBI
Q12778,6QVW
Q12778,6QZR
Q12778,6QZS
Q12778,8A62
Q12778,8A65
Q12791,2K44
Q12791,3MT5
Q12791,3NAF
Q12791,6ND0
Q12791,6V22
Q12791,6V35
Q12791,6V38
Q12791,6V3G
Q12791,6V5A
Q12791,7YNZ
Q12791,7YO0
Q12791,7YO1
Q12791,7YO2
Q12791,7YO3
Q12791,7YO4
Q12791,7YO5
Q12791,8GH9
Q12791,8GHF
Q12791,8GHG
Q12791,8V60
Q12791,8V63
Q12791,8V64
Q12791,8VAV
Q12791,8VAZ
Q12791,8Z3S
Q12791,9CZH
Q12791,9CZJ
Q12791,9CZK
Q12791,9CZM
Q12791,9CZO
Q12791,9CZQ
Q12791,9D18
Q12791,9D19
Q12791,9JO3
Q12791,9JO4
Q12794,2PE4
Q12797,5APA
Q12797,5JQY
Q12797,5JTC
Q12797,5JZ6
Q12797,5JZ8
Q12797,5JZA
Q12797,5JZU
Q12797,6Q9F
Q12797,6Q9I
Q12797,6QA5
Q12797,6RK9
Q12797,6YYU
Q12797,6YYV
Q12797,6YYW
Q12797,6YYX
Q12797,6YYY
Q12797,6Z6Q
Q12797,6Z6R
Q12797,7BMI
Q12797,7BMJ
Q12797,7E6J
Q12797,7YB8
Q12797,7YB9
Q12797,7YBA
Q12797,7YBB
Q12797,7YBC
Q12797,8RE5
Q12797,8RE6
Q12797,8RE7
Q12797,8RE8
Q12797,8RE9
Q12809,1BYW
Q12809,1UJL
Q12809,2L0W
Q12809,2L1M
Q12809,2L4R
Q12809,2LE7
Q12809,2N7G
Q12809,4HP9
Q12809,4HQA
Q12809,5VA1
Q12809,5VA2
Q12809,5VA3
Q12809,6SYG
Q12809,8IO4
Q12809,8IO5
Q12809,8IOB
Q12809,8ZYN
Q12809,8ZYO
Q12809,8ZYP
Q12809,8ZYQ
Q12809,9CHP
Q12809,9CHQ
Q12809,9CHR
Q12809,9CHS
Q12834,4GGA
Q12834,4GGC
Q12834,4GGD
Q12834,4N14
Q12834,6F0X
Q12834,9I68
Q12834,9I69
Q12834,9I6A
Q12849,2LMI
Q12849,4QU6
Q12849,4QU7
Q12866,2DBJ
Q12866,2P0C
Q12866,3BPR
Q12866,3BRB
Q12866,3TCP
Q12866,4M3Q
Q12866,4MH7
Q12866,4MHA
Q12866,5K0K
Q12866,5K0X
Q12866,5TC0
Q12866,5TD2
Q12866,5U6C
Q12866,6MEP
Q12866,7AAX
Q12866,7AAY
Q12866,7AAZ
Q12866,7AB0
Q12866,7AB1
Q12866,7AB2
Q12866,7AVX
Q12866,7AVY
Q12866,7AVZ
Q12866,7AW0
Q12866,7AW1
Q12866,7AW2
Q12866,7AW3
Q12866,7AW4
Q12866,7CQE
Q12866,7DXL
Q12866,7M5Z
Q12866,7OAM
Q12866,7OLS
Q12866,7OLV
Q12866,7OLX
Q12866,7XHY
Q12866,9BHI
Q12866,9BHJ
Q12866,9BHK
Q12879,8VUH
Q12879,8VUJ
Q12884,1Z68
Q12884,6Y0F
Q12884,9DVQ
Q12884,9DVR
Q12904,1E7Z
Q12904,1EUJ
Q12904,1FL0
Q12904,8J9S
Q12904,8ONG
Q12906,2L33
Q12906,3P1X
Q12906,7RJM
Q12906,7RJQ
Q12931,4Z1F
Q12931,4Z1G
Q12931,4Z1H
Q12931,4Z1I
Q12931,5F3K
Q12931,5F5R
Q12931,5HPH
Q12931,5Y3N
Q12931,5Y3O
Q12931,6XG6
Q12931,7C04
Q12931,7C05
Q12931,7C7B
Q12931,7C7C
Q12931,7KCK
Q12931,7KCL
Q12931,7KCM
Q12931,7KLU
Q12931,7KLV
Q12931,7U8U
Q12931,7U8V
Q12931,7U8W
Q12931,7U8X
Q12931,7ULK
Q12933,1CA4
Q12933,1CA9
Q12933,1CZY
Q12933,1CZZ
Q12933,1D00
Q12933,1D0A
Q12933,1D0J
Q12933,1F3V
Q12933,1QSC
Q12933,3KNV
Q12933,3M06
Q12933,3M0A
Q12933,3M0D
Q12933,8T5Q
Q12959,1PDR
Q12959,2M3M
Q12959,2OQS
Q12959,2X7Z
Q12959,3LRA
Q12959,3RL7
Q12959,3RL8
Q12959,3W9Y
Q12959,4AMH
Q12959,4G69
Q12959,7PC3
Q12959,8CN1
Q12959,8CN3
Q13002,3QXM
Q13017,2EE4
Q13017,2EE5
Q13017,5U4V
Q13042,3HYM
Q13049,2CT2
Q13049,5FEY
Q13093,3D59
Q13093,3D5E
Q13093,3F96
Q13093,3F97
Q13093,3F98
Q13093,3F9C
Q13093,5I8P
Q13093,5I9I
Q13093,5JAD
Q13093,5JAH
Q13093,5JAL
Q13093,5JAN
Q13093,5JAO
Q13093,5JAP
Q13093,5JAR
Q13093,5JAS
Q13093,5JAT
Q13093,5JAU
Q13093,5LP1
Q13093,5LYY
Q13093,5LZ2
Q13093,5LZ4
Q13093,5LZ5
Q13093,5LZ7
Q13093,5LZ8
Q13093,5LZ9
Q13093,5YE7
Q13093,5YE8
Q13093,5YE9
Q13093,5YEA
Q13093,6M06
Q13093,6M07
Q13093,6M08
Q13107,2Y6E
Q13107,5CTR
Q13112,7Y5K
Q13112,7Y5L
Q13112,7Y5O
Q13112,7Y5U
Q13112,7Y5V
Q13112,7Y60
Q13112,7Y61
Q13112,8IQF
Q13112,8IQG
Q13112,8J6S
Q13112,8J6T
Q13114,1FLK
Q13114,1FLL
Q13114,1KZZ
Q13114,1L0A
Q13114,1RF3
Q13114,1ZMS
Q13114,2ECY
Q13114,2GKW
Q13114,8T5P
Q13114,8ZUK
Q13123,6Q8I
Q13127,2CZY
Q13127,6DU2
Q13127,6DU3
Q13131,4RED
Q13131,4RER
Q13131,4REW
Q13131,6C9F
Q13131,6C9G
Q13131,6C9H
Q13131,6C9J
Q13131,7JHG
Q13131,7JHH
Q13131,7JIJ
Q13131,7M74
Q13133,3IPQ
Q13133,3IPS
Q13133,3IPU
Q13133,5AVI
Q13133,5AVL
Q13133,5HJS
Q13137,2MXP
Q13137,3VVV
Q13137,3VVW
Q13137,4GXL
Q13137,4HAN
Q13137,4XKL
Q13137,5AAQ
Q13137,5Z7A
Q13137,5Z7L
Q13137,7EAA
Q13148,1WF0
Q13148,2CQG
Q13148,2N2C
Q13148,2N3X
Q13148,2N4G
Q13148,2N4H
Q13148,2N4P
Q13148,4BS2
Q13148,4IUF
Q13148,4Y00
Q13148,4Y0F
Q13148,5MDI
Q13148,5MRG
Q13148,5W50
Q13148,5W52
Q13148,5W7V
Q13148,5WHN
Q13148,5WHP
Q13148,5WIA
Q13148,5WIQ
Q13148,5WKB
Q13148,5WKD
Q13148,5X4F
Q13148,6B1G
Q13148,6CF4
Q13148,6CFH
Q13148,6N37
Q13148,6N3A
Q13148,6N3B
Q13148,6N3C
Q13148,6T4B
Q13148,7KWZ
Q13148,7PY2
Q13148,7Q3U
Q13148,8A6I
Q13148,8CG3
Q13148,8CGG
Q13148,8CGH
Q13148,8QX9
Q13148,8QXA
Q13148,8QXB
Q13153,1F3M
Q13153,1YHV
Q13153,1YHW
Q13153,1ZSG
Q13153,2HY8
Q13153,2QME
Q13153,3DVP
Q13153,3FXZ
Q13153,3FY0
Q13153,3Q4Z
Q13153,3Q52
Q13153,3Q53
Q13153,4DAW
Q13153,4EQC
Q13153,4O0R
Q13153,4O0T
Q13153,4P90
Q13153,4ZJI
Q13153,4ZJJ
Q13153,4ZLO
Q13153,4ZY4
Q13153,4ZY5
Q13153,4ZY6
Q13153,5DEW
Q13153,5DEY
Q13153,5DFP
Q13153,5IME
Q13153,5KBQ
Q13153,5KBR
Q13153,6B16
Q13153,7VTO
Q13153,8X5Z
Q13153,9D4V
Q13153,9D4W
Q13153,9D4X
Q13153,9D4Y
Q13153,9D50
Q13162,2PN8
Q13162,3TJB
Q13162,3TJF
Q13162,3TJG
Q13162,3TJJ
Q13162,3TJK
Q13162,3TKP
Q13162,3TKQ
Q13162,3TKR
Q13162,3TKS
Q13162,4RQX
Q13162,5HQP
Q13162,8EKW
Q13162,8EKY
Q13188,3WWS
Q13188,4HKD
Q13188,4L0N
Q13188,4LG4
Q13188,4LGD
Q13188,4OH9
Q13188,5BRM
Q13188,5DH3
Q13188,6AO5
Q13188,6AR2
Q13188,8A66
Q13191,2AK5
Q13191,2DO6
Q13191,2J6F
Q13191,2JNH
Q13191,2LDR
Q13191,2OOA
Q13191,2OOB
Q13191,3VGO
Q13191,8GCY
Q13191,8QNG
Q13191,8QNH
Q13191,8QNI
Q13191,8QTG
Q13191,8QTH
Q13191,8QTJ
Q13191,8QTK
Q13191,8VW4
Q13191,8VW5
Q13191,9FQH
Q13191,9FQI
Q13191,9FQJ
Q13219,7UFG
Q13219,7Y5N
Q13219,7Y5Q
Q13219,8A7D
Q13219,8A7E
Q13219,8D8O
Q13219,8HGG
Q13219,8HGH
Q13224,7KL0
Q13224,7KL1
Q13224,7KL2
Q13224,7UIS
Q13224,7UJP
Q13224,7UJQ
Q13224,7UJR
Q13224,7UJS
Q13224,7UJT
Q13227,2L5G
Q13237,5BV6
Q13237,5C6C
Q13237,5C8W
Q13237,5JIX
Q13237,5JIZ
Q13237,6BQ8
Q13241,1B6E
Q13257,1DUJ
Q13257,1GO4
Q13257,1KLQ
Q13257,1S2H
Q13257,2QYF
Q13257,2V64
Q13257,2VFX
Q13257,3GMH
Q13261,2ERS
Q13261,2Z3Q
Q13261,2Z3R
Q13283,3Q90
Q13283,4FCJ
Q13283,4FCM
Q13283,4IIA
Q13283,5FW5
Q13283,6TA7
Q13283,7S17
Q13283,7SUO
Q13283,7XHF
Q13283,7XHG
Q13283,8TH1
Q13283,8TH5
Q13283,8TH6
Q13283,8TH7
Q13283,8V1L
Q13283,9CC6
Q13283,9IVQ
Q13283,9IVR
Q13283,9IVS
Q13283,9J5S
Q13291,1D4T
Q13291,1D4W
Q13291,1I3Z
Q13291,1KA6
Q13291,1KA7
Q13291,1M27
Q13303,1ZSX
Q13303,7EJ1
Q13303,7EJ2
Q13303,7WF3
Q13303,7WF4
Q13308,6VG3
Q13309,1FQV
Q13309,1FS1
Q13309,1FS2
Q13309,2ASS
Q13309,2AST
Q13309,8BYL
Q13324,3N93
Q13324,3N95
Q13324,3N96
Q13324,7TRY
Q13324,7TS0
Q13332,2FH7
Q13332,2YD2
Q13332,2YD3
Q13332,2YD9
Q13332,4BPC
Q13332,4PBX
Q13336,6QD5
Q13336,8BLP
Q13336,8XDF
Q13336,9J22
Q13342,2MD7
Q13342,2MD8
Q13342,6G8R
Q13342,8J70
Q13342,8J71
Q13363,1MX3
Q13363,4LCE
Q13363,4U6Q
Q13363,4U6S
Q13363,6CDF
Q13363,6CDR
Q13363,6V89
Q13363,6V8A
Q13363,7KWM
Q13363,8ARI
Q13387,8RPP
Q13418,2KBX
Q13418,3F6Q
Q13418,3IXE
Q13418,3KMU
Q13418,3KMW
Q13418,3REP
Q13418,4HI8
Q13418,4HI9
Q13418,6MIB
Q13426,1FU1
Q13426,1IK9
Q13426,3II6
Q13426,3MUD
Q13426,3Q4F
Q13426,3RWR
Q13426,3SR2
Q13426,3W03
Q13426,4XA4
Q13426,5CHX
Q13426,5CJ0
Q13426,5CJ4
Q13426,5E50
Q13426,5WJ7
Q13426,5WLZ
Q13426,6ABO
Q13426,7LSY
Q13426,7LT3
Q13426,7M3P
Q13426,7NFC
Q13426,7NFE
Q13426,8BH3
Q13426,8BHV
Q13426,8BHY
Q13426,8BOT
Q13426,8EZA
Q13426,8EZB
Q13426,9CQ3
Q13426,9CQ6
Q13426,9CQC
Q13426,9N81
Q13426,9N82
Q13426,9N83
Q13432,3GQQ
Q13432,3RBQ
Q13432,4GOJ
Q13432,4GOK
Q13432,5L7K
Q13432,7UMO
Q13432,9GKG
Q13432,9NEM
Q13438,3AIH
Q13445,7RRM
Q13464,1S1C
Q13464,2ESM
Q13464,2ETK
Q13464,2ETR
Q13464,2V55
Q13464,3D9V
Q13464,3NCZ
Q13464,3NDM
Q13464,3O0Z
Q13464,3TV7
Q13464,3TWJ
Q13464,3V8S
Q13464,4L2W
Q13464,4W7P
Q13464,4YVC
Q13464,4YVE
Q13464,5BML
Q13464,5F5P
Q13464,5HVU
Q13464,5KKS
Q13464,5KKT
Q13464,5UZJ
Q13464,5WNE
Q13464,5WNF
Q13464,5WNG
Q13464,5WNH
Q13464,6E9W
Q13464,7JOU
Q13464,7S25
Q13464,7S26
Q13464,8P0S
Q13464,8ZH5
Q13470,7T8J
Q13470,7TCY
Q13470,7TDY
Q13470,7U4W
Q13470,7U4Z
Q13470,9CPL
Q13470,9NGE
Q13470,9O0H
Q13472,4CGY
Q13472,4CHT
Q13478,3WO3
Q13478,4R6U
Q13485,1DD1
Q13485,1G88
Q13485,1MR1
Q13485,1U7V
Q13485,1YGS
Q13485,5C4V
Q13485,5MEY
Q13485,5MEZ
Q13485,5MF0
Q13485,6YIC
Q13489,2UVL
Q13489,3EB5
Q13489,3EB6
Q13489,7NK0
Q13501,1Q02
Q13501,2JY7
Q13501,2JY8
Q13501,2K0B
Q13501,2KNV
Q13501,4UF8
Q13501,4UF9
Q13501,5YP7
Q13501,5YP8
Q13501,5YPA
Q13501,5YPB
Q13501,5YPC
Q13501,5YPE
Q13501,5YPF
Q13501,5YPG
Q13501,5YPH
Q13501,6JM4
Q13501,6KHZ
Q13501,6MIU
Q13501,6MJ7
Q13501,6TGY
Q13501,6TH3
Q13501,7R1O
Q13510,5U7Z
Q13510,6MHM
Q13526,1F8A
Q13526,1I6C
Q13526,1I8G
Q13526,1NMV
Q13526,1NMW
Q13526,1PIN
Q13526,1ZCN
Q13526,2F21
Q13526,2ITK
Q13526,2KBU
Q13526,2KCF
Q13526,2LB3
Q13526,2M8I
Q13526,2M8J
Q13526,2M9E
Q13526,2M9F
Q13526,2M9I
Q13526,2M9J
Q13526,2N1O
Q13526,2Q5A
Q13526,2RUC
Q13526,2RUD
Q13526,2RUQ
Q13526,2RUR
Q13526,2XP3
Q13526,2XP4
Q13526,2XP5
Q13526,2XP6
Q13526,2XP7
Q13526,2XP8
Q13526,2XP9
Q13526,2XPA
Q13526,2XPB
Q13526,2ZQS
Q13526,2ZQT
Q13526,2ZQU
Q13526,2ZQV
Q13526,2ZR4
Q13526,2ZR5
Q13526,2ZR6
Q13526,3I6C
Q13526,3IK8
Q13526,3IKD
Q13526,3IKG
Q13526,3JYJ
Q13526,3KAB
Q13526,3KAC
Q13526,3KAD
Q13526,3KAF
Q13526,3KAG
Q13526,3KAH
Q13526,3KAI
Q13526,3KCE
Q13526,3NTP
Q13526,3ODK
Q13526,3OOB
Q13526,3TC5
Q13526,3TCZ
Q13526,3TDB
Q13526,3WH0
Q13526,4GWT
Q13526,4GWV
Q13526,4QIB
Q13526,4TNS
Q13526,4TYO
Q13526,4U84
Q13526,4U85
Q13526,4U86
Q13526,5B3W
Q13526,5B3X
Q13526,5B3Y
Q13526,5B3Z
Q13526,5BMY
Q13526,5GPH
Q13526,5UY9
Q13526,5VTI
Q13526,5VTJ
Q13526,5VTK
Q13526,6DUN
Q13526,6O33
Q13526,6O34
Q13526,6SVC
Q13526,6SVE
Q13526,6SVH
Q13526,6VAJ
Q13526,7AOG
Q13526,7AXN
Q13526,7AYF
Q13526,7AZ1
Q13526,7AZ2
Q13526,7BDP
Q13526,7BDT
Q13526,7BDY
Q13526,7BFW
Q13526,7BG3
Q13526,7BGQ
Q13526,7BGR
Q13526,7BGV
Q13526,7BGW
Q13526,7EFJ
Q13526,7EFX
Q13526,7EKV
Q13526,7F0M
Q13526,7NIF
Q13526,7NIG
Q13526,7NJ6
Q13526,7NJ8
Q13526,7NJA
Q13526,7NRK
Q13526,7NRL
Q13526,7OQ9
Q13526,7OQA
Q13526,7SA5
Q13526,7SUQ
Q13526,7SUR
Q13526,8C2G
Q13526,8C3C
Q13526,8VJD
Q13526,8VJE
Q13526,8VJF
Q13526,8VJG
Q13526,8VZ3
Q13526,8VZ5
Q13526,8W11
Q13526,9INP
Q13526,9INR
Q13526,9IT1
Q13526,9JYO
Q13526,9JYP
Q13526,9JYR
Q13526,9JYT
Q13526,9JYV
Q13526,9JZ2
Q13526,9JZ3
Q13526,9JZ4
Q13526,9JZ6
Q13526,9JZG
Q13526,9JZS
Q13526,9JZU
Q13526,9JZV
Q13526,9KE7
Q13526,9KE9
Q13526,9KEB
Q13526,9KEC
Q13526,9KEL
Q13526,9KEQ
Q13526,9KES
Q13526,9KEW
Q13526,9KEY
Q13526,9KEZ
Q13526,9KF0
Q13526,9KFC
Q13526,9KFH
Q13526,9KG9
Q13526,9KXH
Q13526,9KXI
Q13526,9KXJ
Q13526,9KXL
Q13526,9KXM
Q13526,9KXN
Q13526,9KXQ
Q13526,9V92
Q13554,3BHH
Q13554,7URW
Q13554,7URY
Q13554,7URZ
Q13561,9B7J
Q13561,9B85
Q13563,2KLD
Q13563,2KLE
Q13563,2KQ6
Q13563,2Y4Q
Q13563,3HRN
Q13563,3HRO
Q13563,5K47
Q13563,5MKE
Q13563,5MKF
Q13563,5T4D
Q13563,6A70
Q13563,6D1W
Q13563,6T9N
Q13563,6T9O
Q13563,6WB8
Q13563,8HK7
Q13563,8K3S
Q13563,8Z6B
Q13563,8Z6F
Q13563,8Z6H
Q13563,8ZKH
Q13563,8ZKR
Q13563,8ZKS
Q13563,8ZKT
Q13563,8ZKU
Q13563,9DLI
Q13563,9DWQ
Q13568,3DSH
Q13574,5ELQ
Q13586,2K60
Q13586,2MAJ
Q13586,3TEQ
Q13586,4O9B
Q13586,6YEL
Q13596,2I4K
Q13596,4FZS
Q13596,8A1G
Q13596,8ABQ
Q13596,8AFZ
Q13609,7KIU
Q13614,1LW3
Q13614,1M7R
Q13614,1ZSQ
Q13614,1ZVR
Q13614,5GNH
Q13618,2MYL
Q13618,2MYM
Q13618,4AP2
Q13618,4APF
Q13618,4EOZ
Q13618,4HXI
Q13618,5NLB
Q13618,6I2M
Q13618,8I79
Q13618,8K8T
Q13618,8U80
Q13618,8U81
Q13618,8U82
Q13618,8U83
Q13618,8U84
Q13636,2FG5
Q13637,4CYM
Q13637,4CZ2
Q13637,5OEC
Q13637,5OED
Q13637,6FF8
Q13641,4CNC
Q13641,4CNM
Q13651,1J7V
Q13651,1LQS
Q13651,1Y6K
Q13651,1Y6M
Q13651,1Y6N
Q13651,5IXI
Q13651,6X93
Q13733,8ZYJ
Q13740,5A2F
Q13765,3MCE
Q13765,7QWS
Q13769,7APK
Q13769,7ZNK
Q13769,7ZNL
Q13822,4ZG6
Q13822,4ZG7
Q13822,4ZG9
Q13822,4ZGA
Q13822,5KXA
Q13822,5M7M
Q13822,5MHP
Q13822,8C3O
Q13822,8C3P
Q13867,1CB5
Q13867,2CB5
Q13867,7V5L
Q13867,7V5S
Q13867,7V5T
Q13867,7XF9
Q13873,2HLQ
Q13873,3G2F
Q13873,6UNP
Q13873,7PPA
Q13873,7PPB
Q13873,7U5O
Q13946,1ZKL
Q13946,3G3N
Q13946,4PM0
Q13946,4Y2B
Q13948,8WQE
Q13948,8WQF
Q13948,8WQI
Q14002,4Y89
Q14008,4QMI
Q14008,4QMJ
Q14008,9F4C
Q14011,1X5S
Q14011,5TBX
Q14011,8CMK
Q14019,1T2L
Q14019,1T3X
Q14019,1T3Y
Q14019,1TMW
Q14019,1VFQ
Q14019,1WNJ
Q14061,2L0Y
Q14061,2LGQ
Q14061,2RN9
Q14061,2RNB
Q14108,4F7B
Q14108,4Q4B
Q14108,4Q4F
Q14108,4TVZ
Q14108,4TW0
Q14108,4TW2
Q14108,5UPH
Q14108,5XBM
Q14108,6I2K
Q14114,3A7Q
Q14114,5B4X
Q14114,5B4Y
Q14114,7UCX
Q14116,1J0S
Q14116,2VXT
Q14116,3F62
Q14116,3WO2
Q14116,4EEE
Q14116,4EKX
Q14116,4HJJ
Q14116,4XFS
Q14116,4XFT
Q14116,4XFU
Q14116,7AL7
Q14116,8URV
Q14116,9OD7
Q14116,9OD9
Q14118,1EG4
Q14118,2MK7
Q14118,5GGP
Q14118,5LLK
Q14118,6JJY
Q14118,7E9K
Q14118,7E9L
Q14118,8UF4
Q14126,2YQG
Q14126,5ERD
Q14126,6QNT
Q14126,6QNU
Q14126,6SIT
Q14126,7AGF
Q14126,7AGG
Q14126,8QJX
Q14126,8QJY
Q14134,2CSV
Q14141,2QAG
Q14141,6UPA
Q14141,6WBP
Q14141,7M6J
Q14145,1U6D
Q14145,1ZGK
Q14145,2FLU
Q14145,3VNG
Q14145,3VNH
Q14145,3ZGC
Q14145,3ZGD
Q14145,4CXI
Q14145,4CXJ
Q14145,4CXT
Q14145,4IFJ
Q14145,4IFL
Q14145,4IFN
Q14145,4IN4
Q14145,4IQK
Q14145,4L7B
Q14145,4L7C
Q14145,4L7D
Q14145,4N1B
Q14145,4XMB
Q14145,5DAD
Q14145,5DAF
Q14145,5F72
Q14145,5GIT
Q14145,5WFL
Q14145,5WFV
Q14145,5WG1
Q14145,5WHL
Q14145,5WHO
Q14145,5WIY
Q14145,5X54
Q14145,6FFM
Q14145,6FMP
Q14145,6FMQ
Q14145,6HWS
Q14145,6LRZ
Q14145,6ROG
Q14145,6SP1
Q14145,6SP4
Q14145,6T7V
Q14145,6T7Z
Q14145,6TG8
Q14145,6TYM
Q14145,6TYP
Q14145,6UF0
Q14145,6V6Z
Q14145,6W66
Q14145,6W67
Q14145,6W68
Q14145,6W69
Q14145,6WCQ
Q14145,6Z6A
Q14145,7EXI
Q14145,7K28
Q14145,7K29
Q14145,7K2A
Q14145,7K2B
Q14145,7K2C
Q14145,7K2D
Q14145,7K2E
Q14145,7K2F
Q14145,7K2G
Q14145,7K2H
Q14145,7K2I
Q14145,7K2J
Q14145,7K2K
Q14145,7K2L
Q14145,7K2M
Q14145,7K2N
Q14145,7K2O
Q14145,7K2P
Q14145,7K2Q
Q14145,7K2R
Q14145,7K2S
Q14145,7Q5H
Q14145,7Q6Q
Q14145,7Q6S
Q14145,7Q8R
Q14145,7Q96
Q14145,7X4W
Q14145,7X4X
Q14145,7XM2
Q14145,7XM3
Q14145,7XM4
Q14145,7XM5
Q14145,7XOT
Q14145,8EHV
Q14145,8EJR
Q14145,8EJS
Q14145,8IVG
Q14145,8IVR
Q14145,8IXS
Q14145,8PKS
Q14145,8PKU
Q14145,8PKV
Q14145,8PKW
Q14145,8PKX
Q14145,8WFG
Q14145,8X34
Q14145,8XGK
Q14145,8XGV
Q14145,9DU7
Q14145,9ETX
Q14145,9ETY
Q14145,9J70
Q14145,9J71
Q14145,9J7F
Q14145,9J7G
Q14149,4QQ4
Q14149,5SVI
Q14149,5SVX
Q14149,5SVY
Q14149,6O1E
Q14149,6O5W
Q14152,3J8B
Q14152,3J8C
Q14152,6YBT
Q14154,8D9X
Q14156,9BAX
Q14160,1UJU
Q14160,1WHA
Q14160,1X5Q
Q14160,2W4F
Q14160,4WYT
Q14160,4WYU
Q14160,5VWC
Q14160,5VWI
Q14160,5VWK
Q14160,6EEY
Q14160,6ESP
Q14160,6MS1
Q14160,6MTU
Q14160,6MTV
Q14160,6MYE
Q14160,6MYF
Q14160,6XA6
Q14160,6XA7
Q14160,6XA8
Q14160,7JO7
Q14160,7QRS
Q14160,7QRT
Q14160,7QS8
Q14160,7QS9
Q14160,7QSA
Q14160,7QSB
Q14160,7QTO
Q14160,7QTP
Q14160,7QTU
Q14160,8B82
Q14160,8B87
Q14160,8B8O
Q14160,8B9T
Q14160,8BIA
Q14160,8BJ0
Q14160,8CD3
Q14168,2E7K
Q14191,2AXL
Q14191,2DGZ
Q14191,2E1E
Q14191,2E1F
Q14191,2FBT
Q14191,2FBV
Q14191,2FBX
Q14191,2FBY
Q14191,2FC0
Q14191,3AAF
Q14191,6TYV
Q14191,6YHR
Q14191,7GQS
Q14191,7GQT
Q14191,7GQU
Q14191,7XUT
Q14191,8PFL
Q14191,8PFO
Q14191,8PFP
Q14191,8YLE
Q14191,9OG3
Q14191,9OG8
Q14191,9OW9
Q14191,9OWA
Q14191,9OWB
Q14191,9OWC
Q14191,9OWD
Q14192,1X4K
Q14192,1X4L
Q14192,2D8Z
Q14192,2MIU
Q14194,4B3Z
Q14203,1TXQ
Q14203,2COY
Q14203,2HKN
Q14203,2HKQ
Q14203,2HL3
Q14203,2HL5
Q14203,3TQ7
Q14213,7ZXK
Q14213,8XWY
Q14247,1X69
Q14247,2D1X
Q14247,9EZN
Q14247,9EZO
Q14247,9EZP
Q14258,4CFG
Q14258,4LTB
Q14258,5NT1
Q14258,5NT2
Q14258,6FLM
Q14258,6FLN
Q14258,9I0T
Q14318,2AWG
Q14318,2D9F
Q14318,2F2D
Q14318,2MF9
Q14318,3EY6
Q14318,5MGX
Q14331,6ZYM
Q14344,7YDH
Q14392,6GFF
Q14392,8C7H
Q14392,8REW
Q14392,8VSB
Q14392,8VSC
Q14393,1H30
Q14397,4BB9
Q14397,4BBA
Q14397,4LY9
Q14397,4MQU
Q14397,4MRO
Q14397,4MSU
Q14397,4OHK
Q14397,4OHM
Q14397,4OHO
Q14397,4OHP
Q14397,4OLH
Q14397,4OP1
Q14397,4OP2
Q14397,4OP3
Q14397,4PX2
Q14397,4PX3
Q14397,4PX5
Q14397,4PXS
Q14432,7EG0
Q14432,7EG1
Q14432,7EG4
Q14432,7KWE
Q14432,7L27
Q14432,7L28
Q14432,7L29
Q14432,7LRC
Q14432,7LRD
Q14444,4WBE
Q14444,4WBP
Q14444,9HFU
Q14449,2AUG
Q14449,2AUH
Q14449,4K81
Q14451,1MW4
Q14451,1WGR
Q14451,2L4K
Q14451,2QMS
Q14451,3PQZ
Q14451,4WWQ
Q14451,4X6S
Q14451,5D0J
Q14451,5EEL
Q14451,5EEQ
Q14451,5TYI
Q14451,5U06
Q14451,5U1Q
Q14451,7MP3
Q14457,2P1L
Q14457,2PON
Q14457,3DVU
Q14457,4DDP
Q14457,4MI8
Q14457,5EFM
Q14457,5HHE
Q14457,5VAU
Q14457,5VAX
Q14457,5VAY
Q14457,6DCN
Q14457,6DCO
Q14457,6HOI
Q14457,6HOJ
Q14457,6HOK
Q14457,7BL1
Q14457,8SOR
Q14457,9C82
Q14457,9MHF
Q14457,9MHG
Q14457,9MHH
Q14493,2KJM
Q14493,4L8R
Q14493,4QOZ
Q14524,2KBI
Q14524,2L53
Q14524,4DCK
Q14524,4DJC
Q14524,4JQ0
Q14524,4OVN
Q14524,5DBR
Q14524,6LQA
Q14524,6MUD
Q14524,7DTC
Q14524,7L83
Q14524,8VYJ
Q14524,8VYK
Q14524,9ITH
Q14527,2MZN
Q14527,4HRE
Q14527,4HRH
Q14527,4S0N
Q14527,4XZF
Q14527,4XZG
Q14527,5BNH
Q14527,5K5F
Q14527,6KCS
Q14534,6C6N
Q14534,6C6P
Q14534,6C6R
Q14587,2EL4
Q14587,2EL5
Q14587,2EL6
Q14587,2EM1
Q14587,2EMV
Q14587,2EMW
Q14587,2EMX
Q14587,2EMY
Q14587,2EN0
Q14587,2EN6
Q14587,2EN7
Q14587,2EOF
Q14587,2EOG
Q14587,2EOI
Q14587,2EOJ
Q14587,2EOK
Q14587,2EOL
Q14587,2EOP
Q14587,2EPV
Q14587,2EPW
Q14587,2EPY
Q14587,2YTF
Q14587,2YTQ
Q14596,1WJ6
Q14596,2BKF
Q14596,2CP8
Q14596,2G4S
Q14596,2MGW
Q14596,4OLE
Q14623,3K7G
Q14623,3K7H
Q14623,3K7I
Q14623,3K7J
Q14623,3N1F
Q14623,3N1O
Q14653,1J2F
Q14653,1QWT
Q14653,1T2K
Q14653,1ZOQ
Q14653,2O6G
Q14653,2PI0
Q14653,3A77
Q14653,3QU6
Q14653,5JEK
Q14653,5JEL
Q14653,5JEM
Q14653,5JEO
Q14653,5JER
Q14653,6SIV
Q14653,6SJA
Q14653,7JFL
Q14657,6GWJ
Q14669,9BKR
Q14669,9BKS
Q14671,1IB2
Q14671,1M8W
Q14671,1M8X
Q14671,1M8Y
Q14671,1M8Z
Q14671,2YJY
Q14671,3BSB
Q14671,3BSX
Q14671,3Q0L
Q14671,3Q0M
Q14671,3Q0N
Q14671,3Q0O
Q14671,3Q0P
Q14671,5YKH
Q14671,5YKI
Q14678,5YBJ
Q14678,5YBU
Q14678,8AS9
Q14678,8IVZ
Q14678,8IW0
Q14680,4BKY
Q14680,4BKZ
Q14680,4BL1
Q14680,4D2P
Q14680,4D2T
Q14680,4D2V
Q14680,4D2W
Q14680,4IXP
Q14680,4UMP
Q14680,4UMQ
Q14680,4UMR
Q14680,4UMT
Q14680,4UMU
Q14680,5IH8
Q14680,5IH9
Q14680,5IHA
Q14680,5IHC
Q14680,5K00
Q14680,5M5A
Q14680,5MAF
Q14680,5MAG
Q14680,5MAH
Q14680,5MAI
Q14680,5TVT
Q14680,5TWL
Q14680,5TWU
Q14680,5TWY
Q14680,5TWZ
Q14680,5TX3
Q14680,6GVX
Q14680,6VXR
Q14680,9F31
Q14690,1WI5
Q14703,8UW8
Q14703,8UWC
Q14703,9CSD
Q14721,7RE5
Q14721,7SPD
Q14721,9O10
Q14721,9O11
Q14721,9O12
Q14721,9O13
Q14739,2DIG
Q14764,1Y7X
Q14764,9BW5
Q14764,9BW6
Q14764,9BW7
Q14764,9MXH
Q14764,9MXJ
Q14764,9MXV
Q14764,9R86
Q14764,9R87
Q14766,1KSQ
Q147X3,7MX2
Q147X3,7RB3
Q14807,2EDU
Q14807,6NJE
Q14831,3MQ4
Q14831,5C5C
Q14831,7EPC
Q14831,9OMO
Q14831,9OMP
Q14833,7E9H
Q14833,8JD6
Q14833,8WG9
Q14833,8WGB
Q14833,8WGC
Q14833,8WGD
Q14839,1MM2
Q14839,1MM3
Q14839,2EE1
Q14839,2L5U
Q14839,2L75
Q14839,2N5N
Q14839,4O9I
Q14839,6BGG
Q14839,6Q3M
Q14839,6RYR
Q14839,6RYU
Q14839,8D4Y
Q14849,1EM2
Q14849,5I9J
Q14849,6TQR
Q14849,6TQU
Q14934,2YRP
Q14973,7FCI
Q14973,7PQG
Q14973,7PQQ
Q14973,7VAD
Q14973,7VAG
Q14973,7WSI
Q14973,7ZYI
Q14973,8HRX
Q14973,8HRY
Q14973,8RQF
Q14974,1F59
Q14974,1M5N
Q14974,1O6O
Q14974,6N88
Q14974,6N89
Q14995,2V0V
Q14995,2V7C
Q14995,3CQV
Q14995,4N73
Q14995,6WMQ
Q14995,6WMS
Q14997,6KWX
Q149C2,5FMU
Q14CZ8,7UQC
Q15003,6IGX
Q15004,4D2G
Q15004,6EHT
Q15004,6GWS
Q15004,6IIW
Q15006,6Y4L
Q15006,6Z3W
Q15007,7VF2
Q15007,7VF5
Q15007,7YFJ
Q15007,7YG4
Q15011,1WGD
Q15019,2QA5
Q15019,2QNR
Q15019,6UPQ
Q15019,6UPR
Q15020,2DO4
Q15020,5CTQ
Q15020,5CTT
Q15020,5JJW
Q15020,5JJX
Q15020,5JPZ
Q15020,7XX8
Q15020,7XX9
Q15027,3JUE
Q15027,3T9K
Q15027,4CKG
Q15027,4CKH
Q15027,4F1P
Q15027,4NSW
Q15027,5H3D
Q15036,3FOG
Q15036,3LUI
Q15036,4GXB
Q15036,4TKN
Q15036,7RM8
Q15036,9AU7
Q15042,8VYB
Q15046,3BJU
Q15046,4DPG
Q15046,4YCU
Q15046,4YCW
Q15046,6CHD
Q15046,6ILD
Q15046,6ILH
Q15046,7EA9
Q15046,8HYR
Q15046,8XP4
Q15046,9DOW
Q15046,9DPA
Q15046,9DPB
Q15046,9DPL
Q15047,3DLM
Q15047,4X3S
Q15047,5KCH
Q15047,5KCO
Q15047,5KE2
Q15047,5KE3
Q15047,5KH6
Q15047,5QT1
Q15047,5QT2
Q15047,6AU2
Q15047,6AU3
Q15047,6BHD
Q15047,6BHE
Q15047,6BHG
Q15047,6BHH
Q15047,6BHI
Q15047,6BPI
Q15047,7C9N
Q15047,7CAJ
Q15047,7CD9
Q15047,7CJT
Q15047,8G5E
Q15047,8IYA
Q15047,8UWP
Q15047,9CUW
Q15047,9CUX
Q15054,1U76
Q15054,2N1G
Q15054,3E0J
Q15054,6S1M
Q15054,6S1N
Q15054,6S1O
Q15054,6TNY
Q15054,6TNZ
Q15054,9EKB
Q15063,5WT7
Q15063,5YJG
Q15063,5YJH
Q15070,6ZM5
Q15070,7A5K
Q15078,6LDP
Q15078,7CNG
Q15080,1H6H
Q15080,1OEY
Q15080,1W6X
Q15080,1Z9Q
Q15080,2DYB
Q15084,1X5D
Q15084,3VWW
Q15084,3W8J
Q15084,4EF0
Q15084,4GWR
Q15084,8CPQ
Q15109,2E5E
Q15109,2ENS
Q15109,2L7U
Q15109,2LE9
Q15109,2LMB
Q15109,2M1K
Q15109,2MJW
Q15109,2MOV
Q15109,3CJJ
Q15109,3O3U
Q15109,4LP4
Q15109,4LP5
Q15109,4OF5
Q15109,4OFV
Q15109,4OI7
Q15109,4OI8
Q15109,4P2Y
Q15109,4XYN
Q15109,4YBH
Q15109,5D7F
Q15109,6VXG
Q15109,6XQ1
Q15109,6XQ3
Q15109,6XQ5
Q15109,6XQ6
Q15109,6XQ7
Q15109,6XQ8
Q15109,6XQ9
Q15109,7LML
Q15109,7LMW
Q15109,9D36
Q15116,2M2D
Q15116,3RRQ
Q15116,4ZQK
Q15116,5B8C
Q15116,5GGR
Q15116,5GGS
Q15116,5IUS
Q15116,5JXE
Q15116,5WT9
Q15116,6HIG
Q15116,6J14
Q15116,6J15
Q15116,6JBT
Q15116,6JJP
Q15116,6K0Y
Q15116,6R5G
Q15116,6ROY
Q15116,6ROZ
Q15116,6UMT
Q15116,6UMU
Q15116,6UMV
Q15116,6XKR
Q15116,7BXA
Q15116,7CGW
Q15116,7CU5
Q15116,7E9B
Q15116,7VUX
Q15116,7WSL
Q15116,7WVM
Q15116,8AS0
Q15116,8EQ6
Q15116,8GY5
Q15116,8U31
Q15116,8U32
Q15116,9HK1
Q15116,9Q8L
Q15118,2Q8F
Q15118,2Q8G
Q15118,2Q8H
Q15118,9M3O
Q15118,9M3P
Q15124,7U21
Q15125,6OHT
Q15125,6OHU
Q15125,8W0R
Q15125,8W0S
Q15126,3CH4
Q15154,7Q46
Q15172,8SZK
Q15233,3SDE
Q15233,5IFM
Q15257,2G62
Q15257,2HV6
Q15257,2HV7
Q15257,2IXM
Q15286,3TW8
Q15286,6IF2
Q15286,6IF3
Q15303,2AHX
Q15303,2L2T
Q15303,2LCX
Q15303,2R4B
Q15303,3BBT
Q15303,3BBW
Q15303,3BCE
Q15303,3U2P
Q15303,3U7U
Q15303,3U9U
Q15303,8U4I
Q15303,8U4J
Q15311,2KWH
Q15311,2KWI
Q15311,2MBG
Q15311,6ZQT
Q15311,6ZRN
Q15363,5AZW
Q15366,2AXY
Q15366,2JZX
Q15366,2P2R
Q15366,2PQU
Q15366,2PY9
Q15382,1XTQ
Q15382,1XTR
Q15382,1XTS
Q15382,3SEA
Q15382,5YXH
Q15382,6BCU
Q15382,6BSX
Q15382,6BT0
Q15382,7BTA
Q15382,7BTC
Q15382,7BTD
Q15382,9ED7
Q15382,9ED8
Q15388,4APO
Q15388,7VC9
Q15388,8UY3
Q15388,9J79
Q15388,9J7A
Q15388,9J7B
Q15388,9JCE
Q15397,4WZR
Q15397,4WZW
Q15399,1FYV
Q15399,6NIH
Q15399,7NT7
Q15399,7NUW
Q15399,7NUX
Q15436,2NUP
Q15436,2NUT
Q15436,2YRC
Q15436,2YRD
Q15436,3EGD
Q15436,3EGX
Q15436,5KYN
Q15436,5VNE
Q15436,5VNF
Q15436,5VNG
Q15436,5VNH
Q15436,5VNI
Q15436,5VNJ
Q15436,5VNK
Q15436,5VNL
Q15436,5VNM
Q15436,5VNN
Q15436,5VNO
Q15436,8HR0
Q15438,1BC9
Q15438,4A4P
Q15465,3HO5
Q15465,3M1N
Q15465,3MXW
Q15465,6DMY
Q15465,6E1H
Q15465,6N7G
Q15465,6N7H
Q15465,6N7K
Q15465,6OEV
Q15465,6PJV
Q15465,6RMG
Q15465,6RVD
Q15465,7E2I
Q15465,7RHQ
Q15465,8YYZ
Q15465,8Z2V
Q15465,8Z39
Q15465,8Z3A
Q15466,1YUC
Q15466,2Q3Y
Q15466,4DOR
Q15466,4ONI
Q15466,5UFS
Q15466,6W9M
Q15466,7YXC
Q15466,7YXD
Q15466,7YXN
Q15466,7YXO
Q15466,7YXP
Q15466,7YXR
Q15468,5LHW
Q15468,8OYK
Q15468,8OYL
Q15582,1X3B
Q15582,2LTB
Q15582,2LTC
Q15582,2VXP
Q15582,5NV6
Q15582,7AS7
Q15582,7ASC
Q15582,7ASG
Q15582,8HGA
Q15582,8HIA
Q15599,2HE4
Q15599,2OCS
Q15599,4P0C
Q155Q3,3PZ7
Q15628,1F2H
Q15628,5XME
Q15628,6AC0
Q15631,1J1J
Q15631,3PJA
Q15631,3QB5
Q15631,4WYV
Q15649,2YQQ
Q15649,5L85
Q15650,2E5O
Q15650,8ALZ
Q15650,8YEW
Q15650,8YEY
Q15650,8YFI
Q15650,8YFJ
Q15650,8YXW
Q15650,8YXX
Q15650,9KYK
Q15650,9KYL
Q15654,1X61
Q15654,2DLO
Q15691,1PA7
Q15691,1UEG
Q15691,1VKA
Q15691,1WU9
Q15691,1YIB
Q15691,1YIG
Q15691,2QJZ
Q15691,2R8U
Q15691,3GJO
Q15691,3MTU
Q15691,4XA1
Q15691,4XA3
Q15691,4XA6
Q15691,5JVM
Q15691,5JVP
Q15691,5JVS
Q15691,5JVU
Q15691,5WLQ
Q15691,6PF2
Q15691,6PFP
Q15691,6YF5
Q15691,6YSH
Q15717,3HI9
Q15717,4ED5
Q15717,4EGL
Q15717,4FXV
Q15717,5SZW
Q15717,6G2K
Q15717,6GC5
Q15717,6GD1
Q15717,6GD2
Q15717,6GD3
Q15738,6JKG
Q15738,6JKH
Q15746,2CQV
Q15746,2YR3
Q15746,6C6M
Q15758,6GCT
Q15758,6MP6
Q15758,6MPB
Q15758,6RVX
Q15758,6RVY
Q15758,7BCQ
Q15758,7BCS
Q15758,7BCT
Q15758,8OUD
Q15758,8OUH
Q15758,8OUJ
Q15758,8QRO
Q15758,8QRP
Q15758,8QRQ
Q15758,8QRR
Q15758,8QRS
Q15758,8QRU
Q15758,8QRV
Q15758,8QRW
Q15796,1DEV
Q15796,1KHX
Q15796,5XOD
Q15796,6M64
Q15796,6YIA
Q15796,6ZVQ
Q15796,7CO1
Q15797,1KHU
Q15797,3Q47
Q15797,3Q4A
Q15811,2KGR
Q15811,2KHN
Q15811,3FIA
Q15811,4IIM
Q15811,5HZI
Q15811,5HZJ
Q15811,6H5T
Q15814,2L3L
Q15814,2YUH
Q15831,2WTK
Q15831,8VSU
Q15848,4DOU
Q15848,6U66
Q15848,6U6N
Q15849,8BLO
Q15849,8XD7
Q15849,8XD9
Q15849,8XDA
Q15849,8XDB
Q15849,8XDC
Q15849,8XDD
Q15849,8XDE
Q15849,9LHT
Q15858,5EK0
Q15858,6J8G
Q15858,6J8H
Q15858,6J8I
Q15858,6J8J
Q15858,6N4Q
Q15858,6N4R
Q15858,6VXO
Q15858,6W6O
Q15858,7K48
Q15858,7W9K
Q15858,7W9L
Q15858,7W9M
Q15858,7W9P
Q15858,7W9T
Q15858,7XM9
Q15858,7XMF
Q15858,7XMG
Q15858,7XVE
Q15858,7XVF
Q15858,8G1A
Q15858,8I5B
Q15858,8I5G
Q15858,8I5X
Q15858,8I5Y
Q15858,8J4F
Q15858,8S9B
Q15858,8S9C
Q15858,8THG
Q15858,8THH
Q15858,8XMM
Q15858,8XMN
Q15858,8XMO
Q15858,8YHZ
Q15858,9ITI
Q16082,6F2R
Q16181,3T5D
Q16181,3TW4
Q16181,6N0B
Q16181,6N12
Q16181,6UQQ
Q16181,8SJJ
Q16186,2KQZ
Q16186,2KR0
Q16186,2L5V
Q16186,2MKZ
Q16186,2NBV
Q16186,4UEM
Q16186,4WLQ
Q16186,5IRS
Q16186,6CO4
Q16186,6UYI
Q16186,6UYJ
Q16186,7KXI
Q16186,8VWO
Q16186,9E7K
Q16236,2LZ1
Q16236,7O7B
Q16236,7X5E
Q16236,7X5F
Q16236,7X5G
Q16394,7SCH
Q16394,7SCJ
Q16394,7SCK
Q16394,7UQX
Q16394,7UQY
Q16394,7ZAY
Q16512,1CXZ
Q16512,1URF
Q16512,2RMK
Q16512,4NKG
Q16512,4OTD
Q16512,4OTG
Q16512,4OTH
Q16512,4OTI
Q16513,4CRS
Q16513,4RRV
Q16513,6GBE
Q16531,2B5L
Q16531,2B5M
Q16531,2B5N
Q16531,3E0C
Q16531,3EI1
Q16531,3EI2
Q16531,3EI3
Q16531,3EI4
Q16531,3I7H
Q16531,3I7K
Q16531,3I7L
Q16531,3I7N
Q16531,3I7O
Q16531,3I7P
Q16531,3I89
Q16531,3I8C
Q16531,3I8E
Q16531,4A08
Q16531,4A09
Q16531,4A0A
Q16531,4A0B
Q16531,4A0K
Q16531,4A0L
Q16531,4A11
Q16531,4CI1
Q16531,4CI2
Q16531,4CI3
Q16531,4E54
Q16531,4E5Z
Q16531,5JK7
Q16531,6DSZ
Q16531,6FCV
Q16531,6PAI
Q16531,6Q0R
Q16531,6Q0V
Q16531,6Q0W
Q16531,6R8Y
Q16531,6R8Z
Q16531,6R90
Q16531,6R91
Q16531,6R92
Q16531,6SJ7
Q16531,6TD3
Q16531,6UD7
Q16531,6UE5
Q16531,6ZUE
Q16531,6ZX9
Q16531,7UKN
Q16531,7V7B
Q16531,7V7C
Q16531,7ZN7
Q16531,7ZNN
Q16531,8AJN
Q16531,8B3D
Q16531,8B3F
Q16531,8BU1
Q16531,8BU2
Q16531,8BU3
Q16531,8BU4
Q16531,8BU5
Q16531,8BU6
Q16531,8BU7
Q16531,8BU9
Q16531,8BUA
Q16531,8BUB
Q16531,8BUC
Q16531,8BUD
Q16531,8BUE
Q16531,8BUF
Q16531,8BUG
Q16531,8BUH
Q16531,8BUI
Q16531,8BUJ
Q16531,8BUK
Q16531,8BUL
Q16531,8BUM
Q16531,8BUN
Q16531,8BUO
Q16531,8BUP
Q16531,8BUQ
Q16531,8BUR
Q16531,8BUS
Q16531,8BUT
Q16531,8G46
Q16531,8OV6
Q16531,8QH5
Q16531,8ROX
Q16531,8ROY
Q16531,8T9A
Q16531,8TL6
Q16531,8WQR
Q16531,9BBE
Q16531,9BBG
Q16531,9BBH
Q16531,9BBI
Q16531,9BJZ
Q16531,9BZ0
Q16531,9DHD
Q16531,9EJQ
Q16531,9ER2
Q16531,9FD2
Q16531,9FMR
Q16531,9J6J
Q16531,9J6K
Q16539,1A9U
Q16539,1BL6
Q16539,1BL7
Q16539,1BMK
Q16539,1DI9
Q16539,1IAN
Q16539,1KV1
Q16539,1KV2
Q16539,1M7Q
Q16539,1OUK
Q16539,1OUY
Q16539,1OVE
Q16539,1OZ1
Q16539,1R39
Q16539,1R3C
Q16539,1W7H
Q16539,1W82
Q16539,1W83
Q16539,1W84
Q16539,1WBN
Q16539,1WBO
Q16539,1WBS
Q16539,1WBT
Q16539,1WBV
Q16539,1WBW
Q16539,1WFC
Q16539,1YQJ
Q16539,1ZYJ
Q16539,1ZZ2
Q16539,1ZZL
Q16539,2BAJ
Q16539,2BAK
Q16539,2BAL
Q16539,2BAQ
Q16539,2FSL
Q16539,2FSM
Q16539,2FSO
Q16539,2FST
Q16539,2GFS
Q16539,2I0H
Q16539,2LGC
Q16539,2NPQ
Q16539,2QD9
Q16539,2RG5
Q16539,2RG6
Q16539,2YIS
Q16539,2YIW
Q16539,2YIX
Q16539,2ZAZ
Q16539,2ZB0
Q16539,2ZB1
Q16539,3BV2
Q16539,3BV3
Q16539,3BX5
Q16539,3C5U
Q16539,3CTQ
Q16539,3D7Z
Q16539,3D83
Q16539,3DS6
Q16539,3DT1
Q16539,3E92
Q16539,3E93
Q16539,3FC1
Q16539,3FI4
Q16539,3FKL
Q16539,3FKN
Q16539,3FKO
Q16539,3FL4
Q16539,3FLN
Q16539,3FLQ
Q16539,3FLS
Q16539,3FLW
Q16539,3FLY
Q16539,3FLZ
Q16539,3FMH
Q16539,3FMJ
Q16539,3FMK
Q16539,3FML
Q16539,3FMM
Q16539,3FMN
Q16539,3FSF
Q16539,3FSK
Q16539,3GC7
Q16539,3GCP
Q16539,3GCQ
Q16539,3GCS
Q16539,3GCU
Q16539,3GCV
Q16539,3GFE
Q16539,3GI3
Q16539,3HA8
Q16539,3HEC
Q16539,3HEG
Q16539,3HL7
Q16539,3HLL
Q16539,3HP2
Q16539,3HP5
Q16539,3HRB
Q16539,3HUB
Q16539,3HUC
Q16539,3HV3
Q16539,3HV4
Q16539,3HV5
Q16539,3HV6
Q16539,3HV7
Q16539,3HVC
Q16539,3IPH
Q16539,3ITZ
Q16539,3IW5
Q16539,3IW6
Q16539,3IW7
Q16539,3IW8
Q16539,3K3I
Q16539,3K3J
Q16539,3KF7
Q16539,3KQ7
Q16539,3L8S
Q16539,3L8X
Q16539,3LFA
Q16539,3LFB
Q16539,3LFC
Q16539,3LFD
Q16539,3LFE
Q16539,3LFF
Q16539,3LHJ
Q16539,3MGY
Q16539,3MH0
Q16539,3MH1
Q16539,3MH2
Q16539,3MH3
Q16539,3MPA
Q16539,3MPT
Q16539,3MVL
Q16539,3MVM
Q16539,3MW1
Q16539,3NEW
Q16539,3NNU
Q16539,3NNV
Q16539,3NNW
Q16539,3NNX
Q16539,3NWW
Q16539,3O8P
Q16539,3O8T
Q16539,3O8U
Q16539,3OBG
Q16539,3OBJ
Q16539,3OC1
Q16539,3OCG
Q16539,3OD6
Q16539,3ODY
Q16539,3ODZ
Q16539,3OEF
Q16539,3PG3
Q16539,3QUD
Q16539,3QUE
Q16539,3RIN
Q16539,3ROC
Q16539,3S3I
Q16539,3S4Q
Q16539,3U8W
Q16539,3UVP
Q16539,3UVQ
Q16539,3UVR
Q16539,3ZS5
Q16539,3ZSG
Q16539,3ZSH
Q16539,3ZSI
Q16539,3ZYA
Q16539,4A9Y
Q16539,4AA0
Q16539,4AA4
Q16539,4AA5
Q16539,4AAC
Q16539,4DLI
Q16539,4DLJ
Q16539,4E5A
Q16539,4E5B
Q16539,4E6A
Q16539,4E6C
Q16539,4E8A
Q16539,4EH2
Q16539,4EH3
Q16539,4EH4
Q16539,4EH5
Q16539,4EH6
Q16539,4EH7
Q16539,4EH8
Q16539,4EH9
Q16539,4EHV
Q16539,4EWQ
Q16539,4F9W
Q16539,4F9Y
Q16539,4FA2
Q16539,4GEO
Q16539,4KIN
Q16539,4KIP
Q16539,4KIQ
Q16539,4L8M
Q16539,4R3C
Q16539,4ZTH
Q16539,5ETA
Q16539,5ETC
Q16539,5ETI
Q16539,5ML5
Q16539,5MTX
Q16539,5MTY
Q16539,5MZ3
Q16539,5N63
Q16539,5N64
Q16539,5N65
Q16539,5N66
Q16539,5N67
Q16539,5N68
Q16539,5O8U
Q16539,5O8V
Q16539,5OMG
Q16539,5OMH
Q16539,5TBE
Q16539,5TCO
Q16539,5WJJ
Q16539,5XYX
Q16539,5XYY
Q16539,6ANL
Q16539,6HWT
Q16539,6HWU
Q16539,6HWV
Q16539,6M95
Q16539,6M9L
Q16539,6OHD
Q16539,6QDZ
Q16539,6QE1
Q16539,6QYX
Q16539,6SFI
Q16539,6SFJ
Q16539,6SFK
Q16539,6SFO
Q16539,6ZQS
Q16539,6ZWP
Q16539,8VXE
Q16539,8X3M
Q16539,8YD9
Q16539,9CJ1
Q16539,9CJ2
Q16539,9CJ3
Q16539,9CJ4
Q16539,9CJ5
Q16539,9MHB
Q16539,9NYT
Q16539,9O4L
Q16543,2N5X
Q16543,2NCA
Q16543,2W0G
Q16543,8U1L
Q16548,2VM6
Q16548,3MQP
Q16548,5UUK
Q16548,5UUL
Q16548,5UUP
Q16548,5WHH
Q16548,5WHI
Q16548,6E3I
Q16548,6E3J
Q16548,6MBB
Q16548,6MBC
Q16548,6RJP
Q16548,6VO4
Q16548,8RPO
Q16548,9EW8
Q16548,9FKY
Q16548,9FKZ
Q16548,9FL0
Q16548,9GIP
Q16548,9GIQ
Q16548,9GIR
Q16548,9GIS
Q16548,9GIT
Q16552,2VXS
Q16552,4HR9
Q16552,4QHU
Q16552,5HHV
Q16552,5HHX
Q16552,5HI3
Q16552,5HI4
Q16552,5HI5
Q16552,5N7W
Q16552,5N92
Q16552,5VB9
Q16552,6WIO
Q16552,6WIR
Q16552,7AMA
Q16552,7AMG
Q16552,7WKX
Q16552,7Z2M
Q16552,8B7W
Q16552,8CDG
Q16552,8DY1
Q16552,8DY5
Q16552,8DYF
Q16552,8DYG
Q16552,8DYH
Q16552,8DYI
Q16552,8USR
Q16552,8USS
Q16552,9FKX
Q16552,9FL3
Q16552,9H4D
Q16552,9H4O
Q16555,2GSE
Q16555,2VM8
Q16555,5LXX
Q16555,5MKV
Q16555,5MLE
Q16555,5X1A
Q16555,5X1C
Q16555,5X1D
Q16555,5YZ5
Q16555,5YZA
Q16555,5YZB
Q16555,6JV9
Q16555,6JVB
Q16555,7X68
Q16555,8DNM
Q16584,5K26
Q16584,5K28
Q16584,6AQB
Q16584,6CQ7
Q16595,1EKG
Q16595,1LY7
Q16595,3S4M
Q16595,3S5D
Q16595,3S5E
Q16595,3S5F
Q16595,3T3J
Q16595,3T3K
Q16595,3T3L
Q16595,3T3T
Q16595,3T3X
Q16595,5KZ5
Q16595,6NZU
Q16595,8PK8
Q16595,8PK9
Q16595,8RME
Q16602,3AQF
Q16602,3N7P
Q16602,3N7R
Q16602,3N7S
Q16602,4RWF
Q16602,4RWG
Q16602,5V6Y
Q16602,6D1U
Q16602,6E3Y
Q16602,6UMG
Q16602,6UUN
Q16602,6UUS
Q16602,6UVA
Q16602,6V2E
Q16602,6ZHO
Q16602,6ZIS
Q16602,7KNT
Q16602,7KNU
Q16602,7P0F
Q16602,7P0I
Q16602,8AX5
Q16602,8AX6
Q16602,8AX7
Q16611,1BXL
Q16611,2IMS
Q16611,2IMT
Q16611,2JBY
Q16611,2JCN
Q16611,2LP8
Q16611,2M5B
Q16611,2XPX
Q16611,2YV6
Q16611,3I1H
Q16611,3QBR
Q16611,4D2L
Q16611,4U2U
Q16611,4U2V
Q16611,4UF1
Q16611,5AJK
Q16611,5FMI
Q16611,5FMK
Q16611,5VWV
Q16611,5VWW
Q16611,5VWX
Q16611,5VWY
Q16611,5VWZ
Q16611,5VX0
Q16611,5VX1
Q16611,6ODH
Q16611,6UXM
Q16611,6UXN
Q16611,6UXO
Q16611,6UXP
Q16611,6UXQ
Q16611,6UXR
Q16611,7K02
Q16611,7LK4
Q16611,7M5A
Q16611,7M5B
Q16611,7OFM
Q16611,7OFO
Q16611,8CZF
Q16611,8CZG
Q16611,8CZH
Q16611,8GSV
Q16611,8IGC
Q16611,8IVB
Q16611,8UKY
Q16611,8Y1Y
Q16611,8Y1Z
Q16611,9CPE
Q16611,9CPF
Q16611,9CPH
Q16611,9CPN
Q16613,6T80
Q16620,1HCF
Q16620,1WWB
Q16620,2MFQ
Q16620,4ASZ
Q16620,4AT3
Q16620,4AT4
Q16620,4AT5
Q16620,5MO9
Q16620,8OYD
Q16625,1WPA
Q16625,1XAW
Q16625,3G7C
Q16629,2HVZ
Q16630,4B4N
Q16630,4U0A
Q16630,4U0B
Q16630,4WYM
Q16630,6AY9
Q16630,6GX9
Q16630,7SNQ
Q16630,7ZUD
Q16630,8CL1
Q16630,8EJL
Q16630,8GDV
Q16630,9CNV
Q16637,1G5V
Q16637,1MHN
Q16637,2LEH
Q16637,4A4E
Q16637,4A4G
Q16637,4GLI
Q16637,4QQ6
Q16637,7W2P
Q16637,7W30
Q16643,5Y1Z
Q16643,5ZZ9
Q16658,1DFC
Q16658,3LLP
Q16658,3P53
Q16658,4GOV
Q16658,4GOY
Q16658,4GP0
Q16658,4GP3
Q16658,6B0T
Q16658,6I0Z
Q16658,6I10
Q16658,6I11
Q16658,6I12
Q16658,6I13
Q16658,6I14
Q16658,6I15
Q16658,6I16
Q16658,6I17
Q16658,6I18
Q16658,7ZAU
Q16658,8VO5
Q16658,8VO6
Q16658,8VO7
Q16658,8VO8
Q16658,8VO9
Q16658,8VOA
Q16658,9FN6
Q16658,9GXI
Q16665,1H2K
Q16665,1H2L
Q16665,1H2M
Q16665,1L3E
Q16665,1L8C
Q16665,1LM8
Q16665,1LQB
Q16665,2ILM
Q16665,3HQR
Q16665,3HQU
Q16665,4AJY
Q16665,4H6J
Q16665,5JWP
Q16665,5L9B
Q16665,5L9V
Q16665,5LA9
Q16665,5LAS
Q16665,6GFX
Q16665,6GMR
Q16665,6YW3
Q16665,7LVS
Q16665,7QGS
Q16665,8HE0
Q16665,8HE3
Q16665,9OFU
Q16667,1FPZ
Q16667,1FQ1
Q16719,2HZP
Q16719,3E9K
Q16719,7S3V
Q16740,1TG6
Q16740,6BBA
Q16740,6DL7
Q16740,6H23
Q16740,7UVM
Q16740,7UVN
Q16740,7UVR
Q16740,7UVU
Q16740,7UW0
Q16740,7VP9
Q16740,7WH5
Q16740,8HGK
Q16740,8I7X
Q16740,8W7C
Q16740,8W7E
Q16740,8WUZ
Q16740,8YLB
Q16740,8YPA
Q16740,9DKV
Q16740,9DKW
Q16740,9DQK
Q16740,9DQL
Q16760,1R79
Q16760,3BQ7
Q16769,2AFM
Q16769,2AFO
Q16769,2AFS
Q16769,2AFU
Q16769,2AFW
Q16769,2AFX
Q16769,2AFZ
Q16769,2ZED
Q16769,2ZEE
Q16769,2ZEF
Q16769,2ZEG
Q16769,2ZEH
Q16769,2ZEL
Q16769,2ZEM
Q16769,2ZEN
Q16769,2ZEO
Q16769,2ZEP
Q16769,3PBB
Q16769,3PBE
Q16769,3SI0
Q16769,4YU9
Q16769,4YWY
Q16769,6GBX
Q16769,6YI1
Q16769,6YJY
Q16769,7CM0
Q16769,7COZ
Q16769,7CP0
Q16769,7D8E
Q16769,8HY3
Q16769,8XGB
Q16769,8XGT
Q16769,8XGY
Q16769,9FXG
Q16769,9FXH
Q16769,9FXI
Q16769,9FXJ
Q16769,9ISD
Q16769,9IVV
Q16769,9KMB
Q16773,1W7L
Q16773,1W7M
Q16773,1W7N
Q16773,3FVS
Q16773,3FVU
Q16773,3FVX
Q16773,4WLH
Q16773,4WLJ
Q16773,4WP0
Q16775,1QH3
Q16775,1QH5
Q16790,2HKF
Q16790,3IAI
Q16790,5DVX
Q16790,5FL4
Q16790,5FL5
Q16790,5FL6
Q16790,6FE0
Q16790,6FE1
Q16790,6FE2
Q16790,6G98
Q16790,6G9U
Q16790,6QN2
Q16790,6QN5
Q16790,6QN6
Q16790,6QUT
Q16790,6RQN
Q16790,6RQQ
Q16790,6RQU
Q16790,6RQW
Q16790,6TL5
Q16790,6TL6
Q16790,6Y74
Q16790,7POM
Q16790,8CO0
Q16790,8Q18
Q16790,8Q19
Q16790,8Q1A
Q16790,9FLF
Q16820,4GWM
Q16820,4GWN
Q16820,7AQ1
Q16820,7AUW
Q16828,1HZM
Q16828,1MKP
Q16829,4Y2E
Q16832,2WUH
Q16832,2Z4F
Q16832,6FER
Q16832,7AYM
Q16832,7AZB
Q16849,2I1Y
Q16849,2QT7
Q16849,3N01
Q16849,3N4W
Q16849,3NG8
Q16849,3NP5
Q16851,3R2W
Q16851,3R3I
Q16851,4R7P
Q16853,1PU4
Q16853,1US1
Q16853,2C10
Q16853,2C11
Q16853,2Y73
Q16853,2Y74
Q16853,3ALA
Q16853,4BTW
Q16853,4BTX
Q16853,4BTY
Q16853,8S1Z
Q16873,2PNO
Q16873,2UUH
Q16873,2UUI
Q16873,3B29
Q16873,3HKK
Q16873,3LEO
Q16873,3PCV
Q16873,4J7T
Q16873,4J7Y
Q16873,4JC7
Q16873,4JCZ
Q16873,4JRZ
Q16873,5HV9
Q16873,6R7D
Q16873,9G0U
Q16873,9G0V
Q16873,9G14
Q16873,9G1T
Q16881,2CFY
Q16881,2J3N
Q16881,2ZZ0
Q16881,2ZZB
Q16881,2ZZC
Q16881,7X1R
Q18490,7EJO
Q18593,6LMV
Q18593,6LOM
Q18688,4GQT
Q18688,4I2Z
Q18892,8TGF
Q18PE0,3ML4
Q195N6,5D0N
Q195N6,5D1F
Q1EG27,5ET0
Q1EG27,5ET1
Q1EHW4,2RMS
Q1ELU1,2G9P
Q1ENB6,7MPY
Q1LW01,3LQB
Q1LX78,5UAR
Q1LX78,5W81
Q1PSW8,8J72
Q1XA76,2QTS
Q1XA76,3IJ4
Q1XA76,3S3W
Q1XA76,3S3X
Q1XA76,4FZ0
Q1XA76,4FZ1
Q1XA76,4NTW
Q1XA76,4NTX
Q1XA76,4NTY
Q1XA76,4NYK
Q1XA76,5WKU
Q1XA76,5WKV
Q1XA76,5WKX
Q1XA76,5WKY
Q1XA76,6AVE
Q1XA76,6CMC
Q1XA76,6VTK
Q1XA76,6VTL
Q1XA76,6X9H
Q1XA76,7LIE
Q20057,7O6L
Q20222,9DXI
Q21738,5FIR
Q22618,8ZEN
Q22618,8ZEO
Q22618,8ZEP
Q22799,7Y8W
Q23536,5AZH
Q23536,5E6N
Q23536,5E6O
Q23544,5JJ6
Q23544,5JJ7
Q23972,1OXJ
Q23985,2A90
Q24008,1IHJ
Q24008,2LA8
Q24008,2QKT
Q24008,2QKU
Q24008,2QKV
Q24008,3R0H
Q24008,5F67
Q24008,6IRE
Q24117,1RHW
Q24117,2PG1
Q24117,3BRI
Q24117,3BRL
Q24117,3DVH
Q24117,3DVT
Q24117,3E2B
Q24117,3GLW
Q24117,4QH7
Q24117,4QH8
Q24117,5E0L
Q24117,5E0M
Q24117,7K3J
Q24117,7K3K
Q24117,7K3L
Q24246,2P2T
Q24246,3FM7
Q24246,3L9K
Q24322,6QP9
Q24395,4EZS
Q24451,1HTY
Q24451,1HWW
Q24451,1HXK
Q24451,1PS3
Q24451,1QWN
Q24451,1QWU
Q24451,1QX1
Q24451,1R33
Q24451,1R34
Q24451,1TQS
Q24451,1TQT
Q24451,1TQU
Q24451,1TQV
Q24451,1TQW
Q24451,2ALW
Q24451,2F18
Q24451,2F1A
Q24451,2F1B
Q24451,2F7O
Q24451,2F7P
Q24451,2F7Q
Q24451,2F7R
Q24451,2FYV
Q24451,2OW6
Q24451,2OW7
Q24451,3BLB
Q24451,3BUB
Q24451,3BUD
Q24451,3BUI
Q24451,3BUP
Q24451,3BUQ
Q24451,3BVT
Q24451,3BVU
Q24451,3BVV
Q24451,3BVW
Q24451,3BVX
Q24451,3CV5
Q24451,3CZN
Q24451,3CZS
Q24451,3D4Y
Q24451,3D4Z
Q24451,3D50
Q24451,3D51
Q24451,3D52
Q24451,3DDF
Q24451,3DDG
Q24451,3DX0
Q24451,3DX1
Q24451,3DX2
Q24451,3DX3
Q24451,3DX4
Q24451,3EJP
Q24451,3EJQ
Q24451,3EJR
Q24451,3EJS
Q24451,3EJT
Q24451,3EJU
Q24451,6RPC
Q24451,6RQZ
Q24451,6RRH
Q24451,6RRJ
Q24451,6RRN
Q24451,6RRU
Q24451,6RRW
Q24451,6RRX
Q24451,6RRY
Q24451,6RS0
Q24451,9FTQ
Q24451,9FTR
Q24940,2O6X
Q24995,8CA9
Q24995,8PO9
Q25338,7PTY
Q26443,1RMK
Q27084,1TL2
Q27084,3KIF
Q27084,3KIH
Q27J81,8RV2
Q27J81,9AZ4
Q27J81,9AZP
Q27J81,9AZQ
Q27J81,9B03
Q27J81,9B0K
Q27J81,9FJN
Q27J81,9FJW
Q28021,1UIX
Q28021,2F2U
Q28021,2H9V
Q28175,3FSN
Q28175,3KVC
Q28175,4F2Z
Q28175,4F30
Q28175,4F3A
Q28175,4F3D
Q28175,4RSC
Q28175,4RSE
Q28175,4RYX
Q28175,4RYY
Q28175,4RYZ
Q28175,4ZHK
Q28175,5UL5
Q28175,5ULG
Q28175,7K88
Q28175,7K89
Q28175,7K8G
Q28175,7L0E
Q28175,8DOC
Q29122,2BKH
Q29122,2BKI
Q29122,2V26
Q29122,2VAS
Q29122,2VB6
Q29122,2X51
Q29122,3GN4
Q29122,3L9I
Q29122,4ANJ
Q29122,4DBP
Q29122,4DBQ
Q29122,4DBR
Q29122,5O2L
Q29122,6BNP
Q29122,6BNQ
Q29122,6BNV
Q29122,6BNW
Q29411,1XHG
Q29411,1XRV
Q29411,1ZB5
Q29411,1ZBC
Q29599,1PX5
Q29599,4RWN
Q29599,4RWO
Q29599,4RWP
Q29599,4RWQ
Q29983,1B3J
Q29983,7FI5
Q29983,7FI6
Q29983,7FI7
Q29983,7FI8
Q29983,7FI9
Q29983,8TLZ
Q2EEY0,3WPB
Q2EEY0,3WPC
Q2EEY0,3WPD
Q2EEY0,5Y3J
Q2EEY0,5Y3K
Q2EEY0,5Y3L
Q2EMV9,1X4R
Q2M1P5,2XT3
Q2M1P5,4A14
Q2M1P5,6MLQ
Q2M1P5,6MLR
Q2M1P5,7RX0
Q2M2I8,4WSQ
Q2M2I8,5L4Q
Q2M2I8,5TE0
Q2M2I8,8GMC
Q2M2I8,8GMD
Q2M2I8,9F6S
Q2M2I8,9F8T
Q2M2I8,9QB5
Q2M385,6U23
Q2M385,6U2J
Q2M385,6U2K
Q2M385,6U2L
Q2M385,6U2W
Q2PPJ7,9QU1
Q2PPJ7,9QWP
Q2PQA9,4ATX
Q2Q1W2,7QRX
Q2Q1W2,9JUR
Q2TAY7,6Q8F
Q2TAY7,6Q8J
Q2TAZ0,6KLR
Q2TAZ0,8KBX
Q2TAZ0,8KBY
Q2TAZ0,8KC3
Q2TAZ0,8SBK
Q2TAZ0,8SBL
Q2TAZ0,8Y1L
Q2TBA0,4ASC
Q2TV84,6RMV
Q2U1F3,6ZEP
Q2U1F3,6ZEQ
Q2U1F3,7OEZ
Q2UCU3,4IUG
Q2Y0W8,5JHO
Q30201,1A6Z
Q32NN2,2BL5
Q32NN2,2YMJ
Q32PI8,3JD5
Q32PI8,6NEQ
Q32PI8,6NF8
Q381A3,6IA7
Q381A3,6IAE
Q381A3,6IAN
Q383Q5,4HNZ
Q383Q5,4HO7
Q386N1,9E5C
Q38882,6KZ8
Q38882,6KZ9
Q38950,7XVK
Q38998,5AAR
Q38998,7FCV
Q38998,7T4X
Q38998,7WM2
Q38998,7WSW
Q38SD2,8E04
Q38SD2,8E05
Q38SD2,8E06
Q38SD2,8FAC
Q39002,9J3J
Q39002,9J3L
Q39002,9J3M
Q39026,5CI6
Q39026,6DTL
Q39172,2J3H
Q39172,2J3I
Q39172,2J3J
Q39172,2J3K
Q39243,1VDC
Q39249,3CQN
Q39249,3CQR
Q39250,1F7S
Q39255,2P1M
Q39255,2P1N
Q39255,2P1O
Q39255,2P1P
Q39255,2P1Q
Q39255,3C6N
Q39255,3C6O
Q39255,3C6P
Q39255,3OGK
Q39255,3OGL
Q39255,3OGM
Q39255,5HYW
Q39255,5HZG
Q39255,6BRO
Q39255,6BRP
Q39255,6BRQ
Q39255,7SA1
Q39255,9O4K
Q39255,9OI8
Q39613,2MC9
Q3E790,8QOF
Q3E790,8QOG
Q3E840,1YOP
Q3E840,1YWS
Q3E840,4D4O
Q3E840,4D4P
Q3E840,4X33
Q3E840,5AX2
Q3E841,2GRG
Q3E880,5HYX
Q3E8W4,5Y92
Q3E8W4,6A5C
Q3E8W4,6FIH
Q3E991,5Y9W
Q3E991,5YAH
Q3HNM7,3RO3
Q3KRA9,7VJS
Q3KRA9,7VJV
Q3L245,4H7U
Q3LHH8,2LMK
Q3MIT2,2V9K
Q3S4A7,4EUK
Q3T906,2N6D
Q3T906,7S05
Q3T906,7S06
Q3T906,9BGF
Q3T906,9BGG
Q3T9E4,7VES
Q3T9E4,7VEX
Q3T9E4,8H4M
Q3T9E4,8H4O
Q3TBT3,4JC5
Q3TBT3,4KBY
Q3TBT3,4KC0
Q3TBT3,4LOJ
Q3TBT3,4LOK
Q3TBT3,4LOL
Q3TBT3,4YP1
Q3TBT3,6XNN
Q3TCN2,3FBX
Q3TCN2,3FGR
Q3TCN2,3FGT
Q3TCN2,3FGW
Q3TMQ6,2J4T
Q3TTA7,5AXI
Q3TWI9,8WG3
Q3TWI9,8WG4
Q3TWN3,4P1G
Q3TWN3,4P1O
Q3TWN3,5LXQ
Q3TWN3,5MMZ
Q3TWN3,6WUS
Q3U182,5ZK1
Q3U182,5ZKO
Q3U6Q4,8AJ8
Q3UH93,5V6R
Q3UH93,5V6T
Q3UHD1,6IDX
Q3UHD1,7R84
Q3UHD1,7R85
Q3UHD1,7R86
Q3UND0,1M0V
Q3UND0,1U5E
Q3UND0,1U5F
Q3UND0,1U5G
Q3UND0,2OTX
Q3UP24,3JBL
Q3UP24,4KXF
Q3UP24,5AJ2
Q3UP24,6B5B
Q3UPW2,3JTG
Q3UQS8,6SO9
Q3UQS8,6SOE
Q3UR85,5H5P
Q3UR85,7DC3
Q3UR97,4YMR
Q3USJ8,7WEG
Q3UV74,2IUE
Q3UYV9,3UKZ
Q3UYV9,3UL0
Q3UZZ6,2ZPT
Q3UZZ6,2ZVP
Q3UZZ6,2ZVQ
Q3UZZ6,2ZYT
Q3UZZ6,2ZYU
Q3UZZ6,2ZYV
Q3UZZ6,2ZYW
Q3V0B4,9IJJ
Q3V0Q6,8TO0
Q3V1H9,5ZRZ
Q3V6T2,6MHF
Q3ZAV1,9J5W
Q3ZAV1,9J5X
Q3ZAV1,9J5Z
Q3ZAV1,9J72
Q3ZAV1,9J73
Q3ZAV1,9J75
Q3ZAV1,9J76
Q3ZBI7,6ZBB
Q401N2,8YX6
Q401N2,8YX7
Q401N2,8YX8
Q41188,8TG0
Q41951,5I32
Q42290,8BEP
Q42290,8BPX
Q42290,8BQ5
Q42290,8BQ6
Q42418,6IQI
Q42418,6IQJ
Q42449,1A0K
Q42449,3NUL
Q42588,2ISQ
Q43125,1U3C
Q43125,1U3D
Q43715,8DN7
Q460N5,3GOY
Q460N5,3Q6Z
Q460N5,3Q71
Q460N5,3SE2
Q460N5,3SMI
Q460N5,3SMJ
Q460N5,3VFQ
Q460N5,4ABK
Q460N5,4ABL
Q460N5,4D86
Q460N5,4F1L
Q460N5,4F1Q
Q460N5,4PY4
Q460N5,5LXP
Q460N5,5LYH
Q460N5,5NQE
Q460N5,5O2D
Q460N5,5QHT
Q460N5,5QHU
Q460N5,5QHV
Q460N5,5QHW
Q460N5,5QHX
Q460N5,5QHY
Q460N5,5QHZ
Q460N5,5QI0
Q460N5,5QI1
Q460N5,5QI2
Q460N5,5QI3
Q460N5,5QI4
Q460N5,5QI5
Q460N5,5QI6
Q460N5,5QI7
Q460N5,5QI8
Q460N5,5QI9
Q460N5,5QIA
Q460N5,5V7T
Q460N5,5V7W
Q460N5,6FYM
Q460N5,6FZM
Q460N5,6G0W
Q460N5,6WE2
Q460N5,6WE3
Q460N5,6WE4
Q460N5,7D2C
Q460N5,7L9Y
Q460N5,7LUN
Q460N5,7R3L
Q495A1,3Q0H
Q495A1,3RQ3
Q495A1,3UCR
Q495A1,3UDW
Q495A1,5V52
Q495A1,7VYT
Q495A1,8JEL
Q495A1,8JEN
Q495A1,8JEO
Q495A1,8SZY
Q495A1,8VTE
Q495M9,2L7T
Q495M9,3K1R
Q495M9,3PVL
Q49AH0,2LPN
Q49AH0,2W50
Q49AH0,4BIT
Q49AH0,8QAJ
Q4AE70,2OQB
Q4AE70,3B3F
Q4AE70,3B3G
Q4AE70,3B3J
Q4DA80,1W61
Q4DA80,1W62
Q4DA80,6HJE
Q4DA80,6HJF
Q4DA80,6HJG
Q4F883,4NFU
Q4F883,7XJP
Q4F883,8YL6
Q4F883,8YL7
Q4F883,8YN0
Q4F883,8YN1
Q4FX73,8A3W
Q4FX73,8A98
Q4FX73,8OVJ
Q4FX73,8QHU
Q4FX73,8QIE
Q4FX73,8RXH
Q4FX73,8RXX
Q4FX73,9FXO
Q4G0J3,4WKR
Q4G0J3,5KNW
Q4G0J3,6D12
Q4G0J3,7SLP
Q4G0J3,7SLQ
Q4J6C6,7OBM
Q4J6C6,8RFB
Q4JIM5,4XLI
Q4KL25,6C14
Q4LE39,7DM4
Q4QEZ7,3S4O
Q4V8K1,2YJZ
Q4VGL6,4QI0
Q4VGL6,4QI2
Q4VGL6,4TXA
Q4VGL6,5F5F
Q4VGL6,5F5H
Q4VGL6,6TQA
Q4VGL6,6TQB
Q4VWQ3,3CXG
Q4WF29,6GUD
Q4WF29,6GUG
Q4WF29,6GUI
Q4WF29,6GUL
Q4WF29,6GUR
Q4WL81,6YGE
Q4WL81,6YGF
Q4WL81,6YGG
Q4WL81,8PMR
Q4WL81,8PMS
Q4WL81,8R17
Q4WUL0,8QLU
Q4WZ11,3W0D
Q4WZ11,3W0E
Q4YCF6,7LR3
Q4YCF6,7LR4
Q53ET0,4HTM
Q53EZ4,3E1R
Q53EZ4,3WUT
Q53EZ4,3WUU
Q53EZ4,3WUV
Q53FT3,3WVZ
Q53FT3,3WW0
Q53GL0,3AA1
Q53GL7,2DHX
Q53GL7,3HKV
Q53GL7,5LX6
Q53GL7,6FXI
Q53GT1,8W4J
Q53H82,4AD9
Q53HL2,2KDD
Q53HL2,7U5V
Q53HL2,8RUQ
Q53HL2,9D41
Q53I06,1ZFU
Q53I06,3E7R
Q53I06,3E7U
Q53I06,6K50
Q53I06,6K51
Q53I06,7O76
Q53I06,7OAE
Q53I06,7OAG
Q53I06,9E3V
Q53I06,9E3W
Q53I06,9E3X
Q53I06,9E3Y
Q53I06,9E3Z
Q53QZ3,3BYI
Q53TN4,5ZLE
Q53TN4,5ZLG
Q54HG2,1D7M
Q54HG2,4J4A
Q54KF1,2L1A
Q54LT0,5Z2H
Q54LT0,5Z2I
Q56VR3,4BXS
Q56VR3,4BXW
Q56WH4,7VMF
Q582G4,4M36
Q582G4,4M37
Q582G4,4M38
Q58T52,2MHW
Q59H18,4YFF
Q59H18,4YFI
Q59H18,6B5J
Q59H18,7MGJ
Q59H18,7MGK
Q59L12,4LE8
Q59L12,4LEB
Q59L12,4LEE
Q5A0X8,4Y7S
Q5A477,9S35
Q5A477,9S36
Q5AD07,4N3T
Q5AD07,4N3U
Q5AD07,5CU9
Q5AD07,5KBK
Q5AD07,5KBL
Q5AD07,5KBM
Q5ANA3,9IUK
Q5ANA3,9IUL
Q5ANA3,9IUM
Q5AU62,1K6I
Q5AU62,1K6J
Q5AU62,1K6X
Q5AU62,1TI7
Q5AU62,1XGK
Q5AU62,2VUS
Q5AU62,2VUT
Q5AU62,2VUU
Q5CPU3,6YUG
Q5D1E7,2N5J
Q5D1E7,2N5K
Q5D1E7,2N5L
Q5D1E7,5H9V
Q5D1E7,5H9W
Q5D1E8,3V32
Q5D1E8,3V33
Q5D1E8,3V34
Q5D869,8HYJ
Q5EE01,7QOO
Q5EE01,7R5S
Q5EE01,7XHN
Q5EE01,7XHO
Q5EE01,7YWX
Q5EG47,5UFU
Q5EHP3,2EFZ
Q5FBB7,3Q6S
Q5FVI6,6VQI
Q5FVI6,6VQJ
Q5FVI6,6VQK
Q5FVI6,9B8Q
Q5FW60,2L9C
Q5G7K8,2LAI
Q5G8B6,6ATN
Q5GJ75,4Q9V
Q5H8A6,6O6J
Q5H8A6,6O7A
Q5H8A6,6O7C
Q5HYA8,7FH1
Q5JRA6,7R3M
Q5JRX3,4L3T
Q5JRX3,4RPU
Q5JRX3,6XOS
Q5JRX3,6XOT
Q5JRX3,6XOU
Q5JRX3,6XOW
Q5JS13,3QXL
Q5JTH9,7WTS
Q5JTH9,7WTT
Q5JTH9,7WTU
Q5JTH9,7WTV
Q5JTH9,7WTW
Q5JTH9,7WTX
Q5JTH9,7WTZ
Q5JTH9,7WU0
Q5JTV8,4TVS
Q5JVF3,3T5X
Q5JWF2,8I2G
Q5JWF2,8JHB
Q5JWF2,8JHI
Q5JWF2,9BKK
Q5K651,7KSP
Q5KU26,2OX8
Q5NCS9,4WOY
Q5NUL3,8H4K
Q5NUL3,8H4L
Q5NUL3,8IYS
Q5NUL3,8T3O
Q5NUL3,8T3Q
Q5PPM0,4WMO
Q5PPM0,4WN0
Q5PPM0,5ZC0
Q5QF96,4EZC
Q5QF96,4EZD
Q5QGZ9,8JAH
Q5QGZ9,8W8T
Q5QGZ9,8W9J
Q5SQI0,3VWD
Q5SQI0,3VWE
Q5SQI0,4B5O
Q5SQI0,4B5P
Q5SQI0,4GS4
Q5SQI0,4IF5
Q5SQI0,4PK2
Q5SQI0,4PK3
Q5SQI0,4U9Y
Q5SQI0,4U9Z
Q5SRI9,6ZDC
Q5SRI9,6ZDF
Q5SRI9,6ZDK
Q5SRI9,6ZDL
Q5SRI9,6ZFA
Q5SRI9,6ZFN
Q5SRI9,6ZFQ
Q5SRI9,6ZJ1
Q5SRI9,6ZJ5
Q5SSF7,7CQZ
Q5SW79,4JON
Q5SWZ9,4GGJ
Q5SWZ9,4GGK
Q5SXA9,6J68
Q5SXA9,6J69
Q5SXA9,6JJW
Q5SXA9,6JJX
Q5SYB0,2EDV
Q5SYB0,4G2V
Q5T0T0,2D8S
Q5T0W9,5LZK
Q5T0W9,5QHI
Q5T0W9,5QHJ
Q5T0W9,5QHK
Q5T0W9,5QHL
Q5T0W9,5QHM
Q5T0W9,5QHN
Q5T0W9,5QHO
Q5T0W9,5QHP
Q5T0W9,5QHQ
Q5T0W9,5QHR
Q5T0W9,5QHS
Q5T1C6,4AE8
Q5T1C6,4GAH
Q5T1V6,2YQP
Q5T280,4RG1
Q5T280,8QSU
Q5T280,8QSV
Q5T280,8QSW
Q5T2T1,3O46
Q5T4F4,1X4U
Q5T5X7,5JNO
Q5T5X7,7W27
Q5T5Y3,5M54
Q5T5Y3,5M5C
Q5T601,7WU3
Q5T601,7WXU
Q5T601,7WXW
Q5T601,7WY0
Q5T601,7WZ7
Q5T601,8G2Y
Q5T601,8HC0
Q5T9L3,7DRT
Q5T9L3,7KC4
Q5T9L3,8TZO
Q5T9L3,8TZP
Q5T9L3,8TZR
Q5T9L3,8TZS
Q5TA31,7OW2
Q5TA45,5V8W
Q5TA45,7BFP
Q5TA45,7BFQ
Q5TA45,8R22
Q5TA45,8R23
Q5TA45,8R2D
Q5TA45,8UIB
Q5TA50,4K80
Q5TA50,4K84
Q5TA50,4K85
Q5TA50,4K8N
Q5TA50,4KBS
Q5TA50,4KF6
Q5TAX3,6IW6
Q5TAX3,8OST
Q5TC82,3X1O
Q5TC82,4QIK
Q5TC82,4QIL
Q5TC82,4ULW
Q5TC82,4YWQ
Q5TC82,8RHS
Q5TCY1,4BTJ
Q5TCY1,4BTK
Q5TCY1,4BTM
Q5TCY1,4NFM
Q5TCY1,4NFN
Q5TCY1,7JXX
Q5TCY1,7JXY
Q5TCY1,7Q8V
Q5TCY1,7Q8W
Q5TCY1,7QHW
Q5TCY1,7ZHN
Q5TCY1,7ZHO
Q5TCY1,7ZHP
Q5TCY1,7ZHQ
Q5TCY1,8XPZ
Q5TCY1,9HHW
Q5TDH0,2N7D
Q5TDH0,4RGH
Q5TDH0,5K57
Q5THR3,1WLZ
Q5THR3,5D67
Q5TKA1,6C48
Q5TKA1,7N40
Q5TKA1,7R1D
Q5TZA2,6L5H
Q5TZA2,6L5J
Q5U5Q3,5WWW
Q5U5Q3,5WWX
Q5U5Q3,5WWZ
Q5U5Q3,5ZI6
Q5U651,5KHQ
Q5VRM0,5H3I
Q5VRM0,6KF8
Q5VT66,6FW2
Q5VT66,7P41
Q5VTT2,7UNG
Q5VTT2,8J07
Q5VTY9,6P64
Q5VTY9,6UJO
Q5VTY9,6UJQ
Q5VTY9,6UK2
Q5VTY9,6UK4
Q5VTY9,7MHY
Q5VTY9,7MHZ
Q5VTY9,7Q1U
Q5VTY9,7Q6Z
Q5VTY9,7URF
Q5VV43,2E7M
Q5VVJ2,2CU7
Q5VVJ2,2DCE
Q5VVQ6,4BOQ
Q5VWK5,5MZV
Q5VWK5,6WDQ
Q5VWK5,8OE4
Q5VWK5,9MFG
Q5VWP2,6W36
Q5VWP2,8EQB
Q5VWZ2,3U0V
Q5VWZ2,5KRE
Q5VY80,8RWB
Q5VYS8,5W0B
Q5VYS8,5W0M
Q5VYS8,5W0N
Q5VYS8,5W0O
Q5VYS8,8OEF
Q5VYS8,8OPP
Q5VYS8,8OPS
Q5VYS8,8OPT
Q5VYX0,3QJ4
Q5VZF2,2E5S
Q5VZF2,2RPP
Q5W0Z9,6BML
Q5W0Z9,6BMM
Q5W0Z9,6BMN
Q5W0Z9,7KHM
Q5WMW5,9K1M
Q5WMW5,9K1N
Q5WPU8,8ENU
Q5WPU8,8EO2
Q5WPU8,8EOK
Q5XPI4,2MA6
Q5Y4Y6,5B5R
Q5Y4Y6,6CB8
Q5YD59,2CM4
Q5YD59,2CM9
Q5YD59,3ZUI
Q5YD59,3ZUO
Q5YD59,5HCC
Q5YD59,5HCD
Q5YD59,5HCE
Q5YD59,6RQJ
Q5ZKX9,6I6B
Q5ZKX9,6I6H
Q5ZKX9,6I6J
Q5ZKX9,6Y7V
Q5ZKX9,6ZXR
Q5ZKX9,7OXE
Q5ZKX9,7OYE
Q5ZKX9,7RXC
Q5ZKX9,8APY
Q5ZMW5,1F7C
Q60520,1G1E
Q60520,1S5Q
Q60520,1S5R
Q60520,2L9S
Q60520,2LD7
Q60520,2N2H
Q60520,2RMR
Q60603,4F8A
Q60603,4HOI
Q60603,4LLO
Q60603,5HIT
Q60610,1FOE
Q60610,3A8N
Q60610,7UIQ
Q60610,7UIR
Q60631,1GBQ
Q60631,1GBR
Q60631,2GBQ
Q60631,3GBQ
Q60631,4GBQ
Q60634,1WIN
Q60754,2OY3
Q60754,2OYA
Q60760,3M7F
Q60770,3PUK
Q60795,1X2R
Q60795,2DYH
Q60795,3WN7
Q60795,7ECA
Q60803,4GHU
Q60838,3ML6
Q60838,6VCC
Q60855,8IB0
Q60875,5WI4
Q60932,3EMN
Q60932,4C69
Q60932,7KUH
Q60932,7TCV
Q60932,9GNG
Q60994,1C28
Q60994,1C3H
Q61009,5KTF
Q61097,1KBE
Q61097,1KBF
Q61097,2LPE
Q61115,6MG8
Q61115,7K65
Q61115,7V6Y
Q61115,7V6Z
Q61140,5W93
Q61166,1V5K
Q61166,6EVI
Q61166,6EVQ
Q61166,7OLG
Q61191,2M26
Q61207,5NXB
Q61207,5U85
Q61207,7P4T
Q61221,4ZPR
Q61234,1QAV
Q61234,1Z86
Q61234,1Z87
Q61234,2ADZ
Q61234,2PDZ
Q61234,4HOP
Q61301,4K1O
Q61301,4ONS
Q61301,4P9T
Q61301,5XFL
Q61301,6DUY
Q61420,6OH2
Q61420,6OH3
Q61420,6OH4
Q61420,6XBO
Q61474,1UAW
Q61474,2MSS
Q61474,2MST
Q61474,2RS2
Q61474,5X3Y
Q61474,5X3Z
Q61510,4B8E
Q61550,9J0A
Q61790,7TZE
Q61790,8DGG
Q61790,9CYL
Q61790,9CYM
Q61823,2HM8
Q61823,2IOL
Q61823,2ION
Q61823,2IOS
Q61823,2KZT
Q61823,2NSZ
Q61823,3EIQ
Q62011,3IET
Q62011,6LZ4
Q62048,2LS7
Q62151,4IM8
Q62191,2VOK
Q62191,3ZO0
Q62191,7HLA
Q62191,7HLB
Q62191,7HLC
Q62191,7HLD
Q62191,7HLE
Q62191,7HLF
Q62191,7HLG
Q62191,7HLH
Q62191,7HLI
Q62191,7HLJ
Q62191,7HLK
Q62191,7HLL
Q62191,7HLM
Q62191,7HLN
Q62191,7HLO
Q62191,7HLP
Q62191,7HLQ
Q62191,7HLR
Q62191,7HLS
Q62191,7HLT
Q62191,7HLU
Q62191,7HLV
Q62191,7HLW
Q62191,7HLX
Q62191,7HLY
Q62191,7HLZ
Q62191,7HM0
Q62191,7HM1
Q62191,7HM2
Q62191,7HM3
Q62191,7HM4
Q62191,7HM5
Q62191,7HM6
Q62191,7HM7
Q62191,7HM8
Q62191,7HM9
Q62191,7HMA
Q62191,7HMB
Q62191,7HMC
Q62191,7HMD
Q62191,7HME
Q62191,7HMF
Q62191,7HMG
Q62191,7HMH
Q62191,7HMI
Q62191,7HMJ
Q62191,7HMK
Q62191,7HML
Q62191,7HMM
Q62191,7HMN
Q62191,7HMO
Q62191,7HMP
Q62191,7HMQ
Q62191,7HMR
Q62191,7HMS
Q62191,7HMT
Q62191,7HMU
Q62191,7HMV
Q62191,7HMW
Q62191,7HMX
Q62191,7HMY
Q62191,7HMZ
Q62191,7HN0
Q62191,7HN1
Q62191,7HN2
Q62191,7HN3
Q62191,7HN4
Q62191,7HN5
Q62191,7HN6
Q62191,7HN7
Q62191,7HN8
Q62191,7HN9
Q62191,7HNA
Q62191,7HNB
Q62191,7HNC
Q62191,7HND
Q62191,7HNE
Q62191,7HNF
Q62191,7HNG
Q62191,7HNH
Q62191,7HNI
Q62191,7HNJ
Q62191,7HNK
Q62191,7HNL
Q62191,7HNM
Q62191,7HNN
Q62191,7HNO
Q62191,7HNP
Q62191,7HNQ
Q62191,7HNR
Q62191,7HNS
Q62191,7HNT
Q62191,7HNU
Q62191,7HNV
Q62191,7HNW
Q62191,7HNX
Q62191,7HNY
Q62191,7HNZ
Q62191,7HO0
Q62191,7HO1
Q62191,7HO2
Q62191,7HO3
Q62191,7HO4
Q62191,7HO5
Q62191,7HO6
Q62191,7HO7
Q62191,7HO8
Q62191,7HO9
Q62191,7HOA
Q62191,7HOB
Q62191,9GTE
Q62226,1VHH
Q62226,2WFX
Q62226,2WG4
Q62226,3D1M
Q62226,3N1R
Q62226,4C4M
Q62226,4C4N
Q62226,7RPK
Q62234,2JTD
Q62234,4V10
Q62264,3ONT
Q62277,9BRZ
Q62420,1ZWW
Q62625,1UGM
Q62625,2K6Q
Q62625,2Z0D
Q62625,2Z0E
Q62625,2ZZP
Q62645,3OEK
Q62645,3OEL
Q62645,3OEM
Q62645,3OEN
Q62645,4JWY
Q62696,1RSO
Q62696,1ZOK
Q62696,2AWU
Q62696,2AWW
Q62696,2AWX
Q62696,2G2L
Q62696,2I0I
Q62696,2I0L
Q62696,3UAT
Q62717,6A68
Q62717,7VS3
Q62747,6ANJ
Q62747,6ANK
Q62765,3BIW
Q62765,3BIX
Q62765,3VKF
Q62768,1Y8F
Q62768,2CJS
Q62768,2CJT
Q62768,2KDU
Q62768,3SWH
Q62768,4Y21
Q62768,5UE8
Q62768,5UF7
Q62768,6A30
Q62768,6NYC
Q62768,6NYT
Q62768,7T7X
Q62768,7T81
Q62888,5V5V
Q62888,8G7Y
Q62888,8G7Z
Q62888,8G80
Q62888,8G81
Q62915,6LNM
Q62940,1I5H
Q62940,2N8S
Q62940,2N8T
Q62940,2N8U
Q62991,1Y9J
Q62997,1Q8D
Q62997,2V5E
Q62997,3FUB
Q63009,1OR8
Q63009,1ORH
Q63009,1ORI
Q63009,3Q7E
Q63041,1EDY
Q63053,4X3H
Q63053,4X3I
Q63053,4X3X
Q63053,6GSE
Q63053,7R24
Q63120,8RQ3
Q63120,8RQ4
Q63155,3LAF
Q63155,3O71
Q63155,5Z5K
Q63155,6BZ3
Q63373,1C4R
Q63373,2R1B
Q63373,2R1D
Q63373,2WQZ
Q63373,2XB6
Q63472,5K7L
Q63472,6PBX
Q63472,6PBY
Q63472,8EOW
Q63472,8EP0
Q63472,8EP1
Q63584,5AZX
Q63584,5AZY
Q63622,4H11
Q63707,1UUM
Q63707,1UUO
Q63707,4ORI
Q63881,1NN7
Q63932,1JKY
Q63HR2,2DKQ
Q63HR2,2KNO
Q63HR2,2L6K
Q63HR2,2LOZ
Q63HR2,3HQC
Q63ZY3,4HBD
Q63ZY3,5YBV
Q63ZY3,6TMD
Q64096,1KZ7
Q64096,1KZG
Q64096,1LB1
Q64096,1RJ2
Q64237,6G9Q
Q64237,6G9R
Q64337,2RRU
Q64337,3ADE
Q64337,3B0F
Q64337,3WDZ
Q64364,1HN3
Q64368,2XS2
Q64368,2XS5
Q64368,2XS7
Q64368,2XSF
Q64373,1PQ0
Q64373,2BZW
Q64373,3IHC
Q64373,3IHD
Q64373,3IHE
Q64373,3IHF
Q64373,3IIG
Q64373,3IIH
Q64373,3ILB
Q64373,3ILC
Q64373,4YJ4
Q64373,4YK9
Q64373,5C3G
Q64373,7WJH
Q64373,7Y99
Q64520,1LVG
Q64536,1JM6
Q64536,3CRK
Q64536,3CRL
Q64595,4OJK
Q64605,2NV5
Q64610,2XR9
Q64610,2XRG
Q64610,5DLT
Q64610,5DLV
Q64610,5DLW
Q64610,5IJQ
Q64610,5IJS
Q64610,5L0B
Q64610,5L0E
Q64610,5L0K
Q64610,5LQQ
Q64610,5M0D
Q64610,5M0E
Q64610,5M0M
Q64610,5M0S
Q64610,5S9L
Q64610,5S9M
Q64610,5S9N
Q64610,7G2E
Q64610,7G2F
Q64610,7G2G
Q64610,7G2H
Q64610,7G2I
Q64610,7G2J
Q64610,7G2K
Q64610,7G2L
Q64610,7G2M
Q64610,7G2N
Q64610,7G2O
Q64610,7G2P
Q64610,7G2Q
Q64610,7G2R
Q64610,7G2S
Q64610,7G2T
Q64610,7G2U
Q64610,7G2V
Q64610,7G2W
Q64610,7G2X
Q64610,7G2Y
Q64610,7G2Z
Q64610,7G30
Q64610,7G31
Q64610,7G32
Q64610,7G33
Q64610,7G34
Q64610,7G35
Q64610,7G36
Q64610,7G37
Q64610,7G38
Q64610,7G39
Q64610,7G3A
Q64610,7G3B
Q64610,7G3C
Q64610,7G3D
Q64610,7G3E
Q64610,7G3F
Q64610,7G3G
Q64610,7G3H
Q64610,7G3I
Q64610,7G3J
Q64610,7G3K
Q64610,7G3L
Q64610,7G3M
Q64610,7G3N
Q64610,7G3O
Q64610,7G3P
Q64610,7G3Q
Q64610,7G3R
Q64610,7G3S
Q64610,7G3T
Q64610,7G3U
Q64610,7G3V
Q64610,7G3W
Q64610,7G3X
Q64610,7G3Y
Q64610,7G3Z
Q64610,7G40
Q64610,7G41
Q64610,7G42
Q64610,7G43
Q64610,7G44
Q64610,7G45
Q64610,7G46
Q64610,7G47
Q64610,7G48
Q64610,7G49
Q64610,7G4A
Q64610,7G4B
Q64610,7G4C
Q64610,7G4D
Q64610,7G4E
Q64610,7G4F
Q64610,7G4G
Q64610,7G4H
Q64610,7G4I
Q64610,7G4J
Q64610,7G4K
Q64610,7G4L
Q64610,7G4M
Q64610,7G4N
Q64610,7G4O
Q64610,7G4P
Q64610,7G4Q
Q64610,7G4R
Q64610,7G4S
Q64610,7G4T
Q64610,7G4U
Q64610,7G4V
Q64610,7G4W
Q64610,7G4X
Q64610,7G4Y
Q64610,7G4Z
Q64610,7G50
Q64610,7G51
Q64610,7G52
Q64610,7G53
Q64610,7G54
Q64610,7G55
Q64610,7G56
Q64610,7G57
Q64610,7G58
Q64610,7G59
Q64610,7G5A
Q64610,7G5B
Q64610,7G5C
Q64610,7G5D
Q64610,7G5E
Q64610,7G5F
Q64610,7G5G
Q64610,7G5H
Q64610,7G5I
Q64610,7G5J
Q64610,7G5K
Q64610,7G5L
Q64610,7G5M
Q64610,7G5N
Q64610,7G5O
Q64610,7G5P
Q64610,7G5Q
Q64610,7G5R
Q64610,7G5S
Q64610,7G5T
Q64610,7G5U
Q64610,7G5V
Q64610,7G5W
Q64610,7G5X
Q64610,7G5Y
Q64610,7G5Z
Q64610,7G60
Q64610,7G61
Q64610,7G62
Q64610,7G63
Q64610,7G64
Q64610,7G65
Q64610,7G66
Q64610,7G67
Q64610,7G68
Q64610,7G69
Q64610,7G6A
Q64610,7G6B
Q64610,7G6C
Q64610,7G6D
Q64610,7G6E
Q64610,7G6F
Q64610,7G6G
Q64610,7G6H
Q64610,7G6I
Q64610,7G6J
Q64610,7G6K
Q64610,7G6L
Q64610,7G6M
Q64610,7G6N
Q64610,7G6O
Q64610,7G6P
Q64610,7G6Q
Q64610,7G6R
Q64610,7G6S
Q64610,7G6T
Q64610,7G6U
Q64610,7G6V
Q64610,7G6W
Q64610,7G6X
Q64610,7G6Y
Q64610,7G6Z
Q64610,7G70
Q64610,7G71
Q64610,7G72
Q64610,7G73
Q64610,7G74
Q64610,7G75
Q64610,7G76
Q64610,7G77
Q64610,7G78
Q64610,7G79
Q64610,7G7A
Q64610,7G7B
Q64610,7G7C
Q64610,7G7D
Q64610,7G7E
Q64610,7G7F
Q64610,7G7G
Q64610,7G7H
Q64610,7G7I
Q64610,7G7J
Q64610,7G7K
Q64610,7G7L
Q64610,7G7M
Q64610,7G7N
Q64610,7G7O
Q64610,7G7P
Q64610,7G7Q
Q64610,7G7R
Q64610,7G7S
Q64610,7G7T
Q64610,7G7U
Q64610,7G7V
Q64610,7G7W
Q64610,7G7X
Q64610,7G7Y
Q64610,7G7Z
Q64610,7P0K
Q64610,7P4J
Q64610,7P4O
Q64610,7Z0N
Q64610,7Z3K
Q64610,7Z3L
Q64610,8C4W
Q64610,8C7R
Q64610,9ENT
Q64610,9EU5
Q64610,9FTN
Q64610,9FXU
Q64610,9FXW
Q64610,9FXY
Q64702,1MBY
Q64727,5Y04
Q65YR7,8GQQ
Q65ZG8,8GCI
Q66GS9,5FCN
Q66GS9,5NG4
Q66GT5,3RGO
Q66GT5,3RGQ
Q674R7,8POE
Q676U5,4TQ0
Q676U5,5D7G
Q676U5,5NPV
Q676U5,5NPW
Q676U5,5NUV
Q676U5,5ZYX
Q676U5,7F69
Q676U5,7W36
Q676U5,7XFR
Q676U5,8ZQG
Q676U5,9J54
Q676U5,9JF2
Q67Z52,2KJ6
Q687X5,6HCY
Q687X5,6HD1
Q68CP4,8JKV
Q68CP4,8JL1
Q68CP4,8JL3
Q68CP4,8JL4
Q68CP4,8TU9
Q68CP4,8VKJ
Q68CP4,8VLG
Q68CP4,8VLI
Q68CP4,8VLU
Q68CP4,8VLV
Q68CP4,8VLY
Q68CP4,8W4A
Q68CZ1,2YRB
Q68D85,3PV7
Q68D85,4ZSO
Q68DK7,4B7Y
Q68DK7,4B86
Q68DK7,4DNC
Q68E01,4OWT
Q68E01,4OWW
Q68E01,4OWX
Q68E01,6WLG
Q68E01,7BV7
Q68E01,8HPP
Q68FF6,6JMU
Q68GV9,3F7M
Q68J44,2Y96
Q695T7,6M17
Q695T7,6M18
Q695T7,6M1D
Q695T7,7DWX
Q695T7,7V61
Q695T7,8I92
Q695T7,8I93
Q695T7,8WBY
Q695T7,8WBZ
Q69ZK9,3BL8
Q69ZK9,8G7D
Q6A070,5DN7
Q6AWJ9,6S9F
Q6AX31,7WKK
Q6AXS0,9PS1
Q6AXS0,9PS2
Q6AXS0,9PS3
Q6AXS0,9PS4
Q6AXS0,9PS6
Q6AXS0,9PS8
Q6B8I1,5XJV
Q6DD88,5VGR
Q6DD88,6XJO
Q6DKI7,8X6B
Q6DKI7,9E6Y
Q6DN90,3QWM
Q6DN90,4C0A
Q6DN90,5NLV
Q6DN90,5NLY
Q6DN90,6FNE
Q6DWK3,2IW0
Q6E0U4,4F20
Q6EDY6,4K17
Q6EIG7,5VYB
Q6EIG7,8ROV
Q6EN42,5GWO
Q6EN42,5GWP
Q6EN42,5ZCG
Q6EN42,5ZCH
Q6EN42,5ZCL
Q6EN42,5ZCU
Q6FI81,2LD4
Q6FI81,2YUI
Q6FI81,4M7R
Q6GQQ9,5LRU
Q6GTX8,3KGR
Q6GTX8,3RP1
Q6GTX8,7F9L
Q6GTX8,7F9M
Q6GTX8,7F9N
Q6H321,1GVZ
Q6H3D7,4H0S
Q6H7M3,8Q73
Q6H7M3,8Q74
Q6H7M3,8Q75
Q6H7M3,8Q76
Q6I5C3,6UOP
Q6I5C3,6UOQ
Q6I5C3,6UOR
Q6I5C3,6UOS
Q6I5C3,6UOU
Q6I5C3,6UOW
Q6IBS0,2VAC
Q6IBS0,2W0I
Q6ICB0,3EBQ
Q6ICL3,8SV7
Q6ICL3,9BWA
Q6ICL3,9N1S
Q6ID70,2KMW
Q6IDD9,7LCY
Q6IDD9,7LCZ
Q6IDD9,7M6K
Q6IDD9,7RTC
Q6IE81,8GDX
Q6IE81,8GE0
Q6IN85,6R8I
Q6INX3,2JWP
Q6INX3,2K46
Q6INX3,2KR2
Q6IQ20,4QN9
Q6IQ20,8P90
Q6IQ20,8P96
Q6IQ20,8PC4
Q6IQ23,7KJO
Q6IQ23,7KJZ
Q6IQ23,7KK7
Q6IUU3,4P2L
Q6J8I9,1SOR
Q6J8I9,2B6O
Q6J8I9,2B6P
Q6J8I9,3J41
Q6J8I9,3M9I
Q6J8I9,8SJX
Q6J8I9,8SJY
Q6JP77,2VFK
Q6JP77,2VFL
Q6JP77,2VFY
Q6K209,6LCQ
Q6KCA4,6CJZ
Q6L8Q7,4Z0V
Q6L8Q7,4Z2B
Q6L8Q7,4ZKF
Q6NKQ9,6GRF
Q6NPF9,7BZK
Q6NS38,3BTX
Q6NS38,3BTY
Q6NS38,3BTZ
Q6NS38,3BU0
Q6NS38,3BUC
Q6NS38,3H8O
Q6NS38,3H8R
Q6NS38,3H8X
Q6NS38,3RZG
Q6NS38,3RZH
Q6NS38,3RZJ
Q6NS38,3RZK
Q6NS38,3RZL
Q6NS38,3RZM
Q6NS38,3S57
Q6NS38,3S5A
Q6NS38,4MG2
Q6NS38,4MGT
Q6NSJ0,7QQF
Q6NSJ0,7QQG
Q6NSJ0,7QQH
Q6NT76,2CUF
Q6NT76,4J19
Q6NUD0,4G56
Q6NUK1,4N5X
Q6NUK1,4ZCU
Q6NUK1,4ZCV
Q6NVG5,6CMY
Q6NYC1,3K2O
Q6NYC1,3LD8
Q6NYC1,3LDB
Q6NYC1,6BNH
Q6NYC1,6GDY
Q6NYC1,6MEV
Q6NZI2,9EG6
Q6NZI2,9EGN
Q6NZI2,9EIU
Q6NZY4,5LXR
Q6NZY4,5LXY
Q6P0Q8,2KQF
Q6P0Q8,2KYL
Q6P179,3SE6
Q6P179,4E36
Q6P179,4JBS
Q6P179,5AB0
Q6P179,5AB2
Q6P179,5CU5
Q6P179,5J6S
Q6P179,5K1V
Q6P179,6EA4
Q6P179,7NSK
Q6P179,7NUP
Q6P179,7P7P
Q6P179,7PFS
Q6P179,7SH0
Q6P1C6,3SO5
Q6P1M3,6N8P
Q6P1M3,6N8Q
Q6P1M3,6N8R
Q6P1M3,6N8S
Q6P2H3,5OI7
Q6P2H3,5OID
Q6P2P2,6PDM
Q6P2P2,7RBQ
Q6P2P2,7T39
Q6P2P2,9AY9
Q6P4F2,2Y5C
Q6P4Q7,6G52
Q6P4Q7,6RS2
Q6P4T1,4P2I
Q6P4T1,4P2J
Q6P587,1SAW
Q6P587,6FOG
Q6P587,6FOH
Q6P5Q4,4RWT
Q6P5Q4,5WFN
Q6P5Q4,6UT2
Q6P5S7,6WLW
Q6P5S7,9DET
Q6P9B9,7CUN
Q6P9B9,7PKS
Q6P9B9,7YCX
Q6P9B9,8RBX
Q6P9B9,8RBZ
Q6P9B9,8RC4
Q6P9B9,8YJB
Q6P9B9,9EOF
Q6P9B9,9EP4
Q6P9B9,9VD9
Q6P9J9,6P46
Q6P9J9,6P47
Q6P9J9,6P48
Q6P9J9,6P49
Q6P9J9,6QP6
Q6P9J9,6QPB
Q6P9J9,6QPC
Q6P9J9,6QPI
Q6P9J9,8B8G
Q6P9J9,8B8J
Q6P9J9,8B8K
Q6P9J9,8B8M
Q6P9J9,8B8Q
Q6P9J9,8BC0
Q6P9J9,8BC1
Q6P9J9,8SUN
Q6P9J9,8SUR
Q6P9J9,8TAG
Q6P9J9,8TAI
Q6P9J9,8TAL
Q6PCD5,6CVZ
Q6PD74,7TWD
Q6PD74,9DDS
Q6PD74,9DDT
Q6PDM1,2Y0M
Q6PDM1,2Y0N
Q6PDM2,1X4C
Q6PFD5,5IZU
Q6PGP7,7QDR
Q6PGP7,7QDS
Q6PGP7,7QDY
Q6PGP7,7QDZ
Q6PGP7,9G8Q
Q6PGP7,9G8R
Q6PH85,4GAO
Q6PHR2,6FDY
Q6PHR2,6FDZ
Q6PHW0,4TTB
Q6PHW0,4TTC
Q6PHW0,5YAK
Q6PI26,2MNW
Q6PI26,4PBD
Q6PI26,4PCK
Q6PI48,4AH6
Q6PIW4,3D8B
Q6PJF5,8SNL
Q6PJF5,8SNM
Q6PJF5,8SNN
Q6PJF5,8SNO
Q6PJF5,9O58
Q6PKG0,4ZC4
Q6PKG0,5C0V
Q6PKG0,5V4R
Q6PKG0,5V7C
Q6PKG0,5V87
Q6PKG0,6PW3
Q6PKG0,7SOO
Q6PKG0,7SOP
Q6PKG0,7SOQ
Q6PKG0,7SOR
Q6PKG0,7SOS
Q6PKG0,7SOT
Q6PKG0,7SOU
Q6PKG0,7SOV
Q6PKG0,7SOW
Q6PKG0,8EY6
Q6PKG0,8EY7
Q6PKG0,8EY8
Q6PKG0,8G90
Q6PKG0,8G91
Q6PML9,2ENK
Q6PQK2,4XMC
Q6PQK2,4XMD
Q6PQK2,4XME
Q6PQK2,4XMF
Q6PQK2,4XMG
Q6PQK2,4XMH
Q6PQK2,5M6J
Q6PQK2,5M6K
Q6PRD7,7TB9
Q6PW77,1ZR6
Q6PW77,2AXR
Q6PW77,3HSU
Q6PXP3,9J2N
Q6Q547,1Y2Y
Q6Q547,2AQA
Q6QLM7,2KIN
Q6QLM7,3KIN
Q6QLQ4,2BPD
Q6QLQ4,2BPE
Q6QLQ4,2BPH
Q6QLQ4,2CL8
Q6QNK2,7EPT
Q6QNK2,7WU2
Q6QNK2,8X9S
Q6QNK2,8X9T
Q6QNK2,8X9U
Q6QNK2,9IV1
Q6QNK2,9IV2
Q6QNK2,9V0U
Q6QWR1,4MIF
Q6QWR1,4MIG
Q6QWR1,4MIH
Q6R5N8,4Z0C
Q6RHR6,7VM8
Q6SPF0,6LUI
Q6SPF0,6LUJ
Q6SPF0,6LUK
Q6SPF0,8Y77
Q6STF1,1REO
Q6STF1,1TDK
Q6STF1,1TDN
Q6STF1,1TDO
Q6SZW1,6O0Q
Q6SZW1,6O0R
Q6SZW1,6O0S
Q6SZW1,6O0T
Q6SZW1,6O0U
Q6SZW1,6O0V
Q6SZW1,6O1B
Q6SZW1,6QWV
Q6SZW1,6WPK
Q6SZW1,6ZFX
Q6SZW1,6ZG0
Q6SZW1,6ZG1
Q6SZW1,7ANW
Q6SZW1,7CM5
Q6SZW1,7CM6
Q6SZW1,7CM7
Q6SZW1,7DJT
Q6SZW1,7KNQ
Q6SZW1,7LD0
Q6SZW1,7NAG
Q6SZW1,7NAH
Q6SZW1,7NAI
Q6SZW1,7NAJ
Q6SZW1,7NAK
Q6SZW1,7NAL
Q6SZW1,7QG0
Q6SZW1,8D0C
Q6SZW1,8D0D
Q6SZW1,8D0E
Q6SZW1,8D0F
Q6SZW1,8D0G
Q6SZW1,8D0H
Q6SZW1,8D0I
Q6SZW1,8D0J
Q6SZW1,8GNI
Q6SZW1,8GNJ
Q6SZW1,8GQ5
Q6SZW1,8P2L
Q6SZW1,9L2D
Q6SZW1,9L2E
Q6SZW1,9L2F
Q6SZW1,9L2G
Q6T3U3,6V3F
Q6T3U3,6V3H
Q6TEC1,1U20
Q6TEC1,2A8P
Q6TEC1,2A8Q
Q6TEC1,2A8R
Q6TEC1,2A8S
Q6TEC1,2A8T
Q6TGC4,4DAT
Q6TGC4,4DAU
Q6TGC4,8QL0
Q6TGC4,9FMN
Q6TMG6,1SR0
Q6TMG6,1ZBK
Q6TMG6,1ZL1
Q6TMG6,2DPE
Q6TMG6,2DSU
Q6TMG6,2DSV
Q6TMG6,2DSW
Q6TMG6,2FDM
Q6TMG6,2G41
Q6TMG6,2G8Z
Q6TMG6,2PI6
Q6TMG6,5Z4V
Q6TY21,2JWN
Q6U6J0,4QLA
Q6UD73,6XWE
Q6UD73,9GFZ
Q6UVJ0,6YS4
Q6UVJ0,6Z4A
Q6UWV6,5TCD
Q6UWV6,5UDY
Q6UWY2,4Q7X
Q6UWY2,4Q7Y
Q6UWY2,4Q7Z
Q6UWY2,4Q80
Q6UX46,7MZX
Q6UXN8,3VPP
Q6UXV0,5VZ4
Q6UXV0,6WMW
Q6V1X1,6EOO
Q6V1X1,6EOS
Q6V1X1,6HP8
Q6V1X1,6QZW
Q6V1X1,6TRX
Q6V1X1,7A3G
Q6V1X1,7A3I
Q6V1X1,7A3J
Q6V1X1,7A3K
Q6V1X1,7A3L
Q6V1X1,7AYQ
Q6V1X1,7AYR
Q6V1X1,7OR4
Q6V1X1,7OZ7
Q6V1X1,7SVM
Q6V1X1,7SVO
Q6VAK4,1YVI
Q6VAK4,2Q4F
Q6VN19,5JIA
Q6W0C5,8WMS
Q6W0C5,8XV7
Q6W0C5,8XV8
Q6WNK7,3KIK
Q6WNK7,3KJL
Q6WNK7,3M99
Q6WNK7,3MHH
Q6WNK7,4FIP
Q6WNK7,4FJC
Q6WNK7,4FK5
Q6WNK7,4WA6
Q6XQN6,4YUB
Q6XZF7,1UG1
Q6XZF7,1UHC
Q6XZF7,4CC4
Q6XZF7,4GLM
Q6YHK3,8S3O
Q6YHK3,9FX2
Q6YHK3,9FX3
Q6YWF1,4RJ9
Q6Z156,7D3Y
Q6Z156,7E40
Q6Z1J6,5EE0
Q6Z1J6,5EE1
Q6Z1J6,5EE3
Q6Z1J6,5EE9
Q6Z2T3,7CJS
Q6Z2T3,7NL4
Q6ZMI3,5YBY
Q6ZMJ4,4DKC
Q6ZMJ4,4DKD
Q6ZMJ4,4DKE
Q6ZMJ4,4DKF
Q6ZMZ3,6WME
Q6ZN17,4A4I
Q6ZNA4,2KIZ
Q6ZNA4,5LG0
Q6ZNA4,5LG7
Q6ZNA4,7P2K
Q6ZNE5,6HOL
Q6ZNL6,3MPX
Q6ZPF3,3A8P
Q6ZPF3,3A8Q
Q6ZRY4,2M9K
Q6ZTQ4,6PPO
Q6ZTQ4,6PSF
Q6ZTQ4,7KNV
Q6ZYL4,1YDL
Q6ZYL4,2JNJ
Q6ZYL4,7NVV
Q700S9,1TG7
Q700S9,1XC6
Q70E73,4GMV
Q70E73,4GN1
Q71RC2,2CQK
Q71RC2,6I9B
Q71RJ2,5KK2
Q71RJ2,5VOT
Q71RJ2,5VOU
Q71RJ2,5VOV
Q71RJ2,7TNN
Q71RJ2,7TNO
Q71RJ2,8C1R
Q71RJ2,8C1S
Q71RJ2,8P3Q
Q71RJ2,8P3S
Q71RJ2,8P3X
Q71RJ2,8P3Y
Q71RJ2,8P3Z
Q71RJ2,8PIV
Q71VM4,2YNS
Q71VM4,4B8J
Q71VM4,4B8O
Q71VM4,4B8P
Q71VM4,4BPL
Q71VM4,4BQK
Q76CE8,5B5H
Q76FB0,4YUU
Q76LX8,3GHM
Q76LX8,3GHN
Q76LX8,3VN4
Q76LX8,6QIG
Q76LX8,7B01
Q76N89,3L4H
Q76NL8,3S5H
Q76NL8,3S5I
Q76NL8,3S5K
Q76NL8,3S5M
Q76NL8,7DI7
Q76NL8,7DIA
Q76NL8,7DIJ
Q76NL8,7VPE
Q76NL8,8HO4
Q76NL8,8HO5
Q76NL8,8WXW
Q76NL8,8WXZ
Q76NL8,8WYT
Q76NL8,8WYU
Q76NL8,8WYX
Q76NL8,8WYY
Q78EG7,1X24
Q78EG7,1ZCK
Q78EG7,1ZCL
Q78EG7,3RZ2
Q78P75,1PWJ
Q78P75,1PWK
Q7G188,1PXY
Q7K4Y6,4M48
Q7K4Y6,4XNU
Q7K4Y6,4XNX
Q7K4Y6,4XP1
Q7K4Y6,4XP4
Q7K4Y6,4XP5
Q7K4Y6,4XP6
Q7K4Y6,4XP9
Q7K4Y6,4XPA
Q7K4Y6,4XPB
Q7K4Y6,4XPF
Q7K4Y6,4XPG
Q7K4Y6,4XPH
Q7K4Y6,4XPT
Q7K4Y6,6M0F
Q7K4Y6,6M0Z
Q7K4Y6,6M2R
Q7K4Y6,6M38
Q7K4Y6,6M3Z
Q7K4Y6,6M47
Q7K4Y6,7WGD
Q7K4Y6,7WGT
Q7K4Y6,7WLW
Q7K4Y6,9EUO
Q7K4Y6,9EUP
Q7KN62,4RV0
Q7KQL8,1SYR
Q7KQL8,2MMN
Q7KQL8,2MMO
Q7KTX7,2LWR
Q7KTX7,2M48
Q7KZF4,2E6N
Q7KZF4,2HQE
Q7KZF4,2HQX
Q7KZF4,2O4X
Q7KZF4,3BDL
Q7KZF4,3OMC
Q7KZF4,3OMG
Q7KZF4,4QMG
Q7KZF4,5M9O
Q7KZF4,7KNW
Q7KZF4,7KNX
Q7L014,6Y50
Q7L014,6Y53
Q7L014,6Y5Q
Q7L014,7EVO
Q7L014,7Q3L
Q7L014,7VPX
Q7L0Q8,2Q3H
Q7L0Y3,5NFJ
Q7L0Y3,7ONU
Q7L0Y3,8CBK
Q7L0Y3,8CBL
Q7L0Y3,8CBM
Q7L0Y3,8CBO
Q7L0Y3,8RR1
Q7L0Y3,8RR3
Q7L0Y3,8RR4
Q7L0Y3,9EY0
Q7L0Y3,9EY1
Q7L0Y3,9EY2
Q7L0Y3,9GCH
Q7L1W4,6M04
Q7L266,3TKJ
Q7L266,4ET0
Q7L266,4O0C
Q7L266,4O0D
Q7L266,4O0E
Q7L266,4O0F
Q7L266,4O0G
Q7L266,4O0H
Q7L266,4OSX
Q7L266,4OSY
Q7L266,4PVP
Q7L266,4PVQ
Q7L266,4PVR
Q7L266,4PVS
Q7L266,4ZM9
Q7L2E3,2DB2
Q7L513,4HWN
Q7L523,6S6A
Q7L523,6S6D
Q7L523,6SB0
Q7L523,6SB2
Q7L5N1,4QFT
Q7L5N1,4R14
Q7L804,2GZD
Q7L804,2GZH
Q7L804,2K6S
Q7L804,3TSO
Q7L804,4C4P
Q7L804,6S8X
Q7L8A9,6J4U
Q7L8A9,6J7B
Q7L8A9,6J8F
Q7L8A9,6J8N
Q7L8A9,6J8O
Q7L8A9,6J91
Q7L8A9,6J9H
Q7L8A9,6K81
Q7L8A9,6LPG
Q7L8A9,6NVQ
Q7L8A9,6OCF
Q7L8A9,6OCG
Q7L8A9,6OCH
Q7L8A9,6WSL
Q7LC44,6TN7
Q7LC44,6TNQ
Q7LC44,6TQ0
Q7LC44,6YTU
Q7LC44,7R1Z
Q7LC44,7R23
Q7LC44,8QF4
Q7LC44,8QF5
Q7LFL8,5W9S
Q7PLK0,7CFC
Q7QIJ8,3PZF
Q7QIJ8,4RO9
Q7QIJ8,4ROA
Q7QIJ8,4ROB
Q7QIJ8,4RSQ
Q7RTN6,1UPK
Q7RTN6,3GNI
Q7RTP6,2D88
Q7RTP6,5SZG
Q7RTP6,6ICI
Q7RTR0,6Z2G
Q7RTR0,7BSO
Q7SBA0,8JYX
Q7SBA0,8JYZ
Q7SIB8,1KDI
Q7SIB8,1KDJ
Q7SIB8,2BZ7
Q7SIB8,2BZC
Q7SID6,1IJL
Q7SIG3,1ELT
Q7T2R1,2H4C
Q7TN37,6BCJ
Q7TN37,6BCL
Q7TN37,6BCO
Q7TN37,6BCQ
Q7TPR4,6C0A
Q7TQN3,6MAA
Q7TS55,2Q8O
Q7TS55,2QDN
Q7TS55,3B9I
Q7TS55,3FC0
Q7TS55,7E57
Q7TS55,7KHX
Q7TS63,2ELW
Q7TS63,2ELX
Q7TS63,2RV4
Q7TS63,2RV5
Q7TSA3,1XAU
Q7TSG1,6EWP
Q7TSJ6,2COS
Q7TSU7,7LTW
Q7TT37,8AVG
Q7YT39,1LU8
Q7YT39,1TYK
Q7Z020,7YKR
Q7Z020,7YKS
Q7Z2E3,3KT9
Q7Z2E3,4NDF
Q7Z2E3,4NDG
Q7Z2E3,4NDH
Q7Z2E3,4NDI
Q7Z2E3,6CVO
Q7Z2E3,6CVP
Q7Z2E3,6CVQ
Q7Z2E3,6CVR
Q7Z2E3,6CVS
Q7Z2E3,6CVT
Q7Z2W4,2X5Y
Q7Z2W4,4X52
Q7Z2W4,6UEI
Q7Z2W4,6UEJ
Q7Z2W4,7KZH
Q7Z2W4,7TGQ
Q7Z2W4,9BGL
Q7Z3C6,6WQZ
Q7Z3C6,6WR4
Q7Z3C6,7JLO
Q7Z3C6,7JLP
Q7Z3C6,7JLQ
Q7Z3C6,8KBZ
Q7Z3J2,8ESE
Q7Z3J2,8P0V
Q7Z3J2,8P0X
Q7Z3J2,8SYM
Q7Z3J2,8SYN
Q7Z3J2,8SYO
Q7Z3K3,2E72
Q7Z3K3,2N3A
Q7Z3K3,6EMP
Q7Z3T8,3T7L
Q7Z3T8,5MK0
Q7Z3Z2,6DRF
Q7Z460,4K92
Q7Z460,6MQ5
Q7Z460,6MQ7
Q7Z4G1,8F2R
Q7Z4G1,8F2U
Q7Z4G1,8P0W
Q7Z4V5,3EAE
Q7Z4V5,3QBY
Q7Z4V5,3QJ6
Q7Z4V5,6T3I
Q7Z4V5,7HG0
Q7Z4V5,7HG1
Q7Z4V5,7HG2
Q7Z4V5,7HG3
Q7Z4V5,7HG4
Q7Z4V5,7HG5
Q7Z4V5,7HG6
Q7Z4V5,7HG7
Q7Z4V5,7HG8
Q7Z4V5,7HG9
Q7Z4V5,7HGA
Q7Z4V5,7HGB
Q7Z4V5,7HGC
Q7Z4V5,7HGD
Q7Z4V5,7HGE
Q7Z4V5,7HGF
Q7Z4V5,7HGG
Q7Z4V5,7HGH
Q7Z4V5,7HGI
Q7Z4V5,7HGJ
Q7Z4V5,7HGK
Q7Z4V5,7HGL
Q7Z4V5,7HGM
Q7Z4V5,7HGN
Q7Z4V5,7HGO
Q7Z4V5,7HGP
Q7Z4V5,7HGQ
Q7Z4V5,7HGR
Q7Z4V5,7HGS
Q7Z4V5,7HGT
Q7Z4V5,7HGU
Q7Z4V5,7HGV
Q7Z4V5,7HGW
Q7Z4V5,7HGX
Q7Z4V5,7HGY
Q7Z4V5,7HGZ
Q7Z4V5,7HH0
Q7Z4V5,7HH1
Q7Z4V5,7HH2
Q7Z4V5,7HH3
Q7Z4V5,7HH4
Q7Z4V5,7HH5
Q7Z4V5,7HH6
Q7Z4V5,7HH7
Q7Z4V5,7HH8
Q7Z4V5,7HH9
Q7Z4V5,7HHA
Q7Z4V5,7HHB
Q7Z4V5,7HHC
Q7Z4V5,7HHD
Q7Z4V5,7HHE
Q7Z4V5,7HHF
Q7Z4V5,7HHG
Q7Z4V5,7HHH
Q7Z4V5,7HHI
Q7Z4V5,7HHJ
Q7Z4V5,7HHK
Q7Z4V5,7HHL
Q7Z4V5,7HHM
Q7Z4V5,7HHN
Q7Z4V5,7HHO
Q7Z4V5,7HHP
Q7Z4V5,7HHQ
Q7Z4V5,7HHR
Q7Z4V5,8Z6C
Q7Z4V5,8Z6O
Q7Z4V5,9G91
Q7Z4V5,9G94
Q7Z4V5,9G96
Q7Z4V5,9GRS
Q7Z4V5,9GRT
Q7Z4V5,9GRU
Q7Z4V5,9GRV
Q7Z5W3,6L8U
Q7Z624,4PWY
Q7Z698,2JP2
Q7Z698,8EQ5
Q7Z699,3SYX
Q7Z699,6V65
Q7Z699,6V6F
Q7Z6A9,2AW2
Q7Z6A9,6NYP
Q7Z6A9,8F60
Q7Z6A9,8F6L
Q7Z6A9,8F6O
Q7Z6B0,1OM9
Q7Z6G8,2EAM
Q7Z6G8,2KE7
Q7Z6G8,2KIV
Q7Z6G8,2M38
Q7Z6J0,7NZC
Q7Z6J0,7NZD
Q7Z739,6ZOT
Q7Z739,8BS5
Q7Z739,8BS6
Q7Z7C8,4WV4
Q7Z7C8,5FUR
Q7Z7C8,6MZC
Q7Z7C8,6MZL
Q7Z7C8,6MZM
Q7Z7C8,7EDX
Q7Z7C8,7EG7
Q7Z7C8,7EG8
Q7Z7C8,7EG9
Q7Z7C8,7EGA
Q7Z7C8,7EGD
Q7Z7C8,7EGE
Q7Z7C8,7EGG
Q7Z7C8,7EGH
Q7Z7C8,7EGI
Q7Z7C8,7EGJ
Q7Z7F0,2YQR
Q7Z9L3,8Z2W
Q7Z9L3,8Z2X
Q7Z9L3,8Z2Y
Q7Z9M7,2VTC
Q7ZT48,8Q6O
Q7ZVT3,2Y3V
Q7ZVT3,2Y3W
Q7ZVT3,6Z26
Q80TS3,4RMK
Q80TS3,4RML
Q80TS3,4YEB
Q80TS3,5AFB
Q80TS3,5FTT
Q80TS3,5FTU
Q80TS3,6JBU
Q80TS3,7WY5
Q80TS3,7WY8
Q80TS3,7X10
Q80U58,3GVO
Q80U58,3GVT
Q80UL9,3MJ6
Q80UL9,3MJ9
Q80VC9,1UGJ
Q80VC9,5LZN
Q80VC9,5M50
Q80VC9,5OW5
Q80VC9,7WEK
Q80VI1,8FXF
Q80VW5,6FDD
Q80VW5,6FDE
Q80VW5,6Y38
Q80VW5,6Y9N
Q80VW5,6Y9O
Q80VW5,6Y9P
Q80VW5,6Y9Q
Q80WD1,4P8S
Q80WD1,4P91
Q80WG5,6FNW
Q80WG5,6G8Z
Q80WG5,6G9L
Q80WG5,6G9O
Q80WG5,6NZW
Q80WG5,6NZZ
Q80WG5,6O00
Q80WG5,7M17
Q80WG5,7M19
Q80WG5,7P5V
Q80WG5,7P5W
Q80WG5,7P5Y
Q80WG5,7P60
Q80WG5,7P6K
Q80WG5,8B41
Q80WG5,8B42
Q80WG5,8DR8
Q80WG5,8DRA
Q80WG5,8DRE
Q80WG5,8DRK
Q80WG5,8DRN
Q80WG5,8DRO
Q80WG5,8DRQ
Q80WG5,8DS3
Q80WG5,8DS9
Q80WG5,8DSA
Q80WG5,8F74
Q80WG5,8F75
Q80WG5,8F77
Q80WG5,8F79
Q80WG5,8F7B
Q80WG5,8F7D
Q80WG5,8F7E
Q80WG5,8F7J
Q80WG5,9DX7
Q80WG5,9DXA
Q80WL1,4D77
Q80WL1,4D7C
Q80WM9,7MSJ
Q80Z29,2G95
Q80Z29,2G96
Q80Z29,2G97
Q80Z29,3G8E
Q80ZD8,2XOT
Q80ZG1,6NMG
Q80ZG1,6NMJ
Q811T9,5YI4
Q811U3,1ZUB
Q811U3,8I3E
Q811U3,8IJ9
Q811U4,1T3J
Q84MC2,1YDH
Q84MC2,2Q4D
Q84SC3,5H3G
Q84TH5,8I38
Q84TH5,8I39
Q84TH5,8I3A
Q84TH5,8I3B
Q84TH5,8I3C
Q84TH5,8I3D
Q84TH5,8IWJ
Q84TH5,8IWK
Q84TH5,8IWN
Q84TH5,8K0X
Q84TH5,8K0Z
Q84TH5,8WAM
Q84TH5,8WBA
Q84TH5,8WBX
Q84TH5,8WD6
Q84W65,4PUI
Q868M7,1VCL
Q868M7,2Z48
Q868M7,2Z49
Q868M7,3W9T
Q86BW2,1VFI
Q86DA5,8P2M
Q86LE5,2KNJ
Q86SC0,1IYC
Q86SQ0,8WHJ
Q86SQ0,8WHK
Q86SQ0,8WHM
Q86SQ9,6W2L
Q86SQ9,6Z1N
Q86SQ9,7PAX
Q86SQ9,7PAY
Q86SQ9,7PB0
Q86SQ9,7PB1
Q86SX6,2MMZ
Q86SX6,2WUL
Q86T03,8OQH
Q86T03,9QM9
Q86T24,2LT7
Q86T24,3FKC
Q86T24,3M4T
Q86T24,3M8V
Q86T24,4F6M
Q86T24,4F6N
Q86T24,5VMU
Q86T24,5VMV
Q86T24,5VMW
Q86T24,5VMX
Q86T24,5VMY
Q86T24,5VMZ
Q86T24,6DF5
Q86T24,6DF8
Q86T24,6DF9
Q86T24,6DFA
Q86T24,6DFB
Q86T24,6DFC
Q86T24,6V8U
Q86TB9,2XEQ
Q86TB9,2XER
Q86TB9,2XES
Q86TG7,7LGA
Q86TI2,6EOQ
Q86TI2,6EOR
Q86TI2,6QZV
Q86TI2,6X6A
Q86TI2,6X6C
Q86TI2,7A3F
Q86TI2,7JKQ
Q86TI2,7JN7
Q86TI2,7SVL
Q86TI2,7SVN
Q86TI2,7ZXS
Q86TI2,9GOC
Q86TI2,9GOD
Q86TI2,9GON
Q86TM6,6A3Z
Q86TM6,8KES
Q86TM6,8KET
Q86TM6,8KEV
Q86TM6,9OG0
Q86TU7,3SMT
Q86TU7,6JAT
Q86TU7,7LMS
Q86TU7,8X77
Q86TU7,8X8Q
Q86TV6,5DSE
Q86TV6,6BQ1
Q86U42,3B4D
Q86U42,3B4M
Q86U42,3UCG
Q86U44,5IL0
Q86U44,5IL1
Q86U44,5IL2
Q86U44,5K7M
Q86U44,5K7U
Q86U44,5K7W
Q86U44,5L6D
Q86U44,5L6E
Q86U44,5TEY
Q86U44,5YZ9
Q86U44,6TTP
Q86U44,6TTT
Q86U44,6TTV
Q86U44,6TTW
Q86U44,6TTX
Q86U44,6TU1
Q86U44,6Y4G
Q86U44,7ACD
Q86U44,7NHG
Q86U44,7NHH
Q86U44,7NHI
Q86U44,7NHJ
Q86U44,7NHV
Q86U44,7NI7
Q86U44,7NI8
Q86U44,7NI9
Q86U44,7NIA
Q86U44,7NID
Q86U44,7O08
Q86U44,7O09
Q86U44,7O0L
Q86U44,7O0M
Q86U44,7O0P
Q86U44,7O0Q
Q86U44,7O0R
Q86U44,7O27
Q86U44,7O28
Q86U44,7O29
Q86U44,7O2E
Q86U44,7O2F
Q86U44,7O2H
Q86U44,7O2I
Q86U44,7O2X
Q86U44,7OED
Q86U44,7OEE
Q86U44,7OEF
Q86U44,7OEG
Q86U44,7OEH
Q86U44,7OEI
Q86U44,7OEJ
Q86U44,7OEK
Q86U44,7OEL
Q86U44,7OEM
Q86U44,7OQL
Q86U44,7OQO
Q86U44,7OQP
Q86U44,7RX6
Q86U44,7RX7
Q86U44,7RX8
Q86U44,8BN8
Q86U44,8PW8
Q86U44,8PW9
Q86U44,8PWA
Q86U44,8PWB
Q86U44,9G4S
Q86U44,9G4U
Q86U44,9G4W
Q86UD5,7B4L
Q86UD5,7B4M
Q86UD5,9QUB
Q86UD5,9QUW
Q86US8,2DOK
Q86US8,2HWW
Q86US8,2HWX
Q86US8,4UM2
Q86US8,8RXB
Q86UT5,2V90
Q86UW9,6IR0
Q86UW9,6Y22
Q86UW9,6Y2X
Q86UW9,6Y3J
Q86UY6,4U9V
Q86UY6,4U9W
Q86UY6,7KD7
Q86UY6,7KPU
Q86V24,5LWY
Q86V24,5LX9
Q86V24,5LXA
Q86V24,6KS1
Q86V24,6YX9
Q86V24,6YXD
Q86V24,6YXF
Q86V24,6YXG
Q86V25,6J4O
Q86V25,6J4P
Q86V25,6J4Q
Q86V25,6J4S
Q86V25,6J4V
Q86V25,6QBY
Q86V25,7ZCW
Q86V35,2LV7
Q86V81,3ULH
Q86V81,8R7L
Q86VB7,8XMK
Q86VB7,8XMP
Q86VB7,8XMQ
Q86VB7,8XMW
Q86VB7,9FHB
Q86VB7,9FMU
Q86VB7,9FNO
Q86VB7,9HEJ
Q86VB7,9HEK
Q86VB7,9HEL
Q86VB7,9NB5
Q86VB7,9NB6
Q86VB7,9NB8
Q86VP6,4A0C
Q86VS8,5J8E
Q86VS8,6B9H
Q86VS8,9KNS
Q86VS8,9KO8
Q86W26,2M5V
Q86W50,2H00
Q86W50,6B91
Q86W50,6B92
Q86W50,6DU4
Q86W50,6DU5
Q86W50,6GFK
Q86W50,6GFN
Q86W50,6GT5
Q86W50,6M1U
Q86W56,4A0D
Q86W56,4B1G
Q86W56,4B1H
Q86W56,4B1I
Q86W56,4B1J
Q86W56,5A7R
Q86W56,5LHB
Q86W56,6HH6
Q86W56,6HMK
Q86W56,6HML
Q86W56,6HMM
Q86W56,6HMN
Q86W56,6O9X
Q86W56,6O9Y
Q86W56,6OA0
Q86W56,6OA1
Q86W56,6OA3
Q86W56,6OAK
Q86W56,6OAL
Q86W56,7KFP
Q86W56,7KG0
Q86W56,7KG1
Q86W56,7KG6
Q86W56,7KG7
Q86W56,7KG8
Q86WR0,7EOE
Q86WR0,7EOF
Q86WR0,8WOH
Q86WT6,4NQJ
Q86WT6,6YXE
Q86WV1,1U5D
Q86WV6,4EF4
Q86WV6,4EF5
Q86WV6,4EMT
Q86WV6,4EMU
Q86WV6,4F5D
Q86WV6,4F5E
Q86WV6,4F5W
Q86WV6,4F5Y
Q86WV6,4F9E
Q86WV6,4F9G
Q86WV6,4KSY
Q86WV6,4LOH
Q86WV6,4LOI
Q86WV6,4QXO
Q86WV6,4QXP
Q86WV6,4QXQ
Q86WV6,4QXR
Q86WV6,5BQX
Q86WV6,5JEJ
Q86WV6,6CFF
Q86WV6,6CY7
Q86WV6,6DNK
Q86WV6,6DXG
Q86WV6,6DXL
Q86WV6,6MX0
Q86WV6,6MX3
Q86WV6,6MXE
Q86WV6,6NT5
Q86WV6,6O8B
Q86WV6,6O8C
Q86WV6,6S26
Q86WV6,6S27
Q86WV6,6S86
Q86WV6,6UKM
Q86WV6,6UKU
Q86WV6,6UKV
Q86WV6,6UKW
Q86WV6,6UKX
Q86WV6,6UKY
Q86WV6,6UKZ
Q86WV6,6UL0
Q86WV6,6XF3
Q86WV6,6XF4
Q86WV6,6XNP
Q86WV6,6Y99
Q86WV6,6YDB
Q86WV6,6YDZ
Q86WV6,6YEA
Q86WV6,6YWA
Q86WV6,6YWB
Q86WV6,6Z0Z
Q86WV6,6Z15
Q86WV6,7A90
Q86WV6,7KVX
Q86WV6,7KVZ
Q86WV6,7KW1
Q86WV6,7MHC
Q86WV6,7OB3
Q86WV6,7Q3B
Q86WV6,7Q85
Q86WV6,7R4H
Q86WV6,7SHO
Q86WV6,7SHP
Q86WV6,7SII
Q86WV6,7SSM
Q86WV6,7T9U
Q86WV6,7T9V
Q86WV6,7X9P
Q86WV6,7X9Q
Q86WV6,7ZKU
Q86WV6,7ZV0
Q86WV6,7ZVK
Q86WV6,7ZWL
Q86WV6,7ZXB
Q86WV6,8A2H
Q86WV6,8A2I
Q86WV6,8A2J
Q86WV6,8A2K
Q86WV6,8A2X
Q86WV6,8B2J
Q86WV6,8FLK
Q86WV6,8FLM
Q86WV6,8GJX
Q86WV6,8GSZ
Q86WV6,8GT6
Q86WV6,8IK3
Q86WV6,8ORW
Q86WV6,8P45
Q86WV6,8STH
Q86WV6,8STI
Q86WV6,8T5K
Q86WV6,8T5L
Q86WV6,8Z37
Q86WV6,9CT3
Q86WV6,9CT4
Q86WV6,9CT5
Q86WV6,9CT6
Q86WV6,9IJN
Q86X55,2Y1W
Q86X55,2Y1X
Q86X55,4IKP
Q86X55,5DWQ
Q86X55,5DX0
Q86X55,5DXJ
Q86X55,5U4X
Q86X55,6ARJ
Q86X55,6ARV
Q86X55,6D2L
Q86X55,6DVR
Q86X55,6IZQ
Q86X55,6S70
Q86X55,6S71
Q86X55,6S74
Q86X55,6S77
Q86X55,6S79
Q86X55,6S7A
Q86X55,6S7B
Q86X55,6S7C
Q86X55,7FAI
Q86X55,7FAJ
Q86X55,7U9I
Q86X55,8G2H
Q86X55,8G2I
Q86X55,8SIG
Q86X55,8SIH
Q86X55,8UQH
Q86XP3,7EVN
Q86XP3,8DPE
Q86XR7,2M1W
Q86XR7,9DKI
Q86XR7,9DLG
Q86XR8,4L0R
Q86XR8,8IBH
Q86Y07,2V62
Q86Y07,5UU1
Q86Y07,6NCG
Q86Y07,8Q1Z
Q86Y07,9FET
Q86Y26,7XEZ
Q86Y26,7XFG
Q86Y34,7D76
Q86Y34,7D77
Q86Y34,7QU8
Q86Y38,6FOA
Q86Y78,6GBI
Q86Y78,6IB6
Q86YD5,7FFF
Q86YD5,7FFL
Q86YD5,7FFN
Q86YI8,3O70
Q86YI8,3O7A
Q86YL7,3WSR
Q86YL7,4YO0
Q86YL7,5XCV
Q86YL7,7C94
Q86YL7,7CQC
Q86YL7,7CQD
Q86YS6,2HUP
Q86YT5,7JSJ
Q86YT5,7JSK
Q86YT5,8UVB
Q86YT5,8UVH
Q86YT6,4TSE
Q86YT6,4XI6
Q86YT6,4XIB
Q86YT6,8V0D
Q86YT6,8V0E
Q86YV5,5VE6
Q86YW5,2FRG
Q86YW5,8CHE
Q873X9,1W9P
Q873X9,1W9U
Q873X9,1W9V
Q873X9,1WNO
Q873X9,2A3A
Q873X9,2A3B
Q873X9,2A3C
Q873X9,2A3E
Q873X9,2IUZ
Q873X9,3CH9
Q873X9,3CHC
Q873X9,3CHD
Q873X9,3CHE
Q873X9,3CHF
Q873Y0,2XUC
Q873Y0,2XVN
Q8AVA3,2DDB
Q8AVA3,2EPF
Q8AVN9,1ZU1
Q8AXY1,1U73
Q8AXY1,1UMV
Q8AXY1,1Z76
Q8AXY1,1ZL7
Q8AXY1,1ZLB
Q8BFU0,4C99
Q8BFU0,4UFR
Q8BFU0,4UFS
Q8BG87,5EXH
Q8BGL3,7D1X
Q8BGL3,7EOV
Q8BGT1,4V2E
Q8BGV8,4OAF
Q8BGV8,4OAG
Q8BGV8,4OAH
Q8BGV8,4OAI
Q8BH64,2QPT
Q8BH64,4CID
Q8BHC0,8ORX
Q8BHC0,8OX3
Q8BHY3,5NL2
Q8BHY3,5OYB
Q8BHY3,5OYG
Q8BHY3,6BGI
Q8BHY3,6BGJ
Q8BHY3,7B5C
Q8BHY3,7B5D
Q8BHY3,7B5E
Q8BHY3,7ZK3
Q8BHY3,8QZC
Q8BHY3,8XLR
Q8BIL5,1WIX
Q8BJS4,5ED8
Q8BJS4,5ED9
Q8BL48,5ELH
Q8BL48,5ELK
Q8BLU0,4V2C
Q8BLU0,4V2D
Q8BME9,5H4B
Q8BMF8,4XAV
Q8BND5,3T58
Q8BND5,3T59
Q8BND5,5D8I
Q8BND5,5D93
Q8BND5,5D96
Q8BND5,6HF1
Q8BP22,9UHD
Q8BPQ7,4QXA
Q8BPX9,8WX1
Q8BR86,7LU6
Q8BRT1,3WOZ
Q8BRU4,3J82
Q8BU91,6RTC
Q8BU91,6RTF
Q8BVZ5,5VI4
Q8BVZ5,8Q5R
Q8BX22,8A4I
Q8BXA0,6F2O
Q8BYM5,7CEE
Q8BYM5,7CEG
Q8BYM7,7DMP
Q8BYM7,8WZB
Q8BYM7,8X2U
Q8BZB3,7WJT
Q8C0E2,2R51
Q8C0E2,3LH8
Q8C0E2,3LH9
Q8C0E2,3LHA
Q8C0J2,6SUR
Q8C0J2,6Y09
Q8C0J2,6ZAY
Q8C172,1X2M
Q8C1E7,7N0K
Q8C1E7,7N0L
Q8C1Q4,7TL6
Q8C1Q4,7TLH
Q8C6L5,4K8V
Q8C6L5,4K96
Q8C6L5,4K97
Q8C6L5,4K98
Q8C6L5,4K99
Q8C6L5,4K9A
Q8C6L5,4K9B
Q8C6L5,4LEY
Q8C6L5,4LEZ
Q8C6L5,4O6A
Q8C6L5,5N6I
Q8C6L5,5XZB
Q8C6L5,5XZE
Q8C6L5,5XZG
Q8C6L5,6X59
Q8C6L5,6X5A
Q8C6L5,6XJD
Q8C6L5,7A08
Q8C6L5,7BUJ
Q8C6L5,7BUM
Q8C6L5,7BUQ
Q8C6L5,7JO9
Q8C6L5,7JOA
Q8C6L5,7KXS
Q8C6L5,7UTT
Q8C6L5,7UUX
Q8C6L5,7UXW
Q8C6L5,7UYQ
Q8C6L5,7UYZ
Q8C6L5,7UZR
Q8C6L5,7V0C
Q8C6L5,7V0R
Q8C6L5,7V0W
Q8C6L5,8EAE
Q8C6L5,8ECC
Q8C6L5,8G10
Q8C6L5,8G1J
Q8C6L5,8G23
Q8C6L5,8G2P
Q8C6L5,8G2Q
Q8C6L5,8GIM
Q8C6L5,8GIN
Q8C6L5,8GIO
Q8C6L5,8GIP
Q8C6L5,8GIR
Q8C6L5,8GIS
Q8C6L5,8GIT
Q8C6L5,8SHK
Q8C6L5,8SHU
Q8C6L5,8SHY
Q8C6L5,8SJ0
Q8C6L5,8SJ1
Q8C6L5,8SJ2
Q8C6L5,8SKT
Q8C6L5,9J2Z
Q8CBB9,5VSL
Q8CBB9,5VSM
Q8CBB9,6Q2P
Q8CBB9,6Q2Q
Q8CBX0,8K0B
Q8CDD8,1FO0
Q8CDD8,1NAN
Q8CDD8,2CLZ
Q8CDG1,4B9W
Q8CDG1,7YFY
Q8CDG1,7YGN
Q8CDG1,9IJ0
Q8CDG1,9IJ1
Q8CDG1,9IJ2
Q8CDG1,9IJ3
Q8CDG1,9IJ4
Q8CDG1,9IJ5
Q8CDJ3,8GU7
Q8CF97,2MX2
Q8CFI0,1WR3
Q8CFI0,1WR4
Q8CFI0,1WR7
Q8CFN5,5F28
Q8CFR0,4QPY
Q8CG72,2QTY
Q8CG73,7YFU
Q8CG73,7YFV
Q8CGF6,7WEJ
Q8CHN8,3POB
Q8CHN8,3POE
Q8CHN8,3POF
Q8CHN8,3POG
Q8CHN8,3POI
Q8CHN8,3POJ
Q8CHN8,5CKQ
Q8CI52,7AZN
Q8CI52,8AXW
Q8CI75,4PMW
Q8CJ12,7WUQ
Q8CJ12,7XKD
Q8CJ12,7XKE
Q8CJ12,7XKF
Q8CJ12,7YP7
Q8CJ12,8YKD
Q8CJ67,1UHZ
Q8GTB6,3VTE
Q8GTM0,4AAZ
Q8GTM0,4AB0
Q8GTM0,4CQK
Q8GTM0,6B55
Q8GUI6,5YKN
Q8GUI6,5YKO
Q8GUJ2,6GRE
Q8GXJ1,6J6T
Q8GXJ4,7LZ0
Q8GXJ4,7LZ1
Q8GXJ4,7LZ2
Q8GXJ4,7LZH
Q8GXJ4,7LZI
Q8GY65,6RSN
Q8GYN5,2NUD
Q8GYN5,8TWO
Q8GYN5,8TWS
Q8GYN5,8TXF
Q8GZD5,1UMZ
Q8GZD5,1UN1
Q8H8C7,5JCD
Q8H8C7,5JCE
Q8HWB0,8VZ8
Q8HWB0,8VZ9
Q8HWE5,6A97
Q8I0P1,3B9P
Q8I0P1,6NYV
Q8I0P1,6NYW
Q8I0P1,6P10
Q8I0P1,6P11
Q8I0P1,6P12
Q8I0P1,6P13
Q8I0P1,6P14
Q8I0V0,8POL
Q8I4V8,2FBN
Q8I4V8,2OFN
Q8I4V8,2VN1
Q8I4V8,4J4N
Q8I4V8,4QT2
Q8I4V8,4QT3
Q8I566,4O6Z
Q8I5R7,4NCX
Q8I5R7,4OLF
Q8I5R7,4Q15
Q8I5R7,4TWA
Q8I5R7,4WI1
Q8I5R7,4YDQ
Q8I5R7,5IFU
Q8I5R7,6T7K
Q8I5R7,7F96
Q8I5R7,7F97
Q8I5R7,7QB7
Q8I5R7,7QC1
Q8I5R7,7QC2
Q8I5R7,7V9D
Q8I6V3,5YIA
Q8I6V3,5YIB
Q8I6V3,5YIC
Q8I6V3,5YID
Q8I6V3,5YIE
Q8I6V3,7QYH
Q8I6V3,7VE0
Q8I6V3,7VE2
Q8I719,4OFF
Q8I719,4OFG
Q8I719,5DYK
Q8I719,5E16
Q8I719,8EM8
Q8IBS5,4QOX
Q8IBS5,4RGJ
Q8IDP4,3UL3
Q8IDP4,4O32
Q8IE47,3JWP
Q8IE47,3U31
Q8IE47,3U3D
Q8IFM5,4WAT
Q8IFM5,5MI0
Q8IFM5,6RCU
Q8IFM5,6RCV
Q8IFM5,7PHU
Q8IFM5,8PWU
Q8IFM5,8PWV
Q8IFM5,8PWW
Q8IFM5,8PWX
Q8IFM5,8Q5D
Q8IFM5,8QKR
Q8IFM5,8QKS
Q8IFM5,8RZ2
Q8IFM8,5EZN
Q8IFM8,5EZO
Q8IFM8,5TIH
Q8IFM8,5TIK
Q8IFM8,6MPV
Q8IFM8,7PHV
Q8IFM8,7PHW
Q8IFM8,7PI2
Q8IFM8,7PI3
Q8IFM8,7PI7
Q8IIK4,2ABW
Q8IIK4,4ADS
Q8IIS0,3KNF
Q8IIS0,3KNP
Q8IIS0,3KO3
Q8IIS0,3KO4
Q8IIS0,3KO5
Q8IIS0,3KO7
Q8IIS0,3KO9
Q8IIS0,3KOB
Q8IIS0,3KOC
Q8IIS0,3KOD
Q8IIS0,3LMT
Q8IIS0,3LMU
Q8IIS0,3LMV
Q8IIS0,4NBI
Q8IIS0,4NBJ
Q8IIS0,5J61
Q8IJV6,3TLX
Q8ILP3,6Z2L
Q8ILP3,9LPT
Q8IM15,3FNS
Q8IM15,3FNT
Q8IM15,3FNU
Q8IM16,1LS5
Q8IN44,8PBV
Q8IU60,5MP0
Q8IU60,5QOH
Q8IU60,5QOI
Q8IU60,5QOJ
Q8IU60,5QOK
Q8IU60,5QOL
Q8IU60,5QOM
Q8IU60,5QON
Q8IU60,5QOO
Q8IU60,5QOP
Q8IU60,5QOQ
Q8IU60,5QOR
Q8IU60,5QOS
Q8IU60,5QOT
Q8IU60,5QOU
Q8IU60,5QOV
Q8IU60,5QOW
Q8IU60,5QOX
Q8IU60,5QOY
Q8IU60,5QOZ
Q8IU60,5QP0
Q8IU60,5QP1
Q8IU60,5QP2
Q8IU60,5QP3
Q8IU60,5QP4
Q8IU60,5QP5
Q8IU60,5QP6
Q8IU60,5QP7
Q8IU60,5QP8
Q8IU60,5QP9
Q8IU60,5QPA
Q8IU60,5QPB
Q8IU60,5QPC
Q8IU80,9NRC
Q8IU99,8GMP
Q8IU99,8GMR
Q8IU99,8S8Z
Q8IU99,8S90
Q8IUC4,2VSV
Q8IUC6,2M1X
Q8IUC6,2M63
Q8IUC6,3RC4
Q8IUC6,4BSX
Q8IUC6,4C0M
Q8IUC6,8RLM
Q8IUC6,9DK8
Q8IUD6,7JL1
Q8IUD6,7JL3
Q8IUD6,8G7T
Q8IUD6,8G7U
Q8IUD6,8G7V
Q8IUF8,2XDV
Q8IUF8,4BU2
Q8IUH3,7CSX
Q8IUH3,7CSZ
Q8IUH3,8WQ3
Q8IUH3,8WQ5
Q8IUH5,3EU9
Q8IUH5,5W7I
Q8IUH5,5W7J
Q8IV08,8Q1K
Q8IV08,8Q1X
Q8IV08,8S86
Q8IV08,8V5T
Q8IV48,1W0H
Q8IV48,1ZBH
Q8IV48,1ZBU
Q8IVH4,2WWW
Q8IVI9,2YUN
Q8IVL8,5MRV
Q8IVP5,2N9X
Q8IVP5,5GMV
Q8IVT5,5VYK
Q8IVT5,7JUW
Q8IVT5,7JUX
Q8IVT5,7JUY
Q8IVT5,7JUZ
Q8IVT5,7JV0
Q8IVT5,7JV1
Q8IVU3,5W87
Q8IW19,2KQB
Q8IW19,2KQC
Q8IW19,2KQD
Q8IW19,2KQE
Q8IW19,2KUO
Q8IW19,5W7W
Q8IW19,5W7X
Q8IW19,5W7Y
Q8IW19,6ERF
Q8IW19,6TYT
Q8IW19,6TYW
Q8IW19,6TYZ
Q8IW19,6YN1
Q8IWA4,5GNR
Q8IWA4,5GNS
Q8IWA4,5GNT
Q8IWA4,5GNU
Q8IWA4,5GO4
Q8IWA4,5GOE
Q8IWA4,5GOF
Q8IWA4,5GOM
Q8IWA4,5YEW
Q8IWE4,4GBA
Q8IWE5,3CXB
Q8IWE5,3HW2
Q8IWE5,3ZFW
Q8IWE5,8JCA
Q8IWL3,3BVO
Q8IWS0,4NN2
Q8IWS0,4R7A
Q8IWT1,4MZ2
Q8IWT1,4MZ3
Q8IWT1,5XAW
Q8IWT1,6VSV
Q8IWT6,5ZSU
Q8IWT6,6DJB
Q8IWT6,7XZH
Q8IWT6,8DXN
Q8IWT6,8DXO
Q8IWT6,8DXP
Q8IWT6,8DXQ
Q8IWT6,8DXR
Q8IWV7,3NY1
Q8IWV7,5TDC
Q8IWV7,9V0K
Q8IX05,2NAN
Q8IX90,4AJ5
Q8IXI1,5KUT
Q8IXI2,5KSO
Q8IXI2,5KSP
Q8IXI2,5KSY
Q8IXI2,5KSZ
Q8IXI2,5KTY
Q8IXI2,5KU1
Q8IXI2,6D71
Q8IXI2,9E2P
Q8IXJ6,1J8F
Q8IXJ6,3ZGO
Q8IXJ6,3ZGV
Q8IXJ6,4L3O
Q8IXJ6,4R8M
Q8IXJ6,4RMG
Q8IXJ6,4RMH
Q8IXJ6,4RMI
Q8IXJ6,4RMJ
Q8IXJ6,4X3O
Q8IXJ6,4X3P
Q8IXJ6,4Y6L
Q8IXJ6,4Y6Q
Q8IXJ6,5D7O
Q8IXJ6,5D7P
Q8IXJ6,5D7Q
Q8IXJ6,5DY4
Q8IXJ6,5DY5
Q8IXJ6,5G4C
Q8IXJ6,5MAR
Q8IXJ6,5MAT
Q8IXJ6,5Y0Z
Q8IXJ6,5Y5N
Q8IXJ6,5YQL
Q8IXJ6,5YQM
Q8IXJ6,5YQN
Q8IXJ6,5YQO
Q8IXJ6,6L65
Q8IXJ6,6L66
Q8IXJ6,6L71
Q8IXJ6,6L72
Q8IXJ6,6NR0
Q8IXJ6,6QCN
Q8IXJ6,7BOS
Q8IXJ6,7BOT
Q8IXJ6,8OWZ
Q8IXJ6,8PY3
Q8IXJ6,8QOO
Q8IXJ6,8QT0
Q8IXJ6,8QT1
Q8IXJ6,8QT2
Q8IXJ6,8QT3
Q8IXJ6,8QT4
Q8IXJ6,8QT8
Q8IXJ6,8QTU
Q8IXJ6,8TGP
Q8IXJ6,8XE7
Q8IXJ6,9FRU
Q8IXL6,5YH3
Q8IXQ5,3II7
Q8IXQ6,5AIL
Q8IXQ6,9QYD
Q8IXQ6,9QYE
Q8IXQ6,9QYF
Q8IXQ6,9QYG
Q8IXQ6,9QYH
Q8IXW5,7B7U
Q8IXW5,7F4G
Q8IY34,8WX2
Q8IY34,8ZAT
Q8IYB7,8E27
Q8IYB7,8E28
Q8IYB7,8E29
Q8IYB7,8E2A
Q8IYB8,3RC3
Q8IYB8,3RC8
Q8IYB8,7W1R
Q8IYM1,6MQ9
Q8IYM1,6MQB
Q8IYM1,6MQK
Q8IYM1,6MQL
Q8IYM2,7LRE
Q8IYT8,6QAT
Q8IYT8,6QAU
Q8IYT8,6QAV
Q8IYT8,6YID
Q8IYV9,5F4E
Q8IYV9,5F4T
Q8IYV9,5F4V
Q8IYV9,5JK9
Q8IYV9,5JKC
Q8IYV9,5JKD
Q8IYV9,5JKE
Q8IYX4,6LE1
Q8IYX4,7Q4L
Q8IZ41,2P5S
Q8IZ41,2PMY
Q8IZA0,2YRL
Q8IZA0,6IHB
Q8IZA0,6JCQ
Q8IZA0,6JCS
Q8IZA0,6NZ0
Q8IZA0,7KPN
Q8IZA0,7TI5
Q8IZA0,7WJX
Q8IZA0,7WQP
Q8IZD2,2LV9
Q8IZD2,4L58
Q8IZD2,5HT6
Q8IZH2,9E70
Q8IZI9,3HHC
Q8IZI9,5T5W
Q8IZI9,9BPV
Q8IZK6,6HRR
Q8IZK6,6HRS
Q8IZK6,9EKW
Q8IZK6,9EKX
Q8IZK6,9EKY
Q8IZK6,9EKZ
Q8IZK6,9EL0
Q8IZK6,9EL1
Q8IZL8,7UWF
Q8IZL8,9DUM
Q8IZL8,9DUO
Q8IZU9,2CRY
Q8J2T0,5OAR
Q8K1H1,2LH9
Q8K1H1,2LY1
Q8K1H1,2LY2
Q8K1Q4,5OVV
Q8K1R3,1WHU
Q8K1S3,1WMG
Q8K1S3,6OOL
Q8K209,5KVM
Q8K299,7BZZ
Q8K337,2KIG
Q8K3I6,7Z0L
Q8K3I6,7ZG0
Q8K3Y3,3TRZ
Q8K3Y3,3TS0
Q8K3Y3,3TS2
Q8K3Y6,3U9G
Q8K4J6,2V51
Q8K4J6,2V52
Q8K4J6,2YJE
Q8K4J6,2YJF
Q8K4K7,2KRH
Q8K4Z3,2DG2
Q8K4Z3,2O8N
Q8K4Z3,3RNO
Q8K4Z3,3RO7
Q8K4Z3,3ROE
Q8K4Z3,3ROG
Q8K4Z3,3ROX
Q8K4Z3,3ROZ
Q8K595,7DYS
Q8L7C9,5ECH
Q8L7C9,5ECI
Q8L7C9,5ECK
Q8L7C9,5ECL
Q8L7C9,5ECM
Q8L7C9,5ECN
Q8L7C9,5ECO
Q8L7C9,5ECP
Q8L7C9,5ECQ
Q8L7C9,5ECR
Q8L7C9,5ECS
Q8L7G0,4LDV
Q8L7G0,4LDW
Q8L7G0,4LDX
Q8L7G0,4LDY
Q8L7G0,6YCQ
Q8L8B8,2A33
Q8L8B8,2Q4O
Q8L9X2,4GR6
Q8LAH7,1VJI
Q8LAH7,2Q3R
Q8LAS7,1UHN
Q8LAS7,2ZFD
Q8LBP4,5E4W
Q8LC68,6JQV
Q8LEK4,6LYW
Q8LEK4,6LYX
Q8LGJ5,7CXZ
Q8LPD9,1N9L
Q8LPD9,1N9N
Q8LPD9,1N9O
Q8LPD9,8QI8
Q8LPD9,8QI9
Q8LPD9,8QIA
Q8LPD9,8QIB
Q8LPD9,8QIF
Q8LPD9,8QIG
Q8LPD9,8QIH
Q8LPD9,8QII
Q8LPD9,8QIK
Q8LPD9,8QIL
Q8LPD9,8QIM
Q8LPD9,8QIN
Q8LPD9,8QIO
Q8LPD9,8QIP
Q8LPD9,8QIQ
Q8LPD9,8QIR
Q8LPD9,8QIS
Q8LPD9,8QIT
Q8LPD9,8QIU
Q8LPD9,8QIV
Q8LPD9,8QIW
Q8LPL7,6IJM
Q8LPL7,6IJN
Q8LPL7,6IJP
Q8LPL7,6IV5
Q8LPL7,6J23
Q8LPL7,6J4T
Q8ML92,3BS5
Q8ML92,3BS7
Q8ML92,8BW8
Q8ML92,8BW9
Q8MMJ7,1T51
Q8MMJ7,1T52
Q8MMJ7,1T54
Q8MMJ7,1T55
Q8MQJ9,1Q7F
Q8MQJ9,4ZLR
Q8MQJ9,5EX7
Q8MQJ9,6J9R
Q8MRC9,6E4Q
Q8MRC9,6E4R
Q8MU95,2KHA
Q8MU95,3AQY
Q8MU95,3AQZ
Q8MUJ1,6ZT0
Q8MVB6,4ZM8
Q8N0X7,2DL1
Q8N0Z6,2XVS
Q8N0Z6,6T59
Q8N104,2LWL
Q8N122,5H64
Q8N122,6BCX
Q8N122,7OWG
Q8N122,7PEA
Q8N122,7PEB
Q8N122,7PEC
Q8N122,8RCH
Q8N122,8RCK
Q8N122,8RCN
Q8N122,9F42
Q8N122,9F43
Q8N122,9F44
Q8N122,9F45
Q8N138,6M4N
Q8N138,6M4O
Q8N138,7CQI
Q8N138,7CQK
Q8N138,7K0M
Q8N138,7K0N
Q8N138,7K0O
Q8N138,7K0P
Q8N138,7K0Q
Q8N138,7YIU
Q8N138,7YIY
Q8N138,7YJ1
Q8N138,7YJ2
Q8N149,2OTP
Q8N157,4ESR
Q8N163,8EZ6
Q8N1F7,5IJN
Q8N1F7,5IJO
Q8N1F7,7MW0
Q8N1F7,7MW1
Q8N1F7,7PER
Q8N1Q8,4AE7
Q8N205,6WMD
Q8N2A8,9LKX
Q8N2A8,9LKY
Q8N2I9,5L2Q
Q8N2Q7,5OJ6
Q8N2Q7,5OJK
Q8N300,6JZC
Q8N300,6JZD
Q8N300,6JZE
Q8N335,2PLA
Q8N3J5,2IQ1
Q8N3J5,4DA1
Q8N3J5,6AK7
Q8N3R9,1Y76
Q8N3R9,4UU5
Q8N3R9,4UU6
Q8N3R9,4WSI
Q8N3R9,7M4R
Q8N3R9,7NTJ
Q8N3R9,7NTK
Q8N3R9,7QCS
Q8N423,2GW5
Q8N423,4LLA
Q8N423,6AED
Q8N423,6BCS
Q8N423,9C9C
Q8N423,9C9D
Q8N488,3IXS
Q8N4J0,5YF0
Q8N4J0,5YF1
Q8N4J0,5YF2
Q8N4S9,5N7H
Q8N4S9,5N7I
Q8N4S9,5N7K
Q8N4T8,4CQL
Q8N4T8,4CQM
Q8N4X5,2COF
Q8N5H7,3T6G
Q8N5M9,6WVD
Q8N5Y8,4F0D
Q8N5Y8,6HXR
Q8N5Y8,6HXS
Q8N5Y8,6W65
Q8N5Z5,5A6R
Q8N608,4WJL
Q8N668,2H2M
Q8N695,7SL9
Q8N697,8JZR
Q8N697,8JZS
Q8N697,8JZU
Q8N697,8JZX
Q8N697,8P6A
Q8N697,8QSK
Q8N697,8QSL
Q8N697,8QSM
Q8N697,8QSN
Q8N697,8WX3
Q8N697,8WX4
Q8N697,8WX5
Q8N697,9IRB
Q8N697,9IRC
Q8N6H7,2P57
Q8N6R0,5WCJ
Q8N884,4KM5
Q8N884,4LEV
Q8N884,4LEW
Q8N884,4MKP
Q8N884,4O67
Q8N884,4O68
Q8N884,4O69
Q8N884,5V8O
Q8N884,5VDO
Q8N884,5VDP
Q8N884,5VDQ
Q8N884,5VDR
Q8N884,5VDS
Q8N884,5VDT
Q8N884,5VDU
Q8N884,5VDV
Q8N884,5VDW
Q8N884,6CT9
Q8N884,6CTA
Q8N884,6EDB
Q8N884,6EDC
Q8N884,6LRC
Q8N884,6LRE
Q8N884,6LRI
Q8N884,6LRJ
Q8N884,6LRK
Q8N884,6LRL
Q8N884,6MJU
Q8N884,6MJW
Q8N884,6MJX
Q8N884,6NAO
Q8N884,6NFG
Q8N884,6NFO
Q8N884,6O47
Q8N884,6Y5D
Q8N884,6Y5E
Q8N884,7C0M
Q8N884,7CCQ
Q8N884,7CCR
Q8N884,7FTF
Q8N884,7FTG
Q8N884,7FTH
Q8N884,7FTI
Q8N884,7FTJ
Q8N884,7FTK
Q8N884,7FTL
Q8N884,7FTM
Q8N884,7FTN
Q8N884,7FTO
Q8N884,7FTP
Q8N884,7FTQ
Q8N884,7FTR
Q8N884,7FTS
Q8N884,7FTT
Q8N884,7FTU
Q8N884,7FTV
Q8N884,7FTW
Q8N884,7FTX
Q8N884,7FTY
Q8N884,7FTZ
Q8N884,7FU0
Q8N884,7FU1
Q8N884,7FU2
Q8N884,7FU3
Q8N884,7FU4
Q8N884,7FU5
Q8N884,7FU6
Q8N884,7FU7
Q8N884,7FU8
Q8N884,7FU9
Q8N884,7FUA
Q8N884,7FUB
Q8N884,7FUC
Q8N884,7FUD
Q8N884,7FUE
Q8N884,7FUF
Q8N884,7FUG
Q8N884,7FUH
Q8N884,7FUI
Q8N884,7FUJ
Q8N884,7FUK
Q8N884,7FUL
Q8N884,7FUM
Q8N884,7FUN
Q8N884,7FUO
Q8N884,7FUP
Q8N884,7FUQ
Q8N884,7FUR
Q8N884,8IME
Q8N884,8IMF
Q8N884,8IMG
Q8N884,8OKX
Q8N884,8OL1
Q8N884,8SHZ
Q8N884,8SI0
Q8N884,8SJ8
Q8N884,8WR8
Q8N884,9C3G
Q8N884,9C8N
Q8N884,9C8T
Q8N884,9ELX
Q8N884,9J2W
Q8N884,9J2X
Q8N884,9J2Y
Q8N884,9LIO
Q8N884,9MDC
Q8N884,9MDD
Q8N8Q3,4NSP
Q8N8Q3,6OZE
Q8N8R7,8HFP
Q8N960,4ICW
Q8N960,4ICX
Q8N960,6FLJ
Q8N960,6FLK
Q8N9A8,8UJL
Q8N9A8,8UJM
Q8NA29,7OIX
Q8NAC3,6HG4
Q8NAC3,6HG9
Q8NAC3,6HGA
Q8NAC3,7UWN
Q8NAC3,7ZAN
Q8NAT1,6XFI
Q8NAT1,6XI2
Q8NAT1,8KB7
Q8NAU1,4LSD
Q8NB16,2MSV
Q8NB16,4M67
Q8NB16,4MWI
Q8NB16,5KNJ
Q8NB16,5KO1
Q8NB16,6BWK
Q8NB16,6D74
Q8NB16,6LK5
Q8NB16,6LK6
Q8NB16,6O5Z
Q8NB16,6UX8
Q8NB16,6ZLE
Q8NB16,6ZPR
Q8NB16,6ZVO
Q8NB16,6ZZ1
Q8NB16,7JW7
Q8NB16,7JXU
Q8NB16,7MON
Q8NB16,7NM2
Q8NB16,7NM4
Q8NB16,7NM5
Q8NB16,8SLZ
Q8NB49,6LKN
Q8NB49,7BSP
Q8NB49,7BSQ
Q8NB49,7BSS
Q8NB49,7BSU
Q8NB49,7BSV
Q8NB49,7BSW
Q8NB49,7VSG
Q8NB49,7VSH
Q8NB90,8RHN
Q8NB90,9LGO
Q8NBF2,6G7W
Q8NBF2,6GC1
Q8NBJ4,8YBC
Q8NBJ5,9EVJ
Q8NBJ5,9EVK
Q8NBJ5,9EVL
Q8NBJ7,1Y4J
Q8NBJ9,7Y63
Q8NBJ9,7Y68
Q8NBJ9,7Y69
Q8NBJ9,8J6O
Q8NBJ9,8K10
Q8NBJ9,8K11
Q8NBJ9,8K12
Q8NBK3,1Y1E
Q8NBK3,1Y1F
Q8NBK3,1Y1G
Q8NBK3,1Y1H
Q8NBK3,1Y1I
Q8NBK3,1Y1J
Q8NBK3,1Z70
Q8NBK3,2AFT
Q8NBK3,2AFY
Q8NBK3,2AII
Q8NBK3,2AIJ
Q8NBK3,2AIK
Q8NBK3,2HI8
Q8NBK3,2HIB
Q8NBK3,5SSX
Q8NBK3,5SSY
Q8NBK3,5SSZ
Q8NBK3,8ARU
Q8NBL1,5L0R
Q8NBL1,5L0S
Q8NBL1,5L0T
Q8NBL1,5L0U
Q8NBL1,5L0V
Q8NBL1,5UB5
Q8NBN3,8CTJ
Q8NBN3,8HSI
Q8NBN3,8HTT
Q8NBN3,8KB4
Q8NBS3,7X1G
Q8NBS3,7X1H
Q8NBS3,7X1I
Q8NBS3,7X1J
Q8NBU5,7UPR
Q8NBU5,7UPT
Q8NC60,8CSP
Q8NC60,9G5B
Q8NCC3,4X90
Q8NCC3,4X91
Q8NCC3,4X92
Q8NCC3,4X93
Q8NCC3,4X94
Q8NCC3,4X95
Q8NCC3,4X97
Q8NCC3,6MTW
Q8NCE0,7UXA
Q8NCE0,7ZRZ
Q8NCE0,8HMY
Q8NCE0,8HMZ
Q8NCE0,8ISS
Q8ND56,6F9W
Q8NDI1,2D89
Q8NDI1,6ZSH
Q8NDL9,8V3M
Q8NDL9,8V3N
Q8NDL9,8V3O
Q8NDL9,8V3P
Q8NDL9,8V3Q
Q8NDL9,8V3R
Q8NDL9,8V3S
Q8NDL9,8V4K
Q8NDL9,8V4L
Q8NDL9,8V4M
Q8NDV7,5W6V
Q8NDV7,7RUP
Q8NDZ2,7T5P
Q8NE35,2DNL
Q8NE35,2RUG
Q8NE35,7N2E
Q8NE35,7N2F
Q8NE35,7N2G
Q8NE35,8SPA
Q8NE71,5ZXD
Q8NE86,4XSJ
Q8NE86,4XTB
Q8NE86,5BZ6
Q8NE86,5KUE
Q8NE86,5KUG
Q8NE86,5KUI
Q8NE86,5KUJ
Q8NE86,6JG0
Q8NE86,6K7X
Q8NE86,6K7Y
Q8NE86,6KVX
Q8NE86,6O58
Q8NE86,6O5B
Q8NE86,6WDN
Q8NE86,6WDO
Q8NE86,6XJV
Q8NE86,6XJX
Q8NE86,8URG
Q8NEJ0,2ESB
Q8NEM0,2WT8
Q8NEM0,3KTF
Q8NEM0,3PA6
Q8NEM0,3SHT
Q8NEM0,3SHV
Q8NEM0,3SZM
Q8NEM0,3U3Z
Q8NEM0,7C5D
Q8NER1,6L93
Q8NER1,8GF8
Q8NER1,8GF9
Q8NER1,8GFA
Q8NER1,8JQR
Q8NER1,8X94
Q8NER1,8YCP
Q8NER1,9P6B
Q8NEU8,4H8S
Q8NEU8,5C5B
Q8NEV4,6JLE
Q8NEW0,8J7T
Q8NEW0,8J7U
Q8NEW0,8J7V
Q8NEW0,8J7W
Q8NEW0,8J7X
Q8NEW0,8J7Y
Q8NEW0,8J80
Q8NEY8,6SWG
Q8NFA2,2L73
Q8NFF5,8ROM
Q8NFF5,8RON
Q8NFG4,3V42
Q8NFH5,4LIR
Q8NFH5,8OZB
Q8NFH8,1IQ3
Q8NFP4,5V5W
Q8NFP4,5XEQ
Q8NFT2,7TAI
Q8NFU3,6BEV
Q8NG08,7XV1
Q8NHJ6,3P2T
Q8NHJ6,6K7O
Q8NHL6,1G0X
Q8NHL6,1UFU
Q8NHL6,1UGN
Q8NHL6,1VDG
Q8NHL6,3D2U
Q8NHL6,4LL9
Q8NHL6,6ZDX
Q8NHL6,7KFK
Q8NHM5,4O64
Q8NHM5,5JH5
Q8NHM5,8HCU
Q8NHP6,6TQS
Q8NHP6,6TQT
Q8NHU6,3RCO
Q8NHV1,3ZJC
Q8NHX9,6NQ0
Q8NHX9,6NQ1
Q8NHX9,6NQ2
Q8NHX9,8OUO
Q8NI35,1VF6
Q8NI35,2D92
Q8NI35,2DAZ
Q8NI35,2DB5
Q8NI35,2DLU
Q8NI35,2DM8
Q8NI35,2DMZ
Q8NI35,2EHR
Q8NI35,4Q2N
Q8NI35,6IRD
Q8NI60,4PED
Q8NI60,5I35
Q8NI60,7UDP
Q8NI60,7UDQ
Q8QGH3,1ZVN
Q8R0I0,7FDK
Q8R0I0,7WRH
Q8R0I0,7WRI
Q8R0I0,7XO4
Q8R0I0,7XO5
Q8R0I0,7XO6
Q8R0I0,7XOA
Q8R0I0,7XOB
Q8R0I0,7XOC
Q8R0I0,7YVU
Q8R0I0,8AQT
Q8R0I0,8AQU
Q8R0I0,8AQV
Q8R0I0,8AQW
Q8R0I0,8DM7
Q8R0I0,8DM8
Q8R0I0,8DM9
Q8R0I0,8DMA
Q8R0I0,8UZE
Q8R0I0,8UZF
Q8R0I0,8VKL
Q8R0I0,8VKM
Q8R0I0,8VKN
Q8R183,2OR7
Q8R1H0,1UHS
Q8R1H0,2HI3
Q8R3R8,5YIP
Q8R400,9C8D
Q8R426,1S6C
Q8R4B8,7LFH
Q8R4B8,7VTQ
Q8R4P5,6WUD
Q8R4P5,8Z3F
Q8R4T5,2EGK
Q8R4T5,2EGN
Q8R4T5,2EGO
Q8R502,8B40
Q8R502,8BEN
Q8R5A3,3TCA
Q8R5A3,4KVG
Q8R5A3,4W8P
Q8R5A3,6O6H
Q8R5A3,6OLU
Q8R5A3,7V1A
Q8R5F7,3TS9
Q8R5F7,6G19
Q8R5F7,6G1S
Q8R5F7,6G1X
Q8R5F7,6GJZ
Q8R5F7,6GKH
Q8R5F7,6GKM
Q8R5F7,6H61
Q8R5F7,6H66
Q8R5F7,7BKP
Q8R5F7,7BKQ
Q8R5F7,7NGA
Q8R5F7,7NIC
Q8R5F7,7NIQ
Q8R5F7,9F0J
Q8R5F7,9F1U
Q8R5F7,9F20
Q8R5F7,9F2L
Q8R5F7,9F2W
Q8R5F7,9F3P
Q8RY71,5GQ0
Q8RY73,6DKN
Q8SKU2,3MHP
Q8SY33,2WBR
Q8T045,5F84
Q8T045,5F85
Q8T045,5F86
Q8T045,5F87
Q8T0S6,6BN1
Q8T0W8,2CDX
Q8T0W8,2E2F
Q8T9R8,1ZRX
Q8TAF3,5CVL
Q8TAF3,5K1A
Q8TAF3,5K1B
Q8TAF3,5K1C
Q8TAF3,5L8E
Q8TAF3,6JLQ
Q8TAF3,7AY0
Q8TAF3,7AY1
Q8TAF3,9N9Y
Q8TAX9,5TIB
Q8TAX9,5TJ2
Q8TAX9,5TJ4
Q8TAX9,7WJQ
Q8TAX9,8EFP
Q8TAX9,8ET1
Q8TAX9,8ET2
Q8TAX9,8GTJ
Q8TAX9,8GTK
Q8TAX9,8GTN
Q8TB24,3U23
Q8TB24,4WCI
Q8TB36,7AIA
Q8TB36,7ALM
Q8TB36,7B2G
Q8TB36,7Q6J
Q8TB36,7Q6K
Q8TB36,7YWD
Q8TB36,8A4J
Q8TB36,8A4K
Q8TB72,3Q0Q
Q8TB72,3Q0R
Q8TB72,3Q0S
Q8TBF4,2E5H
Q8TBZ6,4FMW
Q8TCB7,7EZG
Q8TCB7,7F1E
Q8TCB7,8OWX
Q8TCB7,8OWY
Q8TCF1,7Y39
Q8TCF1,7Y7L
Q8TCF1,7YAB
Q8TCF1,8HW9
Q8TCF1,8XE8
Q8TCG1,5UFL
Q8TCG2,4WTV
Q8TCG2,8A5X
Q8TCG5,2M76
Q8TCS8,3U1K
Q8TCS8,5ZF6
Q8TCS8,9KJR
Q8TCS8,9KJT
Q8TCX1,8RGH
Q8TCY5,8GY7
Q8TD16,6OFP
Q8TD16,6PSE
Q8TD43,5WP6
Q8TD43,6BQR
Q8TD43,6BQV
Q8TD43,6BWI
Q8TD43,8RCR
Q8TD43,8RCU
Q8TD43,8RD9
Q8TD43,9B8W
Q8TD43,9B8X
Q8TD43,9B8Y
Q8TD43,9B8Z
Q8TD43,9B90
Q8TD43,9B91
Q8TD43,9B92
Q8TD43,9B93
Q8TD43,9B94
Q8TDB6,3PG6
Q8TDB6,8R79
Q8TDD5,6AYE
Q8TDD5,6AYF
Q8TDD5,6AYG
Q8TDM6,1UIT
Q8TDQ0,5F71
Q8TDQ0,6DHB
Q8TDQ0,6TXZ
Q8TDQ0,7KQL
Q8TDQ0,7M3Y
Q8TDQ0,7M3Z
Q8TDQ0,7M41
Q8TDQ0,8HGJ
Q8TDQ0,8TBB
Q8TDQ0,8TFT
Q8TDR0,2EQO
Q8TDR0,8KCQ
Q8TDS4,7ZL9
Q8TDS4,7ZLY
Q8TDS4,8IY9
Q8TDS4,8IYH
Q8TDS4,8IYW
Q8TDS4,8JER
Q8TDS4,8JHN
Q8TDS4,8K5B
Q8TDS4,8K5C
Q8TDS4,8K5D
Q8TDS7,7Y13
Q8TDS7,7Y14
Q8TDS7,9DQH
Q8TDS7,9DQJ
Q8TDU6,7BW0
Q8TDU6,7CFM
Q8TDU6,7CFN
Q8TDU6,7XTQ
Q8TDU6,9GYO
Q8TDW0,8RTS
Q8TDW0,9EZC
Q8TDW0,9F16
Q8TDX7,2WQM
Q8TDX7,2WQN
Q8TDX7,5DE2
Q8TDX7,6NPY
Q8TDX7,6S73
Q8TDX7,6S75
Q8TDX7,6S76
Q8TDX7,8EJ4
Q8TDX7,8SXN
Q8TDX7,8WS0
Q8TDX7,8WS1
Q8TDY2,6DCE
Q8TDY2,6GMA
Q8TDY2,7CZG
Q8TDY2,7CZM
Q8TDY2,7D0E
Q8TDY2,7EA2
Q8TDY2,8W6B
Q8TDY2,8YFK
Q8TDY2,8YFL
Q8TDY2,8YFM
Q8TDY2,8YFN
Q8TDY2,9D34
Q8TDY4,2B0O
Q8TDZ2,1WYL
Q8TDZ2,2CO8
Q8TDZ2,2DK9
Q8TDZ2,5LE0
Q8TDZ2,6KU0
Q8TDZ2,8HLO
Q8TDZ2,8Y6K
Q8TDZ2,9EWY
Q8TE04,2I7N
Q8TE04,3SMP
Q8TE54,9IKV
Q8TE54,9IKX
Q8TE67,1WXT
Q8TE68,2K2M
Q8TEA1,5WWQ
Q8TEA1,5WWR
Q8TEA1,5WWS
Q8TEA1,5WWT
Q8TEA1,9IMB
Q8TEA8,2OKV
Q8TEB7,3ICU
Q8TEB9,5EPP
Q8TEH3,6EKK
Q8TEQ6,5GXH
Q8TEQ6,5GXI
Q8TEQ6,5H1J
Q8TEQ6,5H1K
Q8TEQ6,5H1L
Q8TEQ6,5H1M
Q8TEQ6,5H3S
Q8TEQ6,5H3T
Q8TEQ6,5H3U
Q8TEQ6,5TEE
Q8TEQ6,5TEF
Q8TEQ6,5THA
Q8TEQ6,6RNQ
Q8TEQ6,6RNS
Q8TEQ6,7XDT
Q8TEQ6,7XGR
Q8TEU7,2D93
Q8TEU7,3LNY
Q8TEV9,7EL6
Q8TEW0,2KOM
Q8TEX9,5XAH
Q8TEX9,5XBK
Q8TEX9,7UNK
Q8TEX9,8DYO
Q8TEY7,2UZG
Q8TF30,5X1G
Q8TF40,8JE2
Q8TF71,9GSZ
Q8TF71,9HHQ
Q8TF76,2VUW
Q8TF76,2WB8
Q8TF76,3DLZ
Q8TF76,3E7V
Q8TF76,3F2N
Q8TF76,3FMD
Q8TF76,3IQ7
Q8TF76,4OUC
Q8TF76,4QTC
Q8TF76,5HTB
Q8TF76,5HTC
Q8TF76,6G34
Q8TF76,6G35
Q8TF76,6G36
Q8TF76,6G37
Q8TF76,6G38
Q8TF76,6G39
Q8TF76,6G3A
Q8TF76,6Z56
Q8TF76,6Z57
Q8TF76,6Z58
Q8TF76,6Z59
Q8TF76,6Z5A
Q8TF76,6Z5B
Q8TF76,6Z5C
Q8TF76,6Z5D
Q8TF76,6Z5E
Q8TF76,7AVQ
Q8TF76,7OPS
Q8TF76,7SQM
Q8TF76,8RDK
Q8TF76,9B2S
Q8TF76,9B2T
Q8TF76,9B2U
Q8TF76,9FLB
Q8TF76,9FLC
Q8TF76,9FLO
Q8TF76,9FLQ
Q8TF76,9FLR
Q8TF76,9FLT
Q8TGA0,3OPY
Q8UUG0,2JOS
Q8UUG0,2MCU
Q8UUG0,2MCV
Q8UUG0,2OJM
Q8UUG0,6PF0
Q8VBT9,2AL3
Q8VCQ3,2CRB
Q8VDU0,3RO2
Q8VDU0,4JHR
Q8VDU0,7EP7
Q8VE43,7TLW
Q8VEF1,6GQF
Q8VGC3,1T0H
Q8VGC3,1T0J
Q8VGC3,3JBR
Q8VGC3,5V2P
Q8VGC3,5V2Q
Q8VHC3,2A2P
Q8VHC5,2M28
Q8VHC5,2M29
Q8VHK9,6UP2
Q8VHK9,6UP3
Q8VHK9,6UP4
Q8VHW8,8SS2
Q8VHW8,8SS3
Q8VHW8,8SS4
Q8VHW8,8SS5
Q8VHW8,8SS6
Q8VHW8,8SS7
Q8VHW8,8SS8
Q8VHW8,8SS9
Q8VHW8,8SSA
Q8VHW8,8SSB
Q8VIM0,3KAA
Q8VIN1,1KN3
Q8VY16,5U9L
Q8VY16,5U9O
Q8VY16,6JZF
Q8VY16,6JZN
Q8VYK7,7DHT
Q8VYP0,6N5U
Q8VYR7,5L25
Q8VYR7,8TEG
Q8VYR7,8TEH
Q8VYR7,8TEI
Q8VYR7,8TEJ
Q8VYR7,8TEL
Q8VYR7,8TEM
Q8VYR7,8TEN
Q8VZ10,7DJJ
Q8VZ10,7DJK
Q8VZ10,7DJL
Q8VZ10,7DJM
Q8VZG8,8WEB
Q8VZG8,8WEC
Q8VZG8,8WED
Q8VZG8,8WEE
Q8VZG8,8YAA
Q8VZS8,3JRQ
Q8VZS8,3JRS
Q8VZS8,3KAY
Q8VZS8,3KDJ
Q8VZS8,3NEF
Q8VZS8,3NEG
Q8VZS8,3NMN
Q8VZS8,9J6I
Q8W453,2RKN
Q8WRC7,1V46
Q8WTT0,3WBP
Q8WTT0,3WBQ
Q8WTT0,3WBR
Q8WTT0,4ZES
Q8WTT0,4ZET
Q8WTX7,5GS9
Q8WTX7,5GT7
Q8WTX7,5GT8
Q8WTX7,5GV2
Q8WTX7,5I2C
Q8WU08,4FR4
Q8WU10,6ZK7
Q8WU10,8ORJ
Q8WU39,7AAH
Q8WUD6,9UET
Q8WUF5,2VGE
Q8WUF5,6HL6
Q8WUF5,9GFO
Q8WUJ0,2R0B
Q8WUM4,2OEV
Q8WUM4,2OEW
Q8WUM4,2OEX
Q8WUM4,2OJQ
Q8WUM4,2R02
Q8WUM4,2R03
Q8WUM4,2R05
Q8WUM4,2XS1
Q8WUM4,2XS8
Q8WUM4,3C3O
Q8WUM4,4JJY
Q8WUM4,6KP3
Q8WUN7,1TTN
Q8WUN7,2KSN
Q8WUP2,2K9U
Q8WUP2,2W0P
Q8WUP2,4P3W
Q8WUX2,6K95
Q8WUX2,6KY0
Q8WUX2,6KY1
Q8WV28,6YLU
Q8WVN8,1ZUO
Q8WVQ1,1S18
Q8WVQ1,1S1D
Q8WVQ1,2H2N
Q8WVQ1,2H2U
Q8WWA0,4WMQ
Q8WWA0,4WMY
Q8WWA0,6USC
Q8WWH5,8JFX
Q8WWI5,7WWB
Q8WWI5,9QU3
Q8WWT9,8UVC
Q8WWT9,8UVD
Q8WWT9,8UVE
Q8WWT9,8UVF
Q8WWT9,8UVG
Q8WWT9,8UVI
Q8WWZ1,5BOW
Q8WX93,2DM2
Q8WX93,2DM3
Q8WXB1,4LEC
Q8WXC3,2HM2
Q8WXC3,4QOB
Q8WXD5,1Y96
Q8WXD5,7BBL
Q8WXF7,3Q5D
Q8WXF7,3Q5E
Q8WXF7,3QNU
Q8WXF7,3QOF
Q8WXF7,4IDN
Q8WXF7,4IDO
Q8WXF7,4IDP
Q8WXF7,4IDQ
Q8WXF7,6B9D
Q8WXF7,6B9E
Q8WXF7,6B9F
Q8WXF7,6B9G
Q8WXF7,6XJN
Q8WXF7,7OL3
Q8WXI4,3FO5
Q8WXI4,6VVQ
Q8WXI8,2LS8
Q8WXI8,3WHD
Q8WXX5,7CIZ
Q8WXX5,7CJ0
Q8WY41,4CQO
Q8WY64,2YHN
Q8WY64,2YHO
Q8WY64,6QLY
Q8WY64,6QLZ
Q8WY64,9SA1
Q8WY64,9SA2
Q8WYK0,3B7K
Q8WYK0,4MOB
Q8WYK0,4MOC
Q8WYQ5,1X47
Q8WYQ5,2YT4
Q8WYQ5,3LE4
Q8WYQ5,5B16
Q8WYQ5,6LXD
Q8WYQ5,6LXE
Q8WYQ5,6V5B
Q8WYQ5,6V5C
Q8WYQ5,7CNC
Q8WYQ5,9ASM
Q8WYQ5,9ASN
Q8WYQ5,9ASO
Q8WYQ5,9ASP
Q8WZA1,5GGF
Q8WZA1,5GGG
Q8WZA1,5GGI
Q8WZA1,5GGJ
Q8WZA1,5GGK
Q8WZA1,5GGL
Q8WZA1,5GGN
Q8WZA1,5GGO
Q8WZA1,5XFC
Q8X151,5FX8
Q90249,2H8I
Q90249,3CXI
Q90249,3HZD
Q90249,3HZW
Q90249,3I03
Q90249,3I3H
Q90249,3I3I
Q90249,3IQ3
Q90249,4WTB
Q90249,6DIK
Q90249,7ROX
Q90282,2DW0
Q90282,2DW1
Q90282,2DW2
Q90495,9CLP
Q91453,4WVM
Q91516,1BQY
Q91836,1DI2
Q91V08,6E7D
Q91V14,7D14
Q91VJ1,2N00
Q91VJ1,4JBM
Q91VU0,5LC3
Q91VU0,5LC4
Q91WD2,2RFA
Q91X46,2Z0Q
Q91X58,4XKH
Q91XB0,2IOC
Q91XB0,2O4G
Q91XB0,2O4I
Q91XB0,2OA8
Q91XB0,3B6O
Q91XB0,3B6P
Q91XB0,3MXI
Q91XB0,3MXJ
Q91XB0,3MXM
Q91XB0,3U3Y
Q91XB0,3U6F
Q91XB0,4YNQ
Q91XB0,5YWS
Q91XB0,5YWT
Q91XB0,5YWU
Q91XB0,5YWV
Q91XB0,6W10
Q91XB0,7U8Y
Q91XB0,8HCC
Q91XB0,8HCD
Q91XB0,8HCE
Q91XB0,8HCF
Q91XB0,8HCG
Q91XB0,8HCH
Q91XD6,2DX5
Q91XE4,3NFZ
Q91XE4,3NH4
Q91XE4,3NH5
Q91XE4,3NH8
Q91XZ4,5DZX
Q91Y13,5DZV
Q91YD9,3M3N
Q91YI6,6LBJ
Q91YR1,1M4J
Q91YR1,2D8B
Q91YR1,2HD7
Q91YR1,3DAW
Q91YR1,6RSW
Q91YR1,6YP9
Q91ZF0,1WJZ
Q91ZP3,7KIH
Q91ZP3,7KIL
Q921F2,3D2W
Q922J3,2CP7
Q922S4,1MC0
Q922Y1,1WHC
Q92484,5EBB
Q92484,5EBE
Q92499,4XW3
Q92499,8TBX
Q924K8,2CRG
Q924T7,5Y3T
Q92504,8GZE
Q92506,2PD6
Q92520,5LC2
Q92530,2VT8
Q92530,4OUH
Q92536,9KY5
Q92536,9LDR
Q92540,1YA0
Q92542,2N7Q
Q92542,2N7R
Q92552,3J9M
Q92552,6NU2
Q92552,6NU3
Q92552,6RW4
Q92552,6RW5
Q92552,6VLZ
Q92552,6VMI
Q92552,6ZM6
Q92552,6ZS9
Q92552,6ZSA
Q92552,6ZSB
Q92552,6ZSC
Q92552,6ZSD
Q92552,6ZSE
Q92552,6ZSG
Q92552,7A5F
Q92552,7A5G
Q92552,7A5I
Q92552,7L08
Q92552,7OG4
Q92552,7P2E
Q92552,7PNX
Q92552,7PNY
Q92552,7PNZ
Q92552,7PO0
Q92552,7PO1
Q92552,7PO2
Q92552,7PO3
Q92552,7QI4
Q92552,7QI5
Q92552,7QI6
Q92552,8ANY
Q92552,8CSQ
Q92552,8CSR
Q92552,8CSS
Q92552,8CST
Q92552,8CSU
Q92552,8K2A
Q92552,8OIR
Q92552,8OIS
Q92552,8QRK
Q92552,8QRL
Q92552,8QRM
Q92552,8QRN
Q92552,8RRI
Q92552,8XT0
Q92552,8XT2
Q92552,9G5C
Q92552,9G5D
Q92552,9G5E
Q92552,9HFM
Q92552,9HFN
Q92552,9HFO
Q92558,3P8C
Q92558,4N78
Q92558,7USC
Q92560,7VPW
Q92574,4Z6Y
Q92574,5EJC
Q92574,7DL2
Q92574,9C9I
Q92574,9CE3
Q92575,2KXJ
Q92598,6GFA
Q92608,2RQR
Q92608,2YIN
Q92608,3A98
Q92608,3B13
Q92608,6TGB
Q92608,6TGC
Q92624,8JAL
Q92624,8JAQ
Q92624,8JAR
Q92624,8JAS
Q92624,8JAU
Q92624,8JAV
Q92633,4Z34
Q92633,4Z35
Q92633,4Z36
Q92633,7TD0
Q92633,7TD1
Q92633,7TD2
Q92633,7YU4
Q92633,9IZG
Q92633,9IZH
Q92633,9J5V
Q92688,2ELL
Q92688,2RR6
Q92688,8R1J
Q92688,8R1L
Q92729,6SUB
Q92729,6SUC
Q92730,2CLS
Q92730,2REX
Q92730,3Q3J
Q92743,2JOA
Q92743,2YTW
Q92743,3NUM
Q92743,3NWU
Q92743,3NZI
Q92743,3TJN
Q92743,3TJO
Q92743,3TJQ
Q92743,6Z0E
Q92743,6Z0X
Q92743,6Z0Y
Q92743,7SJN
Q92743,7SJO
Q92743,7SJP
Q92743,8SDM
Q92743,8SDP
Q92743,8SE7
Q92743,8SE8
Q92769,3MAX
Q92769,4LXZ
Q92769,4LY1
Q92769,5IWG
Q92769,5IX0
Q92769,6G3O
Q92769,6WBW
Q92769,6WBZ
Q92769,6WHN
Q92769,6WHO
Q92769,6WHQ
Q92769,6WHZ
Q92769,6WI3
Q92769,6XDM
Q92769,6XEB
Q92769,6XEC
Q92769,7JS8
Q92769,7KBG
Q92769,7KBH
Q92769,7LTG
Q92769,7LTK
Q92769,7LTL
Q92769,7MOS
Q92769,7MOT
Q92769,7MOX
Q92769,7MOY
Q92769,7MOZ
Q92769,7ZZO
Q92769,7ZZP
Q92769,7ZZR
Q92769,7ZZS
Q92769,7ZZT
Q92769,7ZZU
Q92769,7ZZW
Q92769,8A0B
Q92769,8BPA
Q92769,8BPB
Q92769,8BPC
Q92769,8C60
Q92769,9DTQ
Q92769,9GGL
Q92769,9GGM
Q92769,9GGN
Q92769,9I2C
Q92772,4AAA
Q92772,4BBM
Q92772,8S6I
Q92783,2L0A
Q92785,3IUF
Q92785,5B79
Q92785,5VDC
Q92785,6LTH
Q92804,2MMY
Q92804,8ONS
Q92820,1L9X
Q92830,1F68
Q92830,1Z4R
Q92830,3D7C
Q92830,5H84
Q92830,5H86
Q92830,5MLJ
Q92830,5TRL
Q92830,5TRM
Q92830,6J3P
Q92830,8E6O
Q92830,8H65
Q92830,8H66
Q92830,8H6C
Q92830,8H6D
Q92831,1CM0
Q92831,1JM4
Q92831,1N72
Q92831,1WUG
Q92831,1WUM
Q92831,1ZS5
Q92831,2RNW
Q92831,2RNX
Q92831,3GG3
Q92831,4NSQ
Q92831,5FDZ
Q92831,5FE0
Q92831,5FE1
Q92831,5FE2
Q92831,5FE3
Q92831,5FE4
Q92831,5FE5
Q92831,5FE6
Q92831,5FE7
Q92831,5FE8
Q92831,5FE9
Q92831,5LVQ
Q92831,5LVR
Q92831,5MKX
Q92831,6J3O
Q92832,6POL
Q92834,4JHN
Q92834,4QAM
Q92835,2YSX
Q92835,5RW2
Q92835,5RW3
Q92835,5RW4
Q92835,5RW5
Q92835,5RW6
Q92835,5RW7
Q92835,5RW8
Q92835,5RW9
Q92835,5RWA
Q92835,5RWB
Q92835,5RWC
Q92835,5RWD
Q92835,5RWE
Q92835,5RWF
Q92835,5RWG
Q92835,5RWH
Q92835,5RWI
Q92835,5RWJ
Q92835,5RWK
Q92835,5RWL
Q92835,5RWM
Q92835,5RWN
Q92835,5RWO
Q92835,5RWP
Q92835,5RWQ
Q92835,5RWR
Q92835,5RWS
Q92835,5RWT
Q92835,5RWU
Q92835,5RWV
Q92835,5RWW
Q92835,5RWX
Q92835,5RWY
Q92835,5RWZ
Q92835,5RX0
Q92835,5RX1
Q92835,5RX2
Q92835,5RX3
Q92835,5RX4
Q92835,5RX5
Q92835,5RX6
Q92835,5RX7
Q92835,5RX8
Q92835,5RX9
Q92835,5RXA
Q92835,5RXB
Q92835,5RXC
Q92835,5RXD
Q92835,5RXE
Q92835,5RXF
Q92835,5RXG
Q92835,5RXH
Q92835,5RXI
Q92835,5RXJ
Q92835,5RXK
Q92835,5RXL
Q92835,5RXM
Q92835,5RXO
Q92835,5RXP
Q92835,5RXQ
Q92835,5RXR
Q92835,5RXS
Q92835,5RXT
Q92835,5RXU
Q92835,5RXV
Q92835,5RXW
Q92835,5RXX
Q92835,5RXY
Q92835,5RXZ
Q92835,5RY0
Q92835,5RY1
Q92835,5RY2
Q92835,5RY3
Q92835,5RY4
Q92835,5RY5
Q92835,5RY6
Q92835,5RY7
Q92835,5RY8
Q92835,5RY9
Q92835,5RYA
Q92835,5RYB
Q92835,5RYC
Q92835,5RYD
Q92835,5RYE
Q92835,5RYF
Q92835,5RYG
Q92835,5RYH
Q92835,5RYI
Q92835,5RYJ
Q92835,5RYK
Q92835,5RYL
Q92835,6IBD
Q92835,6XY7
Q92835,8PDG
Q92835,8PDH
Q92835,8PDI
Q92835,8PDJ
Q92835,8UM5
Q92838,1RJ7
Q92838,1RJ8
Q92838,7X9G
Q92841,6UV0
Q92841,6UV1
Q92841,6UV2
Q92841,6UV3
Q92841,6UV4
Q92843,1MK3
Q92843,1O0L
Q92843,1ZY3
Q92843,2Y6W
Q92843,4CIM
Q92854,1OLZ
Q92854,3OL2
Q92879,2CPZ
Q92879,2DHS
Q92879,2RQ4
Q92879,2RQC
Q92879,3NMR
Q92879,3NNA
Q92879,3NNC
Q92879,3NNH
Q92887,8IZQ
Q92887,8IZR
Q92887,8JX7
Q92887,8JXQ
Q92887,8JXU
Q92887,8JY4
Q92887,8JY5
Q92887,9BR2
Q92887,9BUK
Q92887,9C12
Q92887,9C2I
Q92888,1IAP
Q92888,3ODO
Q92888,3ODW
Q92888,3ODX
Q92888,3P6A
Q92900,2GJK
Q92900,2GK6
Q92900,2GK7
Q92900,2IYK
Q92900,2WJV
Q92900,2WJY
Q92900,2XZO
Q92900,2XZP
Q92900,6EJ5
Q92900,6Z3R
Q92905,4F7O
Q92905,5JOG
Q92905,5JOH
Q92905,5M5Q
Q92913,3HBW
Q92922,2YUS
Q92922,5GJK
Q92922,6KZ7
Q92922,6YXO
Q92922,6YXP
Q92945,2HH2
Q92945,2HH3
Q92945,2JVZ
Q92945,2OPU
Q92945,2OPV
Q92945,4B8T
Q92956,1JMA
Q92956,4FHQ
Q92956,4RSU
Q92956,5T2Q
Q92956,5T2R
Q92956,6NG3
Q92956,7MSG
Q92968,7Z0I
Q92968,7Z0J
Q92974,5EFX
Q92974,7G80
Q92974,7G81
Q92974,7G82
Q92974,7G83
Q92974,7G84
Q92974,7G85
Q92974,7G86
Q92974,7G87
Q92974,7G88
Q92974,7G89
Q92974,7G8A
Q92974,7G8B
Q92974,7G8C
Q92974,7G8D
Q92974,7G8E
Q92974,7G8F
Q92974,7G8G
Q92974,7G8H
Q92974,7G8I
Q92974,7G8J
Q92974,7G8K
Q92974,7G8L
Q92974,7G8M
Q92974,7G8N
Q92974,7G8O
Q92974,7G8P
Q92974,7G8Q
Q92974,7G8R
Q92974,7G8S
Q92974,7G8T
Q92974,7G8U
Q92974,7G8V
Q92974,7G8W
Q92974,7G8X
Q92974,7G8Y
Q92974,7G8Z
Q92974,7G90
Q92974,7G91
Q92974,7G92
Q92974,7G93
Q92974,7G94
Q92974,7G95
Q92974,7G96
Q92974,7G97
Q92974,7G98
Q92974,7G99
Q92974,7G9A
Q92974,7G9B
Q92974,7G9C
Q92974,7G9D
Q92974,7G9E
Q92974,7G9F
Q92974,7G9G
Q92974,7G9H
Q92974,7G9I
Q92974,7G9J
Q92974,8BNT
Q92979,5FAI
Q92993,2EKO
Q92993,2OU2
Q92993,4QQG
Q93009,1NB8
Q93009,1YY6
Q93009,1YZE
Q93009,2F1W
Q93009,2F1Z
Q93009,2KVR
Q93009,2XXN
Q93009,2YLM
Q93009,3MQR
Q93009,4JJQ
Q93009,4KG9
Q93009,4M5W
Q93009,4M5X
Q93009,4PYZ
Q93009,4WPH
Q93009,4WPI
Q93009,4YOC
Q93009,4YSI
Q93009,4Z96
Q93009,4Z97
Q93009,5C56
Q93009,5C6D
Q93009,5FWI
Q93009,5GG4
Q93009,5J7T
Q93009,5KYB
Q93009,5N9R
Q93009,5N9T
Q93009,5NGE
Q93009,5NGF
Q93009,5UQV
Q93009,5UQX
Q93009,5VS6
Q93009,5VSB
Q93009,5VSK
Q93009,5WHC
Q93009,6F5H
Q93009,6M1K
Q93009,6P5L
Q93009,6VN2
Q93009,6VN3
Q93009,6VN4
Q93009,6VN5
Q93009,6VN6
Q93009,7CM2
Q93009,7VIJ
Q93009,7XHH
Q93009,7XHK
Q93009,7XPY
Q93009,8D4Z
Q93009,9DEK
Q93009,9DEL
Q93009,9DEM
Q93009,9DEN
Q93009,9DEO
Q93009,9DEP
Q93009,9FIO
Q93009,9FIP
Q93009,9FIQ
Q93009,9FIR
Q93009,9FIS
Q93009,9FIT
Q93009,9FIU
Q93009,9FIV
Q93009,9IJU
Q93009,9IML
Q93009,9K2W
Q93009,9K2X
Q93009,9QJE
Q93015,6NAS
Q93015,6NBE
Q93062,5CYJ
Q93062,5DET
Q93091,4X09
Q93091,5OAB
Q93091,6ENP
Q93091,6MV6
Q93091,6MV7
Q93092,2CWN
Q93092,2E1D
Q93096,1RXD
Q93096,1XM2
Q93096,5BX1
Q93096,9MEX
Q93367,6FBL
Q93V56,4LUG
Q93V56,5LS0
Q93VP3,3HKS
Q93W20,2Z51
Q93WD2,6KAC
Q93WD2,6KAD
Q93WD2,6KAF
Q93WD2,9IS4
Q93WX6,4Q75
Q93WX6,4Q76
Q93YQ1,5WBI
Q93YQ1,5WBJ
Q93YQ1,5WBK
Q93YQ1,5WBL
Q93YT1,6VE8
Q93YT1,6VEA
Q940U6,4YVO
Q940U6,4YVQ
Q940U6,5CHE
Q941C5,2MIE
Q94218,5EJJ
Q94218,5XDA
Q94464,1JWY
Q94464,1JX2
Q94521,3TE4
Q94521,3V8I
Q94521,5GI5
Q94521,5GI6
Q94521,5GI7
Q94521,5GI8
Q94521,5GI9
Q94521,5GIF
Q94521,5GIG
Q94521,5GIH
Q94521,5GII
Q94521,6K80
Q94521,8WMB
Q94521,8WME
Q945M1,7A23
Q945M1,7AQW
Q945M1,7AR7
Q945M1,7AR8
Q945M1,7ARB
Q945M1,8BEH
Q949P2,4PUT
Q94AG2,4LSC
Q94AG2,4Z64
Q94AG2,6FG8
Q94AG2,7ODV
Q94AG2,7OGO
Q94AG2,7OGQ
Q94AG2,7OGU
Q94AG2,7OGZ
Q94AQ8,7WFF
Q94AQ8,7WG5
Q94BU8,7DBF
Q94BU8,7DC9
Q94BU8,7DCA
Q94BU8,7DCB
Q94BU8,7DCW
Q94BU8,7DGC
Q94BU8,7DH1
Q94BU8,7DLC
Q94BU8,7DM5
Q94BU8,7DM6
Q94BU8,7DOW
Q94BU8,7DOX
Q94BU8,7DOY
Q94BU8,7DPK
Q94BU8,7DQN
Q94BU8,7W1Q
Q94F62,3TL8
Q94F62,3UIM
Q94F62,3ULZ
Q94F62,4MN8
Q94IB8,7YJK
Q94JU3,3CHM
Q94JU3,9IS6
Q94KI8,5DQQ
Q94KI8,5E1J
Q94KI8,5TUA
Q94KI8,6CX0
Q94KI8,6E1K
Q94KI8,6E1M
Q94KI8,6E1N
Q94KI8,6E1P
Q94KI8,7FHK
Q94KI8,7FHL
Q94KI8,7FHN
Q94KI8,7FHO
Q94KI8,7TBG
Q94KI8,7TDD
Q94KI8,7TDE
Q94KI8,7TDF
Q95460,4GUP
Q95460,4L4T
Q95460,4L4V
Q95460,4LCW
Q95460,4NQC
Q95460,4NQD
Q95460,4NQE
Q95460,4PJ5
Q95460,4PJ7
Q95460,4PJ8
Q95460,4PJ9
Q95460,4PJA
Q95460,4PJB
Q95460,4PJC
Q95460,4PJD
Q95460,4PJE
Q95460,4PJF
Q95460,4PJG
Q95460,4PJH
Q95460,4PJI
Q95460,4PJX
Q95460,5D5M
Q95460,5D7I
Q95460,5D7J
Q95460,5D7L
Q95460,5U16
Q95460,5U17
Q95460,5U1R
Q95460,5U2V
Q95460,5U6Q
Q95460,5U72
Q95460,6MWR
Q95460,6PUC
Q95460,6PUD
Q95460,6PUE
Q95460,6PUF
Q95460,6PUG
Q95460,6PUH
Q95460,6PUI
Q95460,6PUJ
Q95460,6PUK
Q95460,6PUL
Q95460,6PUM
Q95460,6PVC
Q95460,6PVD
Q95460,6W9U
Q95460,6W9V
Q95460,6XQP
Q95460,7LLI
Q95460,7LLJ
Q95460,7UFJ
Q95460,7ZT2
Q95460,7ZT3
Q95460,7ZT4
Q95460,7ZT5
Q95460,7ZT7
Q95460,7ZT8
Q95460,7ZT9
Q95460,8BP6
Q95460,8Y6X
Q95460,9BTX
Q95460,9BTY
Q95460,9BTZ
Q95460,9BU0
Q95460,9CGR
Q95460,9CGS
Q95460,9EK6
Q95460,9EK7
Q95460,9HI7
Q95748,8BEE
Q95NK7,1PVZ
Q95PA1,1L4A
Q95YF3,7DTJ
Q95YF3,7DTK
Q95ZK7,3N89
Q960X8,1DVP
Q960Z0,3J2U
Q960Z0,6B0C
Q960Z0,6B0I
Q960Z0,6B0L
Q96247,9JDR
Q96247,9M2H
Q962V9,4TPV
Q96301,7Y4I
Q96301,8DTF
Q96301,8DTG
Q96301,8DTH
Q96301,8DTI
Q96524,6K8I
Q96524,6K8K
Q96524,6M79
Q96524,6X24
Q96524,7X0X
Q96524,7X0Y
Q965T6,9IKB
Q969D9,5J11
Q969D9,5J12
Q969D9,5J13
Q969D9,8QFZ
Q969D9,8ZEU
Q969H0,2OVP
Q969H0,2OVQ
Q969H0,2OVR
Q969H0,5V4B
Q969H0,7T1Y
Q969H0,7T1Z
Q969H8,6O6W
Q969H8,6SVK
Q969H8,6SVL
Q969J5,3G9V
Q969V5,6K2K
Q969V5,6M2C
Q969V5,6M2D
Q969V6,2KVU
Q969V6,2KW9
Q969W0,7K0I
Q969W0,7K0J
Q969W0,7K0K
Q969W0,7K0L
Q969Z0,9GEK
Q96A44,2V24
Q96A44,6DN7
Q96A44,6DN8
Q96A49,1X3A
Q96A54,5LXG
Q96A54,6KRZ
Q96A54,6KS0
Q96A58,2ATV
Q96AG3,8TMU
Q96AX1,4BX8
Q96AX1,4BX9
Q96AY2,2ZIU
Q96AY2,2ZIV
Q96AY2,2ZIW
Q96AY2,2ZIX
Q96AY2,4P0P
Q96AY2,4P0Q
Q96AY2,4P0R
Q96AY2,4P0S
Q96AY2,9F98
Q96AY2,9F99
Q96AY2,9F9A
Q96AY2,9F9K
Q96AY2,9F9L
Q96AY2,9F9M
Q96AZ1,4QPN
Q96B67,4N7H
Q96B67,4R7V
Q96B67,4R7X
Q96B97,2BZ8
Q96B97,2K9G
Q96B97,2N64
Q96B97,2O2O
Q96B97,2YDL
Q96B97,5ABS
Q96BD6,2JK9
Q96BD8,4C9Y
Q96BD8,4CA0
Q96BN8,3ZNV
Q96BN8,3ZNX
Q96BN8,4KSJ
Q96BN8,4OYK
Q96BN8,4P0B
Q96BN8,6I9C
Q96BN8,6SAK
Q96BT7,2CQ2
Q96BT7,3THP
Q96BT7,3THT
Q96BY2,7LGC
Q96BY9,6O2U
Q96BY9,6O2V
Q96BY9,6O2W
Q96C10,2RQA
Q96C10,2W4R
Q96C10,3EQT
Q96C36,6LHM
Q96CA5,1OXN
Q96CA5,1OXQ
Q96CA5,1OY7
Q96CA5,1TW6
Q96CA5,2I3H
Q96CA5,2I3I
Q96CA5,3F7G
Q96CA5,3F7H
Q96CA5,3F7I
Q96CA5,3GT9
Q96CA5,3GTA
Q96CA5,3UW5
Q96CF2,3C3R
Q96CF2,5MK3
Q96CF2,5V3R
Q96CF2,5WA1
Q96CG3,4YM4
Q96CG3,4ZGI
Q96CG3,5ZUJ
Q96CG3,6A33
Q96CM3,5UBA
Q96CS3,2DAM
Q96CS7,3AJ4
Q96CS7,3VIA
Q96CV9,2LO4
Q96CV9,5AAZ
Q96CV9,5EOA
Q96CV9,5EOF
Q96CV9,9B0B
Q96CW1,1H6E
Q96CW1,6BNT
Q96CW5,6V6B
Q96CW9,3TBD
Q96CW9,3ZYG
Q96CW9,3ZYI
Q96D31,2MAK
Q96D31,4EHQ
Q96D42,5DZO
Q96D42,5F70
Q96DA2,6S5F
Q96DE0,2XSQ
Q96DE0,3COU
Q96DE0,3MGM
Q96DE0,5VY2
Q96DE0,5W6X
Q96DE0,5W6Z
Q96DE0,5WJI
Q96DE0,6B09
Q96DE0,6CO2
Q96DE0,6X7U
Q96DE0,6X7V
Q96DN0,2L4C
Q96DN0,4F9Z
Q96DU7,2A98
Q96DZ5,2CP0
Q96EB6,4I5I
Q96EB6,4IF6
Q96EB6,4IG9
Q96EB6,4KXQ
Q96EB6,4ZZH
Q96EB6,4ZZI
Q96EB6,5BTR
Q96EB6,8ANB
Q96EH3,5OOL
Q96EH3,5OOM
Q96EH3,7A5H
Q96EH3,7A5J
Q96EH3,7ODR
Q96EH3,7ODS
Q96EH3,7ODT
Q96EH3,7OF0
Q96EH3,7OF2
Q96EH3,7OF3
Q96EH3,7OF5
Q96EH3,7OF7
Q96EH3,7OI6
Q96EH3,7OI7
Q96EH3,7OI8
Q96EH3,7OI9
Q96EH3,7OIC
Q96EH3,7OID
Q96EH3,7OIE
Q96EH3,7PO4
Q96EH3,7QH6
Q96EH3,7QH7
Q96EH3,8K2B
Q96EH3,8QU5
Q96EK4,2LAU
Q96EK4,5AJS
Q96EK5,6ZPG
Q96EK5,6ZPH
Q96EK5,7RSI
Q96EK5,7RSQ
Q96EK5,7RYP
Q96EK5,7RYQ
Q96EP5,2DGS
Q96EP5,2DH8
Q96EQ8,5DKA
Q96EQ8,8GBQ
Q96EQ8,8GCB
Q96F15,6Z3E
Q96F24,4ZEY
Q96F46,3JVF
Q96F46,4HSA
Q96F46,4NUX
Q96F46,5N9B
Q96F46,5NAN
Q96F46,7UWL
Q96F46,7UWM
Q96F86,2VC8
Q96F86,3D3J
Q96F86,3D3K
Q96FI4,1TDH
Q96FI4,4NRV
Q96FI4,5ITQ
Q96FI4,5ITR
Q96FI4,5ITT
Q96FI4,5ITU
Q96FI4,5ITX
Q96FI4,5ITY
Q96FI4,6LWA
Q96FI4,6LWB
Q96FI4,6LWC
Q96FI4,6LWD
Q96FI4,6LWF
Q96FI4,6LWG
Q96FI4,6LWH
Q96FI4,6LWI
Q96FI4,6LWJ
Q96FI4,6LWK
Q96FI4,6LWL
Q96FI4,6LWM
Q96FI4,6LWN
Q96FI4,6LWO
Q96FI4,6LWP
Q96FI4,6LWQ
Q96FI4,6LWR
Q96FI4,7TMX
Q96FI4,8FTJ
Q96FJ2,2XQQ
Q96FJ2,3P8M
Q96FJ2,4D07
Q96FJ2,7CNU
Q96FQ6,2L50
Q96FQ6,2L51
Q96FQ6,3NXA
Q96FT9,8BBE
Q96FT9,8BBG
Q96FT9,8FGW
Q96FX2,2JR7
Q96G04,8FZB
Q96G97,6DS5
Q96GD0,2CFR
Q96GD0,2CFS
Q96GD0,2CFT
Q96GD0,2OYC
Q96GD0,2P27
Q96GD0,2P69
Q96GD0,5GYN
Q96GD0,8S8A
Q96GD0,9EM1
Q96GD4,4AF3
Q96GG9,3TDU
Q96GG9,3TDZ
Q96GG9,5UFI
Q96GG9,5V83
Q96GG9,5V86
Q96GG9,5V88
Q96GG9,6B5Q
Q96GG9,6BG3
Q96GG9,6BG5
Q96GG9,6P5V
Q96GG9,6P5W
Q96GG9,6XOL
Q96GG9,6XOM
Q96GG9,6XON
Q96GG9,6XOO
Q96GG9,6XOP
Q96GG9,6XOQ
Q96GG9,7KWA
Q96GM8,2FC6
Q96GX5,5LOH
Q96GX5,8V5H
Q96GX9,4M6R
Q96H15,5DZN
Q96H15,5F7F
Q96H15,5F7H
Q96HA7,5JA4
Q96HE7,3AHQ
Q96HE7,3AHR
Q96HI0,9GNN
Q96HS1,3MXO
Q96HS1,3O0T
Q96HS1,5MUF
Q96HS1,6CNI
Q96HS1,6CNL
Q96HS1,7QAL
Q96HS1,7QAM
Q96HS1,7QAO
Q96HS1,7QAP
Q96HS1,8IN0
Q96IJ6,7D72
Q96IJ6,7D73
Q96IJ6,7D74
Q96IU4,1IMJ
Q96IV0,2CCQ
Q96IV0,2CM0
Q96J02,2DMV
Q96J02,2KYK
Q96J02,2NQ3
Q96J02,2P4R
Q96J02,2YSF
Q96J02,3TUG
Q96J02,4ROF
Q96J02,5CQ2
Q96J02,5DWS
Q96J02,5DZD
Q96J02,5SXP
Q96JA1,4U7L
Q96JA1,4U7M
Q96JA3,5KDI
Q96JC1,6ZE9
Q96JJ3,6IE1
Q96JM3,5XPT
Q96JM3,5XPU
Q96JM3,6EKJ
Q96JM3,6EKL
Q96JN8,2E63
Q96JY6,2PA1
Q96JY6,3PDV
Q96K30,5EG6
Q96KN2,3DLJ
Q96KP4,4RUH
Q96KQ4,6HL5
Q96L34,5ES1
Q96L34,8XFL
Q96L93,2V14
Q96L93,6EE0
Q96LB8,2EAV
Q96LB8,2EAX
Q96LB9,1SK3
Q96LB9,1SK4
Q96LB9,1TWQ
Q96LB9,2APH
Q96LI5,3NGN
Q96LI5,3NGO
Q96LI5,3NGQ
Q96LI5,5DV2
Q96LI5,5DV4
Q96LI5,7VOI
Q96LL9,2YUA
Q96LT4,8IJQ
Q96LT4,8IJR
Q96LT4,8W9W
Q96LT4,8W9Y
Q96LT7,6LT0
Q96LT7,6V4U
Q96LT7,7MGE
Q96LT7,7O2W
Q96LW4,5L2X
Q96LW4,5N85
Q96LW4,5N8A
Q96LW4,7JK1
Q96LW4,7JKL
Q96LW4,7JKP
Q96LW4,7JL8
Q96LW4,7JLG
Q96LW7,4DWN
Q96LW7,4FH0
Q96MG7,5HVQ
Q96MG7,5WY5
Q96MK3,5WRR
Q96MK3,5WRS
Q96MK3,5YH2
Q96MT8,7W91
Q96N21,5WF9
Q96N21,5WFB
Q96N66,8ERC
Q96NW7,6X5G
Q96NW7,7QQM
Q96NY8,4FRW
Q96NY8,4GJT
Q96NY8,4JJH
Q96NY9,2MC3
Q96NY9,6VWB
Q96NY9,7BU5
Q96NY9,7F6L
Q96P11,2B9E
Q96P20,2NAQ
Q96P20,3QF2
Q96P20,7ALV
Q96P20,7PZC
Q96P20,7PZD
Q96P20,7VTP
Q96P20,7ZGU
Q96P20,8ERT
Q96P20,8ETR
Q96P20,8RI2
Q96P20,8SWF
Q96P20,8SWK
Q96P20,8WSM
Q96P20,8ZEM
Q96P20,9DH3
Q96P20,9GU4
Q96P20,9HG4
Q96P20,9MGY
Q96P20,9MIE
Q96P20,9MIG
Q96P47,3IHW
Q96P70,6N1Z
Q96P70,8F7A
Q96PK6,2DNP
Q96PN6,4CLF
Q96PN6,4CLK
Q96PN6,4CLL
Q96PN6,4CLP
Q96PN6,4CLS
Q96PN6,4CLT
Q96PN6,4CLU
Q96PN6,4CLW
Q96PN6,4CLY
Q96PN6,4CLZ
Q96PN6,4CM0
Q96PN6,4CM2
Q96PN6,4OYA
Q96PN6,4OYB
Q96PN6,4OYI
Q96PN6,4OYM
Q96PN6,4OYO
Q96PN6,4OYP
Q96PN6,4OYW
Q96PN6,4OYX
Q96PN6,4OYZ
Q96PN6,4OZ2
Q96PN6,4OZ3
Q96PN6,4UST
Q96PN6,4USU
Q96PN6,4USV
Q96PN6,4USW
Q96PN6,5D0R
Q96PN6,5IV3
Q96PN6,5IV4
Q96PN6,7OVD
Q96PN6,8B75
Q96PN6,8CNH
Q96PN6,8CO7
Q96PN6,8COJ
Q96PN6,8COT
Q96PN6,8IL7
Q96PP8,7CKF
Q96PP8,7E59
Q96PP8,7E5A
Q96PQ0,1WGO
Q96PS8,6F7H
Q96PU5,2MPT
Q96PU5,2NSQ
Q96PU5,2ONI
Q96PU5,5HPK
Q96PU5,6ZBT
Q96PU5,6ZC9
Q96PU5,7LP1
Q96PU5,7LP2
Q96PU5,7LP3
Q96PU5,7LP4
Q96PU5,7LP5
Q96PU5,7NMZ
Q96PU5,9GIK
Q96PU5,9GIM
Q96PX8,4RCA
Q96PX8,4RCW
Q96PY6,4APC
Q96PY6,4B9D
Q96PZ2,8S9K
Q96PZ2,8S9L
Q96Q83,2IUW
Q96Q83,8JNK
Q96Q83,8JNR
Q96Q83,9NCZ
Q96QE5,5OL8
Q96QE5,5OL9
Q96QE5,5OLA
Q96QE5,8U8U
Q96QE5,8U8V
Q96QE5,9BDC
Q96QE5,9BDD
Q96QE5,9MNA
Q96QF0,6F6P
Q96QK1,2R17
Q96QK1,5F0K
Q96QK1,5OSH
Q96QK1,5OSI
Q96QK1,7BLN
Q96QK1,8R02
Q96QK1,8R0J
Q96QK1,8RKS
Q96QP1,5Z2C
Q96QP1,8ZD3
Q96QZ7,1WBP
Q96QZ7,2KPK
Q96QZ7,2KPL
Q96QZ7,2Q9V
Q96QZ7,2R4H
Q96QZ7,2YSD
Q96QZ7,2YSE
Q96QZ7,2ZAJ
Q96QZ7,3BPU
Q96QZ7,5N7D
Q96QZ7,5N7F
Q96QZ7,5N7G
Q96QZ7,6TWU
Q96QZ7,6TWX
Q96QZ7,6TWY
Q96QZ7,7P71
Q96RD7,6LTN
Q96RD7,6LTO
Q96RD7,6M02
Q96RD7,6M66
Q96RD7,6M67
Q96RD7,6M68
Q96RD7,6V6D
Q96RD7,6WBF
Q96RD7,6WBG
Q96RD7,6WBI
Q96RD7,6WBK
Q96RD7,6WBL
Q96RD7,6WBM
Q96RD7,6WBN
Q96RD7,7DWB
Q96RD7,7F8J
Q96RD7,7F8N
Q96RD7,7F8O
Q96RD7,7WSV
Q96RD7,8GTS
Q96RD7,8GTT
Q96RD7,8GYO
Q96RG2,1LL8
Q96RG2,3DLS
Q96RQ3,2EJM
Q96RQ3,8J4Z
Q96RQ3,8J78
Q96RQ3,8J7D
Q96RQ3,8J99
Q96RQ3,8JAK
Q96RQ3,8JAW
Q96RQ3,8JXL
Q96RQ3,8JXM
Q96RQ3,8JXN
Q96RQ3,8K2V
Q96RQ3,8XL6
Q96RQ3,8XL7
Q96RQ3,8XL8
Q96RR1,7T8B
Q96RR1,7T8C
Q96RR4,2ZV2
Q96RR4,5UY6
Q96RR4,5UYJ
Q96RR4,5VT1
Q96RR4,5YV8
Q96RR4,5YV9
Q96RR4,5YVA
Q96RR4,5YVB
Q96RR4,5YVC
Q96RR4,6BKU
Q96RR4,6BLE
Q96RR4,6BQL
Q96RR4,6BQP
Q96RR4,6BQQ
Q96RR4,6BRC
Q96RR4,6CMJ
Q96RR4,6FEL
Q96RR4,6Y3O
Q96RR4,6Y4K
Q96RR4,6Y6B
Q96RR4,6Y8A
Q96RR4,8TUC
Q96RS0,3EGI
Q96RS0,3GDH
Q96RT7,6V6C
Q96RT8,6V69
Q96RU2,2LVA
Q96RU2,2MUU
Q96RU2,6H4I
Q96RU2,6HEH
Q96RU2,6HEJ
Q96RU2,7TUO
Q96RU2,8HJE
Q96RU2,8P14
Q96RU2,8P19
Q96RU2,8P1P
Q96RU2,8P1Q
Q96RY7,8BBF
Q96S37,8WJG
Q96S37,8WJQ
Q96S37,9B1F
Q96S37,9B1G
Q96S37,9B1H
Q96S37,9B1I
Q96S37,9B1J
Q96S37,9B1K
Q96S37,9B1L
Q96S37,9B1M
Q96S37,9B1N
Q96S37,9B1O
Q96S37,9DK9
Q96S37,9DKA
Q96S37,9DKB
Q96S37,9DKC
Q96S37,9IRW
Q96S37,9IRX
Q96S37,9IRY
Q96S37,9JDV
Q96S37,9JDY
Q96S37,9JDZ
Q96S37,9JE0
Q96S37,9JE1
Q96S44,6WQX
Q96S44,7SZA
Q96S44,7SZB
Q96S44,7SZC
Q96S44,7SZD
Q96S55,3VHS
Q96S55,3VHT
Q96S59,5JI7
Q96S59,5JI9
Q96S59,5JIU
Q96S59,7NSC
Q96SB4,1WAK
Q96SB4,4WUA
Q96SB4,5MXX
Q96SB4,5MY8
Q96SB4,5NNG
Q96SB4,5XV7
Q96SB4,6FAD
Q96SB4,7DD1
Q96SB4,7PQS
Q96SB4,7ZKS
Q96SN8,6X0V
Q96SN8,9G40
Q96SW2,4M91
Q96SW2,4TZ4
Q96SW2,5FQD
Q96SW2,5HXB
Q96SW2,5V3O
Q96SW2,6BN7
Q96SW2,6BN8
Q96SW2,6BN9
Q96SW2,6BNB
Q96SW2,6BOY
Q96SW2,6H0F
Q96SW2,6H0G
Q96SW2,6UML
Q96SW2,6XK9
Q96SW2,7BQU
Q96SW2,7BQV
Q96SW2,7LPS
Q96SW2,7U8F
Q96SW2,8CVP
Q96SW2,8D7U
Q96SW2,8D7V
Q96SW2,8D7W
Q96SW2,8D7X
Q96SW2,8D7Y
Q96SW2,8D7Z
Q96SW2,8D80
Q96SW2,8D81
Q96SW2,8DEY
Q96SW2,8G66
Q96SW2,8OIZ
Q96SW2,8OJH
Q96SW2,8RQ1
Q96SW2,8RQ8
Q96SW2,8RQ9
Q96SW2,8RQA
Q96SW2,8RQC
Q96SW2,8TNP
Q96SW2,8TNQ
Q96SW2,8TNR
Q96SW2,8TZX
Q96SW2,8U15
Q96SW2,8U16
Q96SW2,8U17
Q96SW2,8UH6
Q96SW2,9CUO
Q96SW2,9D0W
Q96SW2,9D0X
Q96SW2,9DJT
Q96SW2,9DJX
Q96SW2,9DOM
Q96SW2,9DQD
Q96SW2,9FJX
Q96SW2,9GAO
Q96SW2,9ODR
Q96SW2,9ODS
Q96T37,7Z27
Q96TC7,7CC7
Q99036,1QNO
Q99036,1QNP
Q99036,1QNQ
Q99036,1QNR
Q99036,1QNS
Q99062,2D9Q
Q99176,2CAZ
Q99176,2F66
Q99220,2YMA
Q99220,6VK3
Q99250,2KAV
Q99250,4JPZ
Q99250,4RLY
Q99250,6BUT
Q99250,6J8E
Q99315,4OL8
Q99315,7Q5B
Q99321,7AUI
Q99321,7AUJ
Q99321,7AUK
Q99321,7AUL
Q99321,7AUM
Q99321,7AUN
Q99321,7AUO
Q99321,7AUP
Q99321,7AUQ
Q99321,7AUR
Q99321,7AUS
Q99321,7AUT
Q99321,7AUU
Q99325,7BRN
Q99383,2CJK
Q99383,2KM8
Q99385,4K1C
Q99418,1PBV
Q99418,1R8M
Q99418,1R8Q
Q99418,1R8S
Q99418,1S9D
Q99418,4JMI
Q99418,4JMO
Q99418,4JWL
Q99418,4JXH
Q99418,4L5M
Q99418,4Z21
Q99459,2DIM
Q99459,2DIN
Q99459,6FF4
Q99459,7AAV
Q99496,3GS2
Q99496,3H8H
Q99497,1J42
Q99497,1P5F
Q99497,1PDV
Q99497,1PDW
Q99497,1PE0
Q99497,1Q2U
Q99497,1SOA
Q99497,1UCF
Q99497,2OR3
Q99497,2R1T
Q99497,2R1U
Q99497,2R1V
Q99497,2RK3
Q99497,2RK4
Q99497,2RK6
Q99497,3B36
Q99497,3B38
Q99497,3B3A
Q99497,3BWE
Q99497,3CY6
Q99497,3CYF
Q99497,3CZ9
Q99497,3CZA
Q99497,3EZG
Q99497,3F71
Q99497,3SF8
Q99497,4BTE
Q99497,4MNT
Q99497,4MTC
Q99497,4N0M
Q99497,4N12
Q99497,4OGF
Q99497,4OQ4
Q99497,4P2G
Q99497,4P34
Q99497,4P35
Q99497,4P36
Q99497,4RKW
Q99497,4RKY
Q99497,4S0Z
Q99497,4ZGG
Q99497,5IP5
Q99497,5SY6
Q99497,5SY9
Q99497,5SYA
Q99497,6AF5
Q99497,6AF7
Q99497,6AF9
Q99497,6AFA
Q99497,6AFB
Q99497,6AFC
Q99497,6AFD
Q99497,6AFE
Q99497,6AFF
Q99497,6AFG
Q99497,6AFH
Q99497,6AFI
Q99497,6AFJ
Q99497,6AFL
Q99497,6E5Z
Q99497,6M8Z
Q99497,7C62
Q99497,7PA2
Q99497,7PA3
Q99497,8PPW
Q99497,8PQ0
Q99497,9CEI
Q99497,9CFI
Q99497,9CFM
Q99497,9CFO
Q99497,9CFQ
Q99497,9CFY
Q99497,9CFZ
Q99497,9CG0
Q99497,9CGA
Q99497,9CGB
Q99497,9CGD
Q99497,9CGE
Q99497,9CGF
Q99497,9CGG
Q99497,9CMX
Q99497,9CMY
Q99523,3F6K
Q99523,4MSL
Q99523,4N7E
Q99523,4PO7
Q99523,5MRH
Q99523,5MRI
Q99523,6EHO
Q99523,6X3L
Q99523,6X48
Q99523,6X4H
Q99523,8T8R
Q99523,8T8S
Q99527,8XOF
Q99527,8XOG
Q99527,8XOH
Q99527,8XOI
Q99527,8XOJ
Q99543,2M2E
Q99543,6CGH
Q99571,9BQH
Q99571,9BQI
Q99571,9C48
Q99574,3F02
Q99574,3F5N
Q99574,3FGQ
Q99593,2X6U
Q99593,2X6V
Q99593,4S0H
Q99593,5BQD
Q99619,6DN5
Q99619,6DN6
Q99619,6JKJ
Q99619,9RV5
Q99623,6IQE
Q99623,8J4I
Q99640,3P1A
Q99640,5VCV
Q99640,5VCW
Q99640,5VCX
Q99640,5VCY
Q99640,5VCZ
Q99640,5VD0
Q99640,5VD1
Q99640,5VD3
Q99640,8D6C
Q99640,8D6D
Q99640,8D6E
Q99640,8D6F
Q99640,8WJY
Q99640,8ZTX
Q99640,8ZU2
Q99640,8ZUD
Q99640,8ZUL
Q99640,9LGL
Q99640,9LGN
Q99640,9LGV
Q99640,9LID
Q99653,2E30
Q99653,7DSV
Q99653,7DSX
Q99661,2HEH
Q99661,4UBF
Q99661,4Y05
Q99661,5MIO
Q99678,8HS2
Q99683,2CLQ
Q99683,3VW6
Q99683,4BF2
Q99683,4BHN
Q99683,4BIB
Q99683,4BIC
Q99683,4BID
Q99683,4BIE
Q99683,5ULM
Q99683,5UOR
Q99683,5UOX
Q99683,5UP3
Q99683,5V19
Q99683,5V24
Q99683,5VIL
Q99683,5VIO
Q99683,6E2M
Q99683,6E2N
Q99683,6E2O
Q99683,6OYT
Q99683,6OYW
Q99683,6VRE
Q99683,6XIH
Q99683,7MU6
Q99683,7MU7
Q99683,8QGY
Q99706,3WYR
Q99714,1SO8
Q99714,1U7T
Q99714,2O23
Q99720,5HK1
Q99720,5HK2
Q99720,6DJZ
Q99720,6DK0
Q99720,6DK1
Q99726,8XN1
Q99726,9JJ1
Q99726,9JJ2
Q99729,3S7R
Q99735,6SSR
Q99735,6SSS
Q99735,6SSU
Q99735,6SSW
Q99741,8HT7
Q99741,8RWV
Q99758,7W01
Q99758,7W02
Q99807,7SSP
Q99807,7SSS
Q99816,1KPP
Q99816,1KPQ
Q99816,1M4P
Q99816,1M4Q
Q99816,2F0R
Q99816,3IV1
Q99816,3OBS
Q99816,3OBU
Q99816,3OBX
Q99816,3P9G
Q99816,3P9H
Q99816,4EJE
Q99816,4YC1
Q99816,4ZNY
Q99816,5VKG
Q99816,6UD0
Q99816,6VME
Q99816,7NLC
Q99816,7ZLX
Q99828,1DGU
Q99828,1DGV
Q99828,1XO5
Q99828,1Y1A
Q99828,2L4H
Q99828,2L4I
Q99828,2LM5
Q99828,6OCX
Q99828,6OD0
Q99835,4JKV
Q99835,4N4W
Q99835,4O9R
Q99835,4QIM
Q99835,4QIN
Q99835,5L7D
Q99835,5L7I
Q99835,5V56
Q99835,5V57
Q99835,7ZI0
Q99836,2JS7
Q99836,2Z5V
Q99836,3MOP
Q99836,4DOM
Q99836,4EO7
Q99836,6I3N
Q99836,7BEQ
Q99836,7BER
Q99836,7L6W
Q99836,8S78
Q99836,8W8M
Q99836,8YYM
Q99836,9HGH
Q99856,2KK0
Q99856,4LJX
Q99873,6NT2
Q99873,8Z2Z
Q99873,8Z7H
Q99873,8Z7O
Q99873,9BH4
Q99873,9BHD
Q99873,9BHG
Q99972,4WXQ
Q99972,4WXS
Q99972,4WXU
Q99972,6OU0
Q99972,6OU1
Q99972,6OU2
Q99972,6OU3
Q99972,6PKD
Q99972,6PKE
Q99972,6PKF
Q99972,7SIB
Q99972,7SIJ
Q99972,7SJT
Q99972,7SJU
Q99972,7SJV
Q99972,7SJW
Q99972,7SKD
Q99972,7SKE
Q99972,7SKF
Q99972,7SKG
Q99972,7T8D
Q99972,8FRR
Q99972,9DOZ
Q99986,2KTY
Q99986,2KUL
Q99986,2LAV
Q99986,2RSV
Q99986,3OP5
Q99986,5UKF
Q99986,5UVF
Q99986,6AC9
Q99986,6BP0
Q99986,6BRU
Q99986,6BTW
Q99986,6BU6
Q99986,6CFM
Q99986,6CMM
Q99986,6CNX
Q99986,6CQH
Q99986,6CSW
Q99986,6DD4
Q99986,6NPN
Q99986,6VXU
Q99986,6VZH
Q99986,7M10
Q99986,7TAN
Q99986,8F8Y
Q99986,8V42
Q99988,5VT2
Q99988,5VZ3
Q99J21,5WPQ
Q99J21,5WPT
Q99J21,5WPV
Q99J21,5YDZ
Q99J21,5YE1
Q99J21,5YE2
Q99J21,5YE5
Q99J21,7SQ6
Q99J21,7SQ7
Q99J21,7SQ8
Q99J21,7SQ9
Q99J21,9CBZ
Q99J21,9CC2
Q99J99,5WQJ
Q99J99,5WQK
Q99JB6,4I1L
Q99JB6,7TDW
Q99JB6,7TDX
Q99JB6,8SRO
Q99JB6,8SRP
Q99JB8,3M3W
Q99JB8,3QE6
Q99JB8,3SYV
Q99JF5,3F0N
Q99JL1,9IJX
Q99K23,3OQC
Q99K48,2CPJ
Q99K48,2RS8
Q99K90,3A9J
Q99K90,7E62
Q99KP6,8D5J
Q99KP6,8D5K
Q99KQ4,2GVL
Q99KQ4,2H3B
Q99KQ4,2H3D
Q99KQ4,7Q8T
Q99LE1,4KP3
Q99LG4,4ABN
Q99M71,6JLA
Q99M75,3KJ4
Q99MD6,2LV3
Q99MV1,4B9X
Q99N28,5ZO2
Q99NB8,2KNZ
Q99NH2,2KOJ
Q99P72,2KO2
Q99P86,1RH7
Q99P87,1RFX
Q99P87,1RGX
Q99PI8,5O0K
Q99PI8,5O0L
Q99PI8,5O0M
Q99PI8,5O0N
Q99PI8,5O0O
Q99PI8,5O0P
Q99PI8,5O0Q
Q99PI8,5O0R
Q99PJ1,4APX
Q99PJ1,4AQ8
Q99PJ1,4AQA
Q99PJ1,4AQE
Q99PJ1,4AXW
Q99PJ1,4XXW
Q99PJ1,5KJ4
Q99PJ1,5TPK
Q99PJ1,5W1D
Q99PJ1,6BWN
Q99PJ1,6BXU
Q99PJ1,6C10
Q99PJ1,6C13
Q99PJ1,6CV7
Q99PJ1,6EET
Q99PJ1,6N22
Q99PJ1,8TON
Q99PJ1,8UMZ
Q99PT1,4F38
Q99PT9,5GSY
Q99PT9,5GSZ
Q99PV3,4OYU
Q9BG98,8S3E
Q9BKB7,1J5J
Q9BKB7,1LGL
Q9BPX1,1YDE
Q9BPX1,5EN4
Q9BPX1,5HS6
Q9BPX1,5ICM
Q9BPX1,5ICS
Q9BPX1,5JS6
Q9BPX1,5JSF
Q9BPX1,5L7T
Q9BPX1,5L7W
Q9BPX1,5L7Y
Q9BPX1,5O42
Q9BPX1,5O43
Q9BPX1,5O6O
Q9BPX1,5O6X
Q9BPX1,5O6Z
Q9BPX1,5O72
Q9BPX1,5O7C
Q9BPX1,6EMM
Q9BPX1,6FFB
Q9BPX1,6G4L
Q9BPX1,6GBT
Q9BPX1,6GTB
Q9BPX1,6GTU
Q9BPX1,6H0M
Q9BPX1,6HNO
Q9BPX1,6QCK
Q9BPX1,6ZDE
Q9BPX1,6ZDI
Q9BPX1,6ZR6
Q9BPX1,6ZRA
Q9BPX1,6ZT2
Q9BPX6,4NSC
Q9BPX6,4NSD
Q9BPX6,6LB7
Q9BPX6,6LB8
Q9BPX6,6LE5
Q9BPX6,6XQN
Q9BPX6,6XQO
Q9BQ39,2E29
Q9BQ51,8J3V
Q9BQ52,8Z0P
Q9BQ52,8Z1F
Q9BQ52,8Z1G
Q9BQA9,8KEI
Q9BQB4,2K8P
Q9BQB6,6WV3
Q9BQB6,6WV4
Q9BQB6,6WV5
Q9BQB6,6WV6
Q9BQB6,6WV7
Q9BQB6,6WVH
Q9BQG2,6SCX
Q9BQI0,2JJZ
Q9BQI0,2VTG
Q9BQI6,8IR2
Q9BQI6,8IR4
Q9BQI6,8PEF
Q9BQQ3,6G8T
Q9BQQ3,6G8W
Q9BR39,7RXE
Q9BR39,7RXQ
Q9BR61,2COP
Q9BRA2,1WOU
Q9BRK3,6JO8
Q9BRQ8,8JSC
Q9BRQ8,8WIK
Q9BRQ8,8YO8
Q9BRQ8,8YOQ
Q9BRQ8,8YOX
Q9BRQ8,9M3M
Q9BRS2,4OTP
Q9BRS8,2MTF
Q9BRS8,2MTG
Q9BRS8,9NGX
Q9BRV8,6AKK
Q9BRV8,6AKL
Q9BRV8,6AKM
Q9BRZ2,5JW7
Q9BS26,2R2J
Q9BS26,5GU6
Q9BS26,5GU7
Q9BS26,5XWM
Q9BSA9,6W8N
Q9BSA9,6W8O
Q9BSA9,6W8P
Q9BSA9,6WC9
Q9BSA9,6WCA
Q9BSA9,6WCB
Q9BSA9,6WCC
Q9BSA9,7LF6
Q9BSA9,7UNL
Q9BSA9,7UNM
Q9BSA9,8DHM
Q9BSA9,8FY5
Q9BSA9,8FYF
Q9BSA9,8VIC
Q9BSA9,8VIE
Q9BSB4,4WZG
Q9BSL1,2DAI
Q9BSV6,6Z9U
Q9BSW2,6PSD
Q9BT17,7O9K
Q9BT17,7O9M
Q9BT17,7PD3
Q9BT17,8PK0
Q9BT17,8QSJ
Q9BT23,2LZU
Q9BT30,4QKB
Q9BT30,4QKD
Q9BT30,4QKF
Q9BT78,4D0P
Q9BTE1,5NW4
Q9BTU6,4HND
Q9BTU6,4HNE
Q9BTU6,4PLA
Q9BTU6,4YC4
Q9BTU6,5EUT
Q9BTU6,5I0N
Q9BU02,3BHD
Q9BU02,3TVL
Q9BUF7,5I7Z
Q9BUH6,3WTD
Q9BUH6,3WTF
Q9BUH6,4WJA
Q9BUH6,7ZWA
Q9BUH6,7ZYG
Q9BUH6,8ASC
Q9BUL5,6WXK
Q9BUN8,5GLF
Q9BUN8,7CZB
Q9BUN8,7Y4W
Q9BUN8,7Y53
Q9BUN8,7Y59
Q9BUP3,2BKA
Q9BUT1,2AG5
Q9BUZ4,2EOD
Q9BUZ4,2YUC
Q9BUZ4,3ZJB
Q9BUZ4,4K8U
Q9BUZ4,4M4E
Q9BUZ4,5YC1
Q9BV20,4LDQ
Q9BV20,4LDR
Q9BV57,4QGN
Q9BV57,7JXG
Q9BV68,2N9O
Q9BV79,1ZSY
Q9BV79,2VCY
Q9BV79,7AYB
Q9BV79,7AYC
Q9BVA1,6E7C
Q9BVA6,4U04
Q9BVA6,4U07
Q9BVA6,4U0S
Q9BVA6,4U0U
Q9BVA6,4U0Z
Q9BVA6,6I7G
Q9BVA6,6I7H
Q9BVA6,6I7I
Q9BVA6,6I7J
Q9BVA6,6I7K
Q9BVA6,6I7L
Q9BVA6,6ZMD
Q9BVA6,7B7Z
Q9BVA6,7B80
Q9BVG8,5WDE
Q9BVI4,7MQ8
Q9BVI4,7MQ9
Q9BVI4,7MQA
Q9BVK8,9C7U
Q9BVN2,4GIW
Q9BVS4,6FDM
Q9BVS4,6FDN
Q9BVS4,6FDO
Q9BVS4,6HK6
Q9BVS4,7VBT
Q9BVS4,9F81
Q9BW30,2JRF
Q9BW62,6B5C
Q9BWF2,4ZTD
Q9BWK5,6TYU
Q9BWS9,3BXW
Q9BWU0,4H87
Q9BWV1,3N1G
Q9BWV1,3N1M
Q9BWV1,3N1P
Q9BX59,5WER
Q9BX59,9C96
Q9BX63,3AL3
Q9BX70,3NO8
Q9BXA5,8JPP
Q9BXB1,4KT1
Q9BXB1,4QXE
Q9BXB1,4QXF
Q9BXB1,8WVU
Q9BXB1,8WVV
Q9BXB1,8WVW
Q9BXB1,8WVX
Q9BXB1,8WVY
Q9BXB1,8XFP
Q9BXB1,8XFS
Q9BXB1,8XFT
Q9BXB1,8XT9
Q9BXB1,8XUM
Q9BXB1,8Y69
Q9BXB1,9KGK
Q9BXB1,9KHH
Q9BXB1,9S37
Q9BXB1,9S38
Q9BXB1,9UOK
Q9BXJ7,6GJE
Q9BXL7,4JUP
Q9BXL7,4LWD
Q9BXM0,4CMZ
Q9BXW4,2NCN
Q9BXW4,3WAM
Q9BXW4,3WAP
Q9BXW4,5DPW
Q9BY32,2CAR
Q9BY32,2I5D
Q9BY32,2J4E
Q9BY32,4F95
Q9BY41,1T64
Q9BY41,1T67
Q9BY41,1T69
Q9BY41,1VKG
Q9BY41,1W22
Q9BY41,2V5W
Q9BY41,2V5X
Q9BY41,3EW8
Q9BY41,3EWF
Q9BY41,3EZP
Q9BY41,3EZT
Q9BY41,3F06
Q9BY41,3F07
Q9BY41,3F0R
Q9BY41,3MZ3
Q9BY41,3MZ4
Q9BY41,3MZ6
Q9BY41,3MZ7
Q9BY41,3RQD
Q9BY41,3SFF
Q9BY41,3SFH
Q9BY41,4QA0
Q9BY41,4QA1
Q9BY41,4QA2
Q9BY41,4QA3
Q9BY41,4QA4
Q9BY41,4QA5
Q9BY41,4QA6
Q9BY41,4QA7
Q9BY41,4RN0
Q9BY41,4RN1
Q9BY41,4RN2
Q9BY41,5BWZ
Q9BY41,5D1B
Q9BY41,5D1C
Q9BY41,5D1D
Q9BY41,5DC5
Q9BY41,5DC6
Q9BY41,5DC7
Q9BY41,5DC8
Q9BY41,5FCW
Q9BY41,5THS
Q9BY41,5THT
Q9BY41,5THU
Q9BY41,5THV
Q9BY41,5VI6
Q9BY41,6HSK
Q9BY41,6ODA
Q9BY41,6ODB
Q9BY41,6ODC
Q9BY41,7JVU
Q9BY41,7JVV
Q9BY41,7JVW
Q9BY67,4H5S
Q9BY76,6EUB
Q9BY76,6U0A
Q9BY76,6U1U
Q9BY76,6U73
Q9BYB0,6CPK
Q9BYE9,5CZR
Q9BYE9,7N86
Q9BYF1,1R42
Q9BYF1,1R4L
Q9BYF1,2AJF
Q9BYF1,3D0G
Q9BYF1,3D0H
Q9BYF1,3D0I
Q9BYF1,3KBH
Q9BYF1,3SCI
Q9BYF1,3SCJ
Q9BYF1,3SCK
Q9BYF1,3SCL
Q9BYF1,6ACG
Q9BYF1,6ACJ
Q9BYF1,6ACK
Q9BYF1,6CS2
Q9BYF1,6LZG
Q9BYF1,6M0J
Q9BYF1,6VW1
Q9BYF1,7A91
Q9BYF1,7A92
Q9BYF1,7A94
Q9BYF1,7A95
Q9BYF1,7A96
Q9BYF1,7A97
Q9BYF1,7A98
Q9BYF1,7BH9
Q9BYF1,7CT5
Q9BYF1,7DDO
Q9BYF1,7DDP
Q9BYF1,7DF4
Q9BYF1,7DMU
Q9BYF1,7DQA
Q9BYF1,7DRV
Q9BYF1,7DX4
Q9BYF1,7DX5
Q9BYF1,7DX6
Q9BYF1,7DX7
Q9BYF1,7DX8
Q9BYF1,7DX9
Q9BYF1,7E7E
Q9BYF1,7EDJ
Q9BYF1,7EFP
Q9BYF1,7EFR
Q9BYF1,7EKC
Q9BYF1,7EKE
Q9BYF1,7EKF
Q9BYF1,7EKG
Q9BYF1,7EKH
Q9BYF1,7FDG
Q9BYF1,7FDH
Q9BYF1,7FDI
Q9BYF1,7FEM
Q9BYF1,7JVO
Q9BYF1,7KJ2
Q9BYF1,7KJ3
Q9BYF1,7KJ4
Q9BYF1,7KMB
Q9BYF1,7KMS
Q9BYF1,7KMZ
Q9BYF1,7KNB
Q9BYF1,7KNE
Q9BYF1,7KNH
Q9BYF1,7KNI
Q9BYF1,7L0N
Q9BYF1,7L7F
Q9BYF1,7LO4
Q9BYF1,7MJM
Q9BYF1,7MJN
Q9BYF1,7NXC
Q9BYF1,7P19
Q9BYF1,7P55
Q9BYF1,7P8I
Q9BYF1,7P8J
Q9BYF1,7PKI
Q9BYF1,7R0Z
Q9BYF1,7R10
Q9BYF1,7R11
Q9BYF1,7R12
Q9BYF1,7R1A
Q9BYF1,7RPV
Q9BYF1,7SN0
Q9BYF1,7SXX
Q9BYF1,7SXY
Q9BYF1,7SXZ
Q9BYF1,7SY0
Q9BYF1,7SY1
Q9BYF1,7SY2
Q9BYF1,7SY3
Q9BYF1,7SY4
Q9BYF1,7SY5
Q9BYF1,7SY6
Q9BYF1,7SY7
Q9BYF1,7SY8
Q9BYF1,7T9K
Q9BYF1,7T9L
Q9BYF1,7TEW
Q9BYF1,7TEX
Q9BYF1,7TEZ
Q9BYF1,7TF0
Q9BYF1,7TN0
Q9BYF1,7U0N
Q9BYF1,7UFK
Q9BYF1,7UFL
Q9BYF1,7V7Z
Q9BYF1,7V80
Q9BYF1,7V81
Q9BYF1,7V82
Q9BYF1,7V83
Q9BYF1,7V84
Q9BYF1,7V85
Q9BYF1,7V86
Q9BYF1,7V87
Q9BYF1,7V88
Q9BYF1,7V89
Q9BYF1,7V8A
Q9BYF1,7V8B
Q9BYF1,7VIB
Q9BYF1,7VX4
Q9BYF1,7VX5
Q9BYF1,7VX9
Q9BYF1,7VXA
Q9BYF1,7VXB
Q9BYF1,7VXC
Q9BYF1,7VXD
Q9BYF1,7VXF
Q9BYF1,7VXK
Q9BYF1,7VXM
Q9BYF1,7W98
Q9BYF1,7W99
Q9BYF1,7W9B
Q9BYF1,7W9C
Q9BYF1,7W9I
Q9BYF1,7WBL
Q9BYF1,7WBP
Q9BYF1,7WBQ
Q9BYF1,7WGB
Q9BYF1,7WGC
Q9BYF1,7WHH
Q9BYF1,7WK4
Q9BYF1,7WK5
Q9BYF1,7WK6
Q9BYF1,7WNM
Q9BYF1,7WPA
Q9BYF1,7WPB
Q9BYF1,7WPC
Q9BYF1,7WS8
Q9BYF1,7WS9
Q9BYF1,7WSA
Q9BYF1,7WVP
Q9BYF1,7WVQ
Q9BYF1,7XAZ
Q9BYF1,7XB0
Q9BYF1,7XB1
Q9BYF1,7XBF
Q9BYF1,7XBG
Q9BYF1,7XBH
Q9BYF1,7XCH
Q9BYF1,7XCI
Q9BYF1,7XCP
Q9BYF1,7XID
Q9BYF1,7XO7
Q9BYF1,7XO8
Q9BYF1,7XO9
Q9BYF1,7XWA
Q9BYF1,7Y1Y
Q9BYF1,7Y1Z
Q9BYF1,7Y20
Q9BYF1,7Y21
Q9BYF1,7Y75
Q9BYF1,7Y76
Q9BYF1,7Y9Z
Q9BYF1,7YA0
Q9BYF1,7YA1
Q9BYF1,7YDI
Q9BYF1,7YEG
Q9BYF1,7YHW
Q9BYF1,7YJ3
Q9BYF1,7YR2
Q9BYF1,7YR3
Q9BYF1,7YR4
Q9BYF1,7ZDQ
Q9BYF1,7ZF7
Q9BYF1,8AQS
Q9BYF1,8ASY
Q9BYF1,8B9P
Q9BYF1,8BFW
Q9BYF1,8BN1
Q9BYF1,8BYJ
Q9BYF1,8DF5
Q9BYF1,8DLJ
Q9BYF1,8DLK
Q9BYF1,8DLM
Q9BYF1,8DLN
Q9BYF1,8DLP
Q9BYF1,8DLQ
Q9BYF1,8DLU
Q9BYF1,8DLV
Q9BYF1,8DM5
Q9BYF1,8DM6
Q9BYF1,8DV1
Q9BYF1,8DV2
Q9BYF1,8E7M
Q9BYF1,8FXB
Q9BYF1,8FXC
Q9BYF1,8H06
Q9BYF1,8H5C
Q9BYF1,8HRK
Q9BYF1,8HRL
Q9BYF1,8HRN
Q9BYF1,8HRU
Q9BYF1,8I91
Q9BYF1,8I9B
Q9BYF1,8I9C
Q9BYF1,8I9D
Q9BYF1,8I9E
Q9BYF1,8I9F
Q9BYF1,8I9G
Q9BYF1,8I9H
Q9BYF1,8IF2
Q9BYF1,8IOU
Q9BYF1,8IOV
Q9BYF1,8JJE
Q9BYF1,8JWH
Q9BYF1,8JYN
Q9BYF1,8JYO
Q9BYF1,8JYP
Q9BYF1,8P2W
Q9BYF1,8P2X
Q9BYF1,8P2Y
Q9BYF1,8P2Z
Q9BYF1,8P30
Q9BYF1,8P31
Q9BYF1,8QSQ
Q9BYF1,8S9G
Q9BYF1,8SPH
Q9BYF1,8SPI
Q9BYF1,8TOQ
Q9BYF1,8TOR
Q9BYF1,8TOS
Q9BYF1,8TOT
Q9BYF1,8TOU
Q9BYF1,8VKO
Q9BYF1,8VKP
Q9BYF1,8VQR
Q9BYF1,8WDR
Q9BYF1,8WDS
Q9BYF1,8WDY
Q9BYF1,8WDZ
Q9BYF1,8WE0
Q9BYF1,8WE1
Q9BYF1,8WE4
Q9BYF1,8WGV
Q9BYF1,8WGW
Q9BYF1,8WHS
Q9BYF1,8WHU
Q9BYF1,8WHZ
Q9BYF1,8WLZ
Q9BYF1,8WM3
Q9BYF1,8WP8
Q9BYF1,8WRH
Q9BYF1,8WRL
Q9BYF1,8WRM
Q9BYF1,8WRO
Q9BYF1,8WSR
Q9BYF1,8WTD
Q9BYF1,8WTJ
Q9BYF1,8WYH
Q9BYF1,8XAL
Q9BYF1,8XLM
Q9BYF1,8XLN
Q9BYF1,8XN2
Q9BYF1,8XN3
Q9BYF1,8XN5
Q9BYF1,8XNF
Q9BYF1,8XNK
Q9BYF1,8XSF
Q9BYF1,8XSJ
Q9BYF1,8XUY
Q9BYF1,8XUZ
Q9BYF1,8XV0
Q9BYF1,8XV1
Q9BYF1,8XVM
Q9BYF1,8XXW
Q9BYF1,8XY9
Q9BYF1,8XYE
Q9BYF1,8XYG
Q9BYF1,8XYO
Q9BYF1,8Y16
Q9BYF1,8Y18
Q9BYF1,8Y6A
Q9BYF1,8YZB
Q9BYF1,8YZC
Q9BYF1,8YZD
Q9BYF1,8YZE
Q9BYF1,8YZJ
Q9BYF1,8Z3W
Q9BYF1,8Z4X
Q9BYF1,8Z64
Q9BYF1,8Z6A
Q9BYF1,8Z7B
Q9BYF1,8Z7P
Q9BYF1,8ZBQ
Q9BYF1,9ELE
Q9BYF1,9ELF
Q9BYF1,9FMM
Q9BYF1,9IU1
Q9BYF1,9IUP
Q9BYF1,9IUQ
Q9BYF1,9IUU
Q9BYF1,9JJ6
Q9BYJ4,2EGP
Q9BYJ9,4RCI
Q9BYJ9,4RCJ
Q9BYJ9,7PCU
Q9BYJ9,7QKN
Q9BYJ9,7QL7
Q9BYJ9,7YYE
Q9BYJ9,7YYF
Q9BYJ9,7YYJ
Q9BYJ9,7YZ8
Q9BYJ9,8BS4
Q9BYN0,1XW3
Q9BYN0,1XW4
Q9BYN0,1YZS
Q9BYN0,2B6F
Q9BYN0,3CYI
Q9BYP7,5NKP
Q9BYP7,5O1V
Q9BYP7,5O21
Q9BYP7,5O23
Q9BYP7,5O26
Q9BYP7,5O2B
Q9BYP7,5O2C
Q9BYP7,8EDH
Q9BYP7,9D7Q
Q9BYV9,3OHU
Q9BYV9,3OHV
Q9BYX2,2DHK
Q9BYX4,2RQB
Q9BYX4,3B6E
Q9BYX4,3GA3
Q9BYX4,4GL2
Q9BYX4,7JL0
Q9BYX4,7JL2
Q9BYZ8,2KV3
Q9BZ23,5E26
Q9BZB8,2M13
Q9BZB8,2MKE
Q9BZB8,2MKH
Q9BZB8,2MKK
Q9BZC1,2DGP
Q9BZC1,2DNK
Q9BZE9,5IFS
Q9BZE9,5IFW
Q9BZE9,7OAT
Q9BZF1,1V88
Q9BZF1,5U77
Q9BZF1,5U78
Q9BZF1,8P7A
Q9BZH6,8XFB
Q9BZH6,8Z9M
Q9BZI7,1UW4
Q9BZI7,7NWU
Q9BZJ8,8KGK
Q9BZJ8,8TB0
Q9BZJ8,8TB7
Q9BZL1,1P0R
Q9BZL1,4PYU
Q9BZL1,7ABF
Q9BZL1,8Q7N
Q9BZL6,2COA
Q9BZR6,1OZN
Q9BZR6,1P8T
Q9BZS1,3QRF
Q9BZS1,4WK8
Q9BZV1,6SAP
Q9BZV1,8FCL
Q9BZV1,8FCM
Q9BZV1,8FCN
Q9BZV1,8FCO
Q9BZV1,8FCP
Q9BZV1,8FCQ
Q9BZV1,8FCR
Q9BZV1,8FCT
Q9BZY9,2YSJ
Q9BZY9,2YSL
Q9BZZ5,3U0R
Q9BZZ5,3V6A
Q9BZZ5,6L4O
Q9C000,1PN5
Q9C000,3KAT
Q9C000,4IFP
Q9C000,4IM6
Q9C000,5Y3S
Q9C000,6K7V
Q9C000,6XKK
Q9C000,7WGE
Q9C000,8ZGD
Q9C004,3BUN
Q9C026,2DB8
Q9C026,7B2S
Q9C035,2ECV
Q9C035,2YRG
Q9C086,9GF6
Q9C086,9GFM
Q9C0B1,3LFM
Q9C0B1,4CXW
Q9C0B1,4CXX
Q9C0B1,4CXY
Q9C0B1,4IDZ
Q9C0B1,4IE0
Q9C0B1,4IE4
Q9C0B1,4IE5
Q9C0B1,4IE6
Q9C0B1,4IE7
Q9C0B1,4QHO
Q9C0B1,4QKN
Q9C0B1,4ZS2
Q9C0B1,4ZS3
Q9C0B1,5DAB
Q9C0B1,5F8P
Q9C0B1,5ZMD
Q9C0B1,6AEJ
Q9C0B1,6AK4
Q9C0B1,6AKW
Q9C0B1,7CKK
Q9C0B1,7E8Z
Q9C0B1,7WCV
Q9C0B1,8IT9
Q9C0B1,9KNH
Q9C0B1,9KNI
Q9C0B1,9OHS
Q9C0F1,7PT5
Q9C0H2,7P5C
Q9C0H2,9QNR
Q9C0Z9,3AYH
Q9C168,1SY7
Q9C552,5WZG
Q9C552,5WZH
Q9C552,5WZI
Q9C552,5WZJ
Q9C552,5WZK
Q9C5D0,3SL7
Q9C5D0,4GQY
Q9C5U0,3T4J
Q9C5U0,3T4K
Q9C5U0,3T4L
Q9C5U0,3T4O
Q9C5U0,3T4Q
Q9C5U0,3T4S
Q9C5U0,3T4T
Q9C5U0,7P8C
Q9C5U0,7P8D
Q9C6B3,7AQQ
Q9C6B3,8BEF
Q9C6B8,7Y9T
Q9C6B8,7Y9U
Q9C6B8,7Y9V
Q9C6B8,8JH5
Q9C8E7,6R85
Q9C8E7,6R88
Q9C8E7,6R89
Q9C8E7,6R8A
Q9C8L2,4DOL
Q9C9B9,7Z66
Q9C9B9,7Z67
Q9C9C9,5MEK
Q9C9C9,5MEX
Q9C9D0,8K9Y
Q9C9Q4,3AG7
Q9CA40,5GP0
Q9CA40,5WWD
Q9CA40,5WY6
Q9CA40,6DBY
Q9CA40,6DBZ
Q9CA40,6FL4
Q9CA59,5DAY
Q9CA59,7BP6
Q9CA59,7C7X
Q9CAC5,7WFG
Q9CAJ0,3KB3
Q9CAJ0,3NMT
Q9CAJ0,3RT0
Q9CAJ0,3UJG
Q9CAJ0,4DS8
Q9CAJ0,4LA7
Q9CAJ0,4LG5
Q9CAJ0,4LGA
Q9CAJ0,4LGB
Q9CAJ0,5JO1
Q9CAJ0,5JO2
Q9CAJ0,5MN0
Q9CAJ0,5VR7
Q9CAJ0,5VRO
Q9CAJ0,5VS5
Q9CAJ0,5VSQ
Q9CAJ0,5VSR
Q9CAJ0,5VT7
Q9CAJ0,6ZUC
Q9CAJ0,7AVW
Q9CAJ0,7MWN
Q9CAJ0,8AY3
Q9CAJ0,8AY6
Q9CAJ0,8AY7
Q9CAJ0,8AY8
Q9CAJ0,8AY9
Q9CAJ0,8AYA
Q9CAJ0,9H0H
Q9CAJ0,9H0I
Q9CAJ0,9H0J
Q9CPN8,7VKL
Q9CPN8,7VSJ
Q9CPN8,7YEW
Q9CPN8,7YEX
Q9CPN8,7YEY
Q9CQJ4,2CKL
Q9CQM9,1WIK
Q9CQP2,1H3Q
Q9CQP2,2J3W
Q9CQP8,7EEB
Q9CQR4,2CY9
Q9CQT7,2WP7
Q9CQV6,5WRD
Q9CQV6,5YIQ
Q9CQV6,5YIS
Q9CS84,3BOD
Q9CS84,3MW2
Q9CS84,6PNP
Q9CS84,6PNQ
Q9CVB6,7AQK
Q9CW46,1WI6
Q9CW46,3ZZY
Q9CW46,3ZZZ
Q9CWE6,8H93
Q9CWE6,8H94
Q9CWE6,8H95
Q9CWE6,8H96
Q9CWE6,8XI3
Q9CWU5,3V69
Q9CXB8,9J4P
Q9CXI5,2RQY
Q9CXI5,6H9U
Q9CXI5,6HA7
Q9CXW3,1YSM
Q9CXW3,2JTT
Q9CYN9,9BRY
Q9CZG9,1WI2
Q9CZW6,1UJR
Q9CZW6,2RSF
Q9D0M5,1RE6
Q9D1E6,1V6E
Q9D1E6,1WHG
Q9D1N4,8T03
Q9D1N4,8T04
Q9D1N4,8T06
Q9D1N4,8T07
Q9D2Y4,4BTF
Q9D2Y4,4M68
Q9D2Y4,4M69
Q9D394,2CXF
Q9D394,2CXL
Q9D394,2DWG
Q9D394,2DWK
Q9D415,7YKH
Q9D415,7YKI
Q9D4G2,7Z8Z
Q9D5T0,8VXT
Q9D666,5YWZ
Q9D6K9,2CQX
Q9D6K9,5E8N
Q9D6K9,5E8O
Q9D6K9,5E8P
Q9D8B7,5GMI
Q9D8T2,6AO3
Q9D8T2,6N9N
Q9D8T2,6VIE
Q9D8V0,1INQ
Q9D8V0,1JUF
Q9D9D8,8I7O
Q9D9D8,8I7R
Q9D9D8,8IYJ
Q9D9J7,5B5K
Q9D9J7,9MYL
Q9D9J7,9MYM
Q9DA75,7N98
Q9DAM9,1WFU
Q9DAN6,6X46
Q9DBD0,3MC2
Q9DBG9,3DIW
Q9DBG9,3DJ1
Q9DBG9,3DJ3
Q9DBL9,5A4H
Q9DBV4,6JO7
Q9DBV4,6NK3
Q9DBV4,6NK6
Q9DBV4,6NK7
Q9DBV4,8EWF
Q9DBV4,8SQN
Q9DBY8,2RRE
Q9DC04,1WHD
Q9DC23,3APO
Q9DC23,3APQ
Q9DC23,3APS
Q9DC23,5AYK
Q9DC23,5AYL
Q9DC28,4JJR
Q9DC28,5X17
Q9DC37,8R8Q
Q9DCD6,5YIR
Q9DCD6,6A9X
Q9DCR4,4NUF
Q9EP80,2LUI
Q9EP80,2PKU
Q9EP80,3HPK
Q9EP80,3HPM
Q9EPB4,2N1F
Q9EPK5,5GN0
Q9EPK8,8J1B
Q9EPK8,8J1D
Q9EPK8,8J1F
Q9EPK8,8J1H
Q9EPK8,8JKM
Q9EPL2,6F9I
Q9EPR5,6FFY
Q9EPR5,6FG9
Q9EPW9,3A79
Q9EQD0,8S7C
Q9EQD0,9EQ6
Q9EQF4,5EJN
Q9EQF4,5JYJ
Q9EQJ0,6C96
Q9EQJ0,6C9A
Q9EQP2,5MTV
Q9EQP2,5MVF
Q9EQP2,7SOX
Q9EQU3,3WPF
Q9EQU3,3WPG
Q9EQU3,3WPH
Q9EQU3,3WPI
Q9EQU3,4QDH
Q9EQU3,5ZLN
Q9EQW7,5DJO
Q9EQX0,2JSH
Q9EQX0,2JSI
Q9EQX0,2JSJ
Q9EQY0,4PL3
Q9EQY0,4PL4
Q9EQY0,4PL5
Q9EQZ5,1V3T
Q9EQZ5,1V3U
Q9EQZ5,1V3V
Q9EQZ5,2DM6
Q9ER30,2WOZ
Q9ER97,1Q1F
Q9ER97,1W92
Q9ER97,2VRY
Q9ER97,3GK9
Q9ER97,3GKT
Q9ER97,3GLN
Q9ER97,4MU5
Q9ER97,4NZI
Q9ER97,4O1T
Q9ER97,4O2G
Q9ER97,4O35
Q9ER97,4O4T
Q9ER97,4O4Z
Q9ER97,5EET
Q9ER97,5EOH
Q9ER97,5EQM
Q9ER97,5EU2
Q9ER97,5EV5
Q9ER97,5EYJ
Q9ER97,5EYS
Q9ER97,5F0B
Q9ER97,5F2A
Q9ER97,5MJC
Q9ER97,5MJD
Q9ER97,5NVI
Q9ER97,5NW6
Q9ER97,5O17
Q9ER97,5O18
Q9ER97,5O1K
Q9ER97,5O27
Q9ER97,6EYE
Q9ER97,6H5Z
Q9ER97,6H6C
Q9ER97,6H6I
Q9ER97,6H6J
Q9ER97,6I3T
Q9ER97,6I40
Q9ER97,6R1Q
Q9ER97,6RA6
Q9ER97,7OHD
Q9ERS2,6G2J
Q9ERS2,6G72
Q9ERS2,6ZR2
Q9ERS2,6ZTQ
Q9ERS2,7AK5
Q9ERS2,7AK6
Q9ERS2,7B93
Q9ERS2,7PSA
Q9ERS2,8C2S
Q9ERS2,8CA3
Q9ERS2,8CA5
Q9ERS2,8IAP
Q9ERS2,8IB5
Q9ERS2,8IBA
Q9ERS2,8IBE
Q9ERS2,8IC3
Q9ERS2,8OLT
Q9ERS2,8OM1
Q9ERS2,8RGP
Q9ERS2,8RGQ
Q9ERS2,8RGR
Q9ERS2,8RGT
Q9ERS2,8XNL
Q9ERS2,8XNM
Q9ERS2,8XNN
Q9ERS2,8XNO
Q9ERS2,8XNP
Q9ERS2,8XNQ
Q9ERS2,8XNR
Q9ERS2,8XNS
Q9ERS2,8XNT
Q9ERS2,8XNU
Q9ERS2,8XNV
Q9ERS2,8XNW
Q9ERS2,8XNX
Q9ERS2,8XNY
Q9ERS2,8XNZ
Q9ERS2,8XO0
Q9ERS5,1V5P
Q9ES00,2KR4
Q9ES52,6DLG
Q9ES54,1NJ3
Q9ES64,1V6B
Q9ESN4,4QQH
Q9ESN4,4QQL
Q9ESN4,4QQO
Q9ESN4,4QQP
Q9ESN4,5YBZ
Q9ESN4,8VWY
Q9ESN9,6EJN
Q9ESY9,6NWX
Q9ET38,3X29
Q9ET54,2LQR
Q9FFA7,8GQE
Q9FGT8,8WB2
Q9FHD7,4I92
Q9FHD7,4I93
Q9FHD7,4I94
Q9FHN8,3H4S
Q9FHN8,4FRZ
Q9FI46,6LIX
Q9FI46,6LIY
Q9FI56,5GUI
Q9FIC3,2MM9
Q9FIC3,2MMA
Q9FIC3,4PUH
Q9FIG9,5D9R
Q9FIG9,5GTB
Q9FIG9,5HAD
Q9FII5,5GIJ
Q9FII5,5GQR
Q9FII5,5GR9
Q9FII5,5JFI
Q9FII5,5JFK
Q9FJW4,7A24
Q9FJW4,7AQR
Q9FJW4,8BED
Q9FKT1,6A5D
Q9FL28,4MNA
Q9FLB1,4JDL
Q9FLP6,8OI3
Q9FMD5,2LNM
Q9FME4,6XYW
Q9FN03,4D9S
Q9FN03,4DNU
Q9FN03,4DNV
Q9FN03,4DNW
Q9FN03,4NAA
Q9FN03,4NBM
Q9FN03,4NC4
Q9FN03,6DD7
Q9FN03,6XZL
Q9FN03,6XZM
Q9FN03,6XZN
Q9FVE6,7VRR
Q9FWR4,5EL8
Q9FWR4,5ELA
Q9FWR4,5ELG
Q9FYE1,8A53
Q9FYE1,9N3D
Q9FYE1,9N3E
Q9FYE1,9N3F
Q9GNK5,1Z6I
Q9GNK5,2F2L
Q9GRC4,6LEK
Q9GRW0,2B9L
Q9GS23,6F5D
Q9GS23,8AP6
Q9GS23,8APA
Q9GS23,8APB
Q9GS23,8APC
Q9GS23,8APD
Q9GS23,8APE
Q9GS23,8APF
Q9GS23,8APG
Q9GS23,8APH
Q9GS23,8APJ
Q9GS23,8APK
Q9GT24,4NKB
Q9GV41,1VBJ
Q9GYW4,4LNV
Q9GZC8,8HIP
Q9GZC8,8HKE
Q9GZC8,8XBS
Q9GZC8,8XC1
Q9GZL7,6N31
Q9GZL7,6P0Q
Q9GZN1,6IGM
Q9GZN1,9CA7
Q9GZN1,9CA8
Q9GZN1,9CA9
Q9GZN1,9CAA
Q9GZN1,9CAB
Q9GZQ8,1V49
Q9GZQ8,2LUE
Q9GZQ8,2ZJD
Q9GZQ8,3VTU
Q9GZQ8,3VTV
Q9GZQ8,3VTW
Q9GZQ8,3WAO
Q9GZQ8,3X0W
Q9GZQ8,4WAA
Q9GZQ8,5D94
Q9GZQ8,5DCN
Q9GZQ8,5MS2
Q9GZQ8,5MS5
Q9GZQ8,5MS6
Q9GZQ8,5V4K
Q9GZQ8,5W9A
Q9GZQ8,5XAC
Q9GZQ8,5XAD
Q9GZQ8,5XAE
Q9GZQ8,6J04
Q9GZQ8,6LAN
Q9GZQ8,7ELG
Q9GZQ8,7GA8
Q9GZQ8,7GA9
Q9GZQ8,7GAA
Q9GZQ8,7GAB
Q9GZQ8,7GAC
Q9GZQ8,7GAD
Q9GZQ8,7GAE
Q9GZQ8,7GAF
Q9GZQ8,7GAG
Q9GZQ8,7GAH
Q9GZQ8,7GAI
Q9GZQ8,7GAJ
Q9GZQ8,7GAK
Q9GZQ8,7GAL
Q9GZQ8,7GAM
Q9GZQ8,7GAN
Q9GZQ8,7GAO
Q9GZQ8,7GAP
Q9GZQ8,7GAQ
Q9GZQ8,7GAR
Q9GZQ8,7GAS
Q9GZQ8,7GAU
Q9GZQ8,8Q53
Q9GZQ8,8Q7K
Q9GZQ8,8YV6
Q9GZS3,3OW8
Q9GZS3,6GMH
Q9GZS3,6TED
Q9GZS3,7UNC
Q9GZS3,7UND
Q9GZS3,8A3Y
Q9GZS3,9EGX
Q9GZS3,9EGY
Q9GZS3,9EGZ
Q9GZS3,9EH0
Q9GZS3,9EH1
Q9GZS3,9EH2
Q9GZS3,9HVQ
Q9GZS3,9RTT
Q9GZT6,6H9M
Q9GZT9,2G19
Q9GZT9,2G1M
Q9GZT9,2HBT
Q9GZT9,2HBU
Q9GZT9,2Y33
Q9GZT9,2Y34
Q9GZT9,3OUH
Q9GZT9,3OUI
Q9GZT9,3OUJ
Q9GZT9,4BQW
Q9GZT9,4BQX
Q9GZT9,4BQY
Q9GZT9,4JZR
Q9GZT9,4KBZ
Q9GZT9,4UWD
Q9GZT9,5A3U
Q9GZT9,5L9R
Q9GZT9,5LAT
Q9GZT9,5LB6
Q9GZT9,5LBB
Q9GZT9,5LBC
Q9GZT9,5LBE
Q9GZT9,5LBF
Q9GZT9,5OX5
Q9GZT9,5OX6
Q9GZT9,5V18
Q9GZT9,6NMQ
Q9GZT9,6QGV
Q9GZT9,6ST3
Q9GZT9,6YVT
Q9GZT9,6YVW
Q9GZT9,6YVX
Q9GZT9,6YVZ
Q9GZT9,6YW0
Q9GZT9,6YW1
Q9GZT9,6YW2
Q9GZT9,6YW4
Q9GZT9,6ZBN
Q9GZT9,6ZBO
Q9GZT9,7Q5V
Q9GZT9,7Q5X
Q9GZT9,7UJV
Q9GZT9,7UMP
Q9GZT9,8J1K
Q9GZT9,8Q5S
Q9GZT9,8Q64
Q9GZT9,8Q6D
Q9GZT9,8Q6E
Q9GZT9,8RUT
Q9GZT9,8RUV
Q9GZT9,8RUZ
Q9GZT9,8RV1
Q9GZT9,8Y0V
Q9GZT9,8Z31
Q9GZT9,8Z32
Q9GZT9,8Z33
Q9GZT9,8Z35
Q9GZU1,5TJA
Q9GZU1,5TJB
Q9GZU1,5TJC
Q9GZU1,5WJ5
Q9GZU1,5WJ9
Q9GZU1,6E7P
Q9GZU1,6E7Y
Q9GZU1,6E7Z
Q9GZU1,7MGL
Q9GZU1,9HJ6
Q9GZU1,9HJ8
Q9GZU1,9HL3
Q9GZU1,9HL4
Q9GZU1,9HL6
Q9GZU1,9HL8
Q9GZU1,9HLA
Q9GZU1,9HLB
Q9GZU1,9HLC
Q9GZU1,9HLD
Q9GZV3,8J74
Q9GZV3,8J75
Q9GZV3,8J76
Q9GZV3,8J77
Q9GZV3,8ZQO
Q9GZV3,8ZQP
Q9GZV3,8ZQQ
Q9GZV3,8ZQR
Q9GZV3,9BFI
Q9GZV3,9BFJ
Q9GZV3,9BFK
Q9GZV3,9BIM
Q9GZV5,5N5R
Q9GZV5,5N5T
Q9GZV5,5N5W
Q9GZV5,5N75
Q9GZV5,6RHC
Q9GZV5,6RJL
Q9GZV5,6RJQ
Q9GZV5,6RP6
Q9GZV5,6SLW
Q9GZV5,6SLX
Q9GZV5,8R0Z
Q9GZV9,2P39
Q9GZV9,6S22
Q9GZX7,5JJ4
Q9GZX7,5W0R
Q9GZX7,5W0U
Q9GZX7,5W0Z
Q9GZX7,5W1C
Q9GZY6,3MAZ
Q9GZZ1,2OB0
Q9GZZ1,2PSW
Q9GZZ1,3TFY
Q9GZZ1,4X5K
Q9GZZ1,6WF3
Q9GZZ1,6WF5
Q9GZZ1,6WFG
Q9GZZ1,6WFK
Q9GZZ1,6WFN
Q9GZZ1,6WFO
Q9GZZ9,3GUC
Q9GZZ9,3H8V
Q9GZZ9,6H78
Q9GZZ9,6H8C
Q9GZZ9,7NVK
Q9GZZ9,7NW1
Q9GZZ9,7OVC
Q9H008,2X4D
Q9H063,3NR5
Q9H0A0,6VLA
Q9H0A0,9J3C
Q9H0B6,3CEQ
Q9H0B6,3EDT
Q9H0F6,4EMO
Q9H0F6,5X0W
Q9H0F6,8K6P
Q9H0H5,2OVJ
Q9H0H5,3W6R
Q9H0H5,3WPQ
Q9H0H5,3WPS
Q9H0H5,4B6D
Q9H0H5,5C2K
Q9H0R8,2L8J
Q9H0R8,2R2Q
Q9H0R8,5DPT
Q9H0R8,5LXH
Q9H0R8,5LXI
Q9H0R8,7AA9
Q9H0R8,7JHX
Q9H0R8,9HGC
Q9H0S4,3BER
Q9H0U4,3JZA
Q9H0U4,3NKV
Q9H0U4,4HLQ
Q9H0U4,4I1O
Q9H0U4,5O74
Q9H0U4,5SZH
Q9H0U4,5SZK
Q9H0U4,6SKU
Q9H0U4,8ALK
Q9H0W5,4LG6
Q9H0Z9,2CQD
Q9H0Z9,6JVX
Q9H0Z9,6JVY
Q9H165,5VTB
Q9H165,6KI6
Q9H165,6U9Q
Q9H165,8DTN
Q9H165,8DTU
Q9H165,8THO
Q9H165,8TLO
Q9H165,9B4P
Q9H165,9BV0
Q9H165,9E6R
Q9H165,9E6S
Q9H165,9E6T
Q9H171,2L4M
Q9H171,2LNB
Q9H171,3EYI
Q9H171,4KA4
Q9H171,9J89
Q9H173,6LBN
Q9H173,6LEY
Q9H1D0,6BO8
Q9H1D0,6BO9
Q9H1D0,6BOA
Q9H1D0,6D7S
Q9H1D0,6D7T
Q9H1D0,6E2F
Q9H1D0,7K4A
Q9H1D0,7K4B
Q9H1D0,7K4C
Q9H1D0,7K4D
Q9H1D0,7K4E
Q9H1D0,7K4F
Q9H1D0,7S88
Q9H1D0,7S89
Q9H1D0,7S8B
Q9H1D0,7S8C
Q9H1D0,8FOA
Q9H1D0,8FOB
Q9H1D0,8SP8
Q9H1D0,9CUH
Q9H1D0,9CUI
Q9H1D0,9CUJ
Q9H1D0,9CUK
Q9H1E1,2HKY
Q9H1E1,9CSM
Q9H1E1,9CSN
Q9H1J1,2L08
Q9H1J1,7QG6
Q9H1K0,1YZM
Q9H1K1,5WKP
Q9H1K1,5WLW
Q9H1K1,6UXE
Q9H1K1,6W1D
Q9H1K1,6WI2
Q9H1K1,6WIH
Q9H1K1,7RTK
Q9H1K1,8PKA
Q9H1K1,8RMC
Q9H1K1,8RMD
Q9H1K1,8RMF
Q9H1K1,8RMG
Q9H1K1,8TVT
Q9H1P3,5ZM8
Q9H1Y0,4TQ1
Q9H204,7EMF
Q9H204,7ENA
Q9H204,7ENC
Q9H204,7ENJ
Q9H204,7LBM
Q9H204,7NVR
Q9H204,8GXQ
Q9H204,8GXS
Q9H204,8T9D
Q9H204,8TQW
Q9H204,8TRH
Q9H221,5DO7
Q9H221,7JR7
Q9H221,7R87
Q9H221,7R88
Q9H221,7R89
Q9H221,7R8A
Q9H221,7R8B
Q9H221,8CUB
Q9H227,2E9L
Q9H227,2E9M
Q9H227,2JFE
Q9H227,2ZOX
Q9H227,3VKK
Q9H244,4NTJ
Q9H244,4PXZ
Q9H244,4PY0
Q9H244,7PP1
Q9H244,7XXI
Q9H255,8F76
Q9H257,6E25
Q9H257,6E26
Q9H257,6E27
Q9H257,6E28
Q9H257,6N2M
Q9H257,6N2P
Q9H257,9AVM
Q9H257,9AVN
Q9H2E6,6WTS
Q9H2F5,6NFX
Q9H2F5,9CAC
Q9H2F5,9CAE
Q9H2J4,8I6J
Q9H2K8,6BDN
Q9H2U1,2N16
Q9H2U1,2N21
Q9H2U1,6Q6R
Q9H2V7,9BOI
Q9H2X6,6P5S
Q9H2X6,7NCF
Q9H3E2,5WOE
Q9H3E2,7SR1
Q9H3E2,7SR2
Q9H3H5,5LEV
Q9H3H5,5O5E
Q9H3H5,6BW5
Q9H3H5,6BW6
Q9H3H5,6FM9
Q9H3H5,6FWZ
Q9H3H5,6JQ3
Q9H3L0,5CUZ
Q9H3L0,5CV0
Q9H3L0,6X8Z
Q9H3P7,2N72
Q9H3P7,2N73
Q9H3P7,5LZ1
Q9H3P7,5LZ3
Q9H3P7,5LZ6
Q9H3P7,5TDQ
Q9H3P7,6HLN
Q9H3P7,6HLT
Q9H3P7,6HLV
Q9H3P7,6HLW
Q9H3P7,6HM8
Q9H3P7,6HMV
Q9H3U1,2DBA
Q9H3Z4,2N04
Q9H3Z4,2N05
Q9H422,7O7I
Q9H422,7O7J
Q9H444,3C3Q
Q9H444,3UM3
Q9H444,4ABM
Q9H444,5MK2
Q9H492,3ECI
Q9H492,3WAL
Q9H492,3WAN
Q9H492,4ZDV
Q9H492,5CX3
Q9H492,5DPR
Q9H492,6TBE
Q9H492,7R9W
Q9H492,7R9Z
Q9H492,7RA0
Q9H492,8T2L
Q9H492,8T35
Q9H492,8T36
Q9H492,8T4T
Q9H4G4,1SMB
Q9H4G4,4AIW
Q9H4G4,5VHG
Q9H4L4,9ME8
Q9H4L5,7CYZ
Q9H4L5,7DEI
Q9H4L5,7DEJ
Q9H4M9,2JQ6
Q9H4M9,2KFF
Q9H4M9,2KFG
Q9H4M9,2KFH
Q9H4M9,2KSP
Q9H5U6,6UCA
Q9H5X1,2M5H
Q9H5X1,3UX2
Q9H5X1,3UX3
Q9H6D3,7DCE
Q9H6D3,8XEJ
Q9H6E5,2E5G
Q9H6E5,5WU1
Q9H6E5,5WU2
Q9H6E5,5WU3
Q9H6E5,5WU4
Q9H6E5,5WU5
Q9H6E5,5WU6
Q9H6E5,8IDF
Q9H6E5,9J8P
Q9H6K1,6VHI
Q9H6L5,7BRQ
Q9H6L5,7FB5
Q9H6S0,2YU6
Q9H6S0,6K6U
Q9H6S0,6LR2
Q9H6S0,9H35
Q9H6S0,9H36
Q9H6S1,5EP6
Q9H6S1,5Z7G
Q9H6S3,1WWU
Q9H6S3,1WXB
Q9H6X2,3N2N
Q9H6X2,6ADL
Q9H6X2,6ADM
Q9H6X2,6ADR
Q9H6X2,6CX1
Q9H6Z4,2CRF
Q9H6Z4,2Y8F
Q9H6Z4,2Y8G
Q9H6Z4,5XZX
Q9H773,7MU5
Q9H777,3ZWF
Q9H790,7LW7
Q9H790,7LW8
Q9H790,7LW9
Q9H790,7LWA
Q9H792,6BHC
Q9H7B4,3MEK
Q9H7B4,3OXF
Q9H7B4,3OXG
Q9H7B4,3OXL
Q9H7B4,3PDN
Q9H7B4,3QWP
Q9H7B4,3RU0
Q9H7B4,5CCL
Q9H7B4,5CCM
Q9H7B4,5EX0
Q9H7B4,5HI7
Q9H7B4,5HQ8
Q9H7B4,5V37
Q9H7B4,5XXD
Q9H7B4,5XXG
Q9H7B4,5XXJ
Q9H7B4,5YJO
Q9H7B4,6IJL
Q9H7B4,6O9O
Q9H7B4,6P6G
Q9H7B4,6P6K
Q9H7B4,6P7Z
Q9H7B4,6PAF
Q9H7B4,6YUH
Q9H7B4,6ZRB
Q9H7B4,7BJ1
Q9H7B4,7O2A
Q9H7B4,7O2B
Q9H7B4,7O2C
Q9H7B4,7QLB
Q9H7B4,7QNR
Q9H7B4,7QNU
Q9H7B4,8OWO
Q9H7D0,8JHK
Q9H7D0,8XM7
Q9H7D7,8QBN
Q9H7D7,8QE8
Q9H7E2,1WJI
Q9H7E2,3PMT
Q9H7E2,3PNW
Q9H7E2,3S6W
Q9H7E2,5GVD
Q9H7E2,5GVE
Q9H7E2,5YJ8
Q9H7E2,6V9T
Q9H7E2,8JTN
Q9H7E2,9C9W
Q9H7E2,9C9Y
Q9H7E2,9CA0
Q9H7E2,9CA1
Q9H7E2,9CA4
Q9H7E2,9CAG
Q9H7E2,9CAH
Q9H7E2,9CAJ
Q9H7E2,9CAK
Q9H7E2,9CAL
Q9H7M9,6MVL
Q9H7M9,6OIL
Q9H7M9,6U6V
Q9H7M9,8TBQ
Q9H7X0,5HGZ
Q9H7X0,5HH0
Q9H7X0,5HH1
Q9H7X0,5ICV
Q9H7X0,5ICW
Q9H813,7JNA
Q9H813,7JNC
Q9H813,7SQF
Q9H813,7SQG
Q9H813,7SQH
Q9H813,8EQ4
Q9H813,8FBL
Q9H813,8ZLB
Q9H813,8ZLL
Q9H813,9LHM
Q9H813,9LI2
Q9H814,2XC7
Q9H832,5A4P
Q9H845,8PHE
Q9H845,8PHF
Q9H867,4LG1
Q9H867,8HL6
Q9H8T0,8QAT
Q9H8W5,2DS4
Q9H8Y8,3RLE
Q9H8Y8,4EDJ
Q9H999,2I7P
Q9H999,3MK6
Q9H999,3SMS
Q9H999,5KPR
Q9H999,5KPT
Q9H999,5KPZ
Q9H999,5KQ8
Q9H999,5KQD
Q9H999,6B3V
Q9H999,6PE6
Q9H999,6X4J
Q9H999,6X4K
Q9H999,6X4L
Q9H999,7UE3
Q9H999,7UE4
Q9H999,7UE5
Q9H999,7UE6
Q9H999,7UE7
Q9H999,7UE8
Q9H999,7UEO
Q9H999,7UEP
Q9H999,7UEQ
Q9H999,7UER
Q9H999,7UES
Q9H999,7UET
Q9H999,7UEU
Q9H999,7UEV
Q9H999,7UEX
Q9H999,7UEY
Q9H999,9CLQ
Q9H999,9D2O
Q9H999,9D2P
Q9H9E3,3HR0
Q9H9F9,6HTS
Q9H9F9,7ZI4
Q9H9F9,9GCG
Q9H9F9,9GE5
Q9H9F9,9GEV
Q9H9F9,9GFB
Q9H9G7,5VM9
Q9H9G7,8VAJ
Q9H9L3,7YW5
Q9H9S5,6KAJ
Q9H9S5,6KAK
Q9H9S5,6KAL
Q9H9S5,6KAM
Q9H9S5,6KAN
Q9H9S5,6L7S
Q9H9S5,6L7T
Q9H9S5,6L7U
Q9H9Z2,2CQF
Q9H9Z2,2LI8
Q9H9Z2,5UDZ
Q9HAB3,8XSM
Q9HAD4,8W3V
Q9HAJ7,2N1U
Q9HAP6,2DKR
Q9HAR2,5CMN
Q9HAR2,6VHH
Q9HAR2,7SF7
Q9HAR2,8DJG
Q9HAS3,6KSW
Q9HAU0,2DKP
Q9HAU4,1ZVD
Q9HAU4,2JQZ
Q9HAU4,7M3Q
Q9HAU4,9FSH
Q9HAU5,4CEK
Q9HAU5,4CEM
Q9HAV4,3A6P
Q9HAV4,5YU6
Q9HAV4,5YU7
Q9HAV7,9BLS
Q9HAV7,9BLT
Q9HAV7,9BLU
Q9HAZ2,2N1I
Q9HAZ2,6BW4
Q9HB20,2KCJ
Q9HB20,2MDX
Q9HB20,3RCP
Q9HB21,1EAZ
Q9HB29,6U6U
Q9HB29,9ETH
Q9HB29,9ETI
Q9HB71,1X5M
Q9HB71,2A25
Q9HB71,2A26
Q9HB75,2OF5
Q9HB90,3LLU
Q9HBA0,4DX1
Q9HBA0,4DX2
Q9HBA0,7AA5
Q9HBA0,8FC7
Q9HBA0,8FC8
Q9HBA0,8FC9
Q9HBA0,8FCA
Q9HBA0,8FCB
Q9HBA0,8JU5
Q9HBA0,8JU6
Q9HBA0,8JVI
Q9HBA0,8JVJ
Q9HBA0,8T1B
Q9HBA0,8T1C
Q9HBA0,8T1D
Q9HBA0,8T1E
Q9HBA0,8T1F
Q9HBA0,9IQX
Q9HBA0,9IQY
Q9HBB8,6OAE
Q9HBE4,2OQP
Q9HBE4,3TGX
Q9HBX9,2JM4
Q9HBX9,2M7P
Q9HBX9,7TMW
Q9HC35,4CGC
Q9HC62,1TGZ
Q9HC62,1TH0
Q9HC62,2IO0
Q9HC62,2IO1
Q9HC62,2IO2
Q9HC62,2IO3
Q9HC62,3ZO5
Q9HC62,5AEK
Q9HC77,5EIB
Q9HC77,5ITZ
Q9HC77,7Q1E
Q9HC77,7Q1F
Q9HC77,7Z0F
Q9HC77,7Z0G
Q9HC97,8H8J
Q9HCC0,8J73
Q9HCE7,2LAZ
Q9HCE7,2LB0
Q9HCE7,2LB1
Q9HCE7,2LTX
Q9HCE7,3PYC
Q9HCE7,9FSJ
Q9HCE7,9FSK
Q9HCH5,3BC1
Q9HCJ2,3ZYJ
Q9HCK5,6OON
Q9HCM9,2DID
Q9HCM9,2DIF
Q9HCM9,2ECJ
Q9HCY8,2M0R
Q9HD15,2MGX
Q9HD15,4NBO
Q9HD20,9JBM
Q9HD20,9JBR
Q9HD20,9JBX
Q9HD20,9JBZ
Q9HD23,8IP3
Q9HD23,8IP4
Q9HD23,8IP5
Q9HD23,8IP6
Q9HD23,8TS1
Q9HD23,8TS2
Q9HD23,8TS3
Q9HD23,8TUL
Q9HD23,8TUP
Q9HD26,2DC2
Q9HD26,2LOB
Q9HD26,4E34
Q9HD26,4E35
Q9HD26,4JOE
Q9HD26,4JOF
Q9HD26,4JOG
Q9HD26,4JOH
Q9HD26,4JOJ
Q9HD26,4JOK
Q9HD26,4JOP
Q9HD26,4JOR
Q9HD26,4K6Y
Q9HD26,4K72
Q9HD26,4K75
Q9HD26,4K76
Q9HD26,4K78
Q9HD26,4NMO
Q9HD26,4NMP
Q9HD26,4NMQ
Q9HD26,4NMR
Q9HD26,4NMS
Q9HD26,4NMT
Q9HD26,4NMV
Q9HD26,4Q6H
Q9HD26,4Q6S
Q9HD26,5IC3
Q9HD26,5K4F
Q9HD26,6OV7
Q9HD26,6V84
Q9HD26,6XNJ
Q9HD26,7JZO
Q9HD26,7JZP
Q9HD26,7JZQ
Q9HD26,7JZR
Q9HD36,4B4S
Q9HD43,7XC0
Q9HD47,5YFG
Q9HFH0,1TE1
Q9HFH0,3WP3
Q9I834,1XXS
Q9I834,4KF3
Q9I834,4YV5
Q9I834,6B80
Q9I834,6B81
Q9I834,6B83
Q9I834,6B84
Q9I834,6MQD
Q9I834,6MQF
Q9I834,6PWH
Q9I9N6,5GPP
Q9I9N6,5GPQ
Q9IAT9,1PA0
Q9IAT9,1PC9
Q9IAT9,3MLM
Q9IAT9,5VFH
Q9IAT9,5VFJ
Q9IAT9,5VFM
Q9IAT9,5VFN
Q9JHD2,7BY1
Q9JHJ3,6NYQ
Q9JI12,7T3N
Q9JI12,7T3O
Q9JI12,8SBE
Q9JI59,5GMJ
Q9JI78,2D5U
Q9JI78,2G9F
Q9JI78,2G9G
Q9JI78,2HPJ
Q9JI78,2HPL
Q9JI78,2I74
Q9JIA1,8HPW
Q9JIA1,8HPX
Q9JIE6,4NN5
Q9JIE6,4NN6
Q9JIE6,4NN7
Q9JII6,4GAC
Q9JIK5,3ZIN
Q9JIL4,2D90
Q9JIL4,2EDZ
Q9JIL4,3NGH
Q9JIL4,3R68
Q9JIL4,3R69
Q9JIL4,4F8K
Q9JIL4,4R2Z
Q9JIP7,5A9D
Q9JIY2,2MQ1
Q9JIY2,3VK6
Q9JJ11,4LPZ
Q9JJ11,4PKY
Q9JJP9,1KJV
Q9JK48,1X43
Q9JK66,4K7D
Q9JK66,4K95
Q9JK66,4ZYN
Q9JKF6,2L7J
Q9JKF6,5B21
Q9JKS4,1WJL
Q9JKV1,2R2Y
Q9JLB2,1VA8
Q9JLB9,3AXA
Q9JLB9,5B22
Q9JLC3,2KV1
Q9JLV5,1IUY
Q9JM14,2JAO
Q9JM14,2JAR
Q9JM80,2RSY
Q9JMA2,6H62
Q9JMB7,2XFM
Q9JMB7,4P1Z
Q9JMI7,7BPS
Q9LD83,7WNQ
Q9LD83,8GW6
Q9LD83,8GW7
Q9LD83,8J0J
Q9LD83,8J1E
Q9LDC0,2F4E
Q9LDC0,2IF4
Q9LDI3,4D28
Q9LFP6,7QP9
Q9LFP6,7QPA
Q9LFP6,7QPC
Q9LFP6,9G0W
Q9LFP6,9G0X
Q9LFP6,9G0Z
Q9LFP6,9G10
Q9LFU9,3T90
Q9LI74,8WAF
Q9LI74,8WAG
Q9LJF3,9S80
Q9LJF3,9S90
Q9LJF3,9S96
Q9LJF3,9S9A
Q9LKB9,7DHW
Q9LKW9,7Y3E
Q9LKW9,8HYA
Q9LKW9,8JD9
Q9LKW9,8JDA
Q9LNF2,1X8Z
Q9LNF2,1X90
Q9LNF2,1X91
Q9LQF2,6TTJ
Q9LR64,5X56
Q9LRB7,1IYM
Q9LSI9,4L68
Q9LSI9,6FG7
Q9LSV0,3DOJ
Q9LSZ9,7YJM
Q9LSZ9,7YJN
Q9LSZ9,7YJO
Q9LT15,6H7D
Q9LT15,7AAQ
Q9LT15,7AAR
Q9LTJ1,7D8K
Q9LTJ1,7FEF
Q9LU10,4IC6
Q9LU39,4N7R
Q9LU39,5YJL
Q9LUJ3,1VK5
Q9LUJ3,2Q3T
Q9LUJ3,3GAN
Q9LUJ3,6OIS
Q9LUJ3,6OIT
Q9LUT0,5XD6
Q9LVH4,4V29
Q9LVH4,5A4X
Q9LVH4,5A50
Q9LVH4,5A51
Q9LVM1,7N58
Q9LVM1,7N59
Q9LVM1,7N5A
Q9LVM1,7N5B
Q9LVM5,2Q37
Q9LX31,7E2R
Q9LXW7,7VG2
Q9LXW7,7VG3
Q9LY87,8HMG
Q9LY87,8HMH
Q9LYG9,8JWE
Q9LYG9,8TDJ
Q9LYG9,8TDK
Q9LYG9,8TDL
Q9LYG9,8TDM
Q9LZD3,4RL5
Q9LZJ3,6BSU
Q9LZJ3,6BSV
Q9LZJ3,6BSW
Q9LZR5,7VMI
Q9M158,1VEE
Q9M158,2DCQ
Q9M1X2,4DOO
Q9M548,7L4C
Q9M548,7L4F
Q9M548,7L4H
Q9M548,7L4K
Q9M548,7L4M
Q9M548,7L4N
Q9M548,8T1U
Q9M5P4,1RYB
Q9M5P4,1RYM
Q9M5P4,1RYN
Q9MAB9,1SE9
Q9N5M6,9NM3
Q9NII5,2BMT
Q9NII6,1BIG
Q9NII6,6AVC
Q9NII7,1BKT
Q9NII7,2K4U
Q9NII7,2MLA
Q9NII7,2MLD
Q9NJP7,1DU9
Q9NP55,4KEG
Q9NP55,4KGH
Q9NP55,4KGO
Q9NP55,4N4X
Q9NP55,5I7J
Q9NP55,5I7K
Q9NP55,5I7L
Q9NP58,3NH6
Q9NP58,3NH9
Q9NP58,3NHA
Q9NP58,3NHB
Q9NP58,7D7N
Q9NP58,7D7R
Q9NP58,7DNY
Q9NP58,7DNZ
Q9NP58,7EKL
Q9NP58,7EKM
Q9NP58,8FWK
Q9NP58,8K7B
Q9NP58,8K7C
Q9NP58,8YR3
Q9NP58,8YR4
Q9NP58,9DBQ
Q9NP59,6W4S
Q9NP59,6WBV
Q9NP59,8BZY
Q9NP59,8C02
Q9NP59,8C03
Q9NP59,8DL6
Q9NP59,8DL7
Q9NP59,8DL8
Q9NP61,2CRW
Q9NP64,2CQO
Q9NP79,2LXL
Q9NP79,2LXM
Q9NP79,4TXP
Q9NP79,4TXQ
Q9NP79,4TXR
Q9NP79,4U7E
Q9NP90,2OCB
Q9NP95,3F1R
Q9NP99,1Q8M
Q9NP99,1SMO
Q9NPF0,4ZRP
Q9NPF0,4ZRQ
Q9NPF0,7QBD
Q9NPF0,7QBE
Q9NPF0,7QBF
Q9NPF0,7QBG
Q9NPF7,3D87
Q9NPF7,3DUH
Q9NPF7,3QWR
Q9NPF7,4GRW
Q9NPF7,5MJ3
Q9NPF7,5MJ4
Q9NPF7,5MXA
Q9NPF7,5NJD
Q9NPF7,6UIB
Q9NPF7,8CR8
Q9NPF7,8UUI
Q9NPI6,2WX3
Q9NPI6,4B6H
Q9NPP4,6K8J
Q9NPP4,6MKS
Q9NPP4,6N1I
Q9NPP4,8FVU
Q9NPP4,8FW2
Q9NPP4,8FW9
Q9NQ11,7FJM
Q9NQ11,7FJP
Q9NQ11,7FJQ
Q9NQ11,7M5V
Q9NQ11,7M5X
Q9NQ11,7M5Y
Q9NQ11,7N70
Q9NQ11,7N72
Q9NQ11,7N73
Q9NQ11,7N74
Q9NQ11,7N75
Q9NQ11,7N76
Q9NQ11,7N77
Q9NQ11,7N78
Q9NQ11,7VPI
Q9NQ11,7VPJ
Q9NQ11,7VPK
Q9NQ11,7VPL
Q9NQ11,8IEK
Q9NQ11,8IEL
Q9NQ11,8IEM
Q9NQ11,8IEN
Q9NQ11,8IEO
Q9NQ11,8IER
Q9NQ11,8IES
Q9NQ40,8XSN
Q9NQ75,2CRE
Q9NQ86,7QS4
Q9NQ88,3DCY
Q9NQ94,2CPD
Q9NQA5,5OEO
Q9NQC3,2G31
Q9NQC3,2JV5
Q9NQC7,1IXD
Q9NQC7,1WHL
Q9NQC7,1WHM
Q9NQC7,2VHF
Q9NQC7,7OWC
Q9NQG6,4NXT
Q9NQG6,4NXU
Q9NQG6,4NXV
Q9NQG6,4NXW
Q9NQG6,4NXX
Q9NQG6,5X9B
Q9NQG6,5X9C
Q9NQH7,5X49
Q9NQL2,2Q3F
Q9NQS3,4FOM
Q9NQS7,6GR8
Q9NQS7,6GR9
Q9NQS7,9ESA
Q9NQT8,2COW
Q9NQT8,3FM8
Q9NQT8,3GBJ
Q9NQT8,3MDB
Q9NQV5,3RAY
Q9NQW6,2Y7B
Q9NQW6,4XH3
Q9NQW6,4XOI
Q9NQX3,1JLJ
Q9NQZ6,9P3Z
Q9NR22,4X41
Q9NR22,5DST
Q9NR30,2M3D
Q9NR30,6L5L
Q9NR30,6L5M
Q9NR30,6L5N
Q9NR30,6L5O
Q9NR56,3D2N
Q9NR56,3D2Q
Q9NR56,3D2S
Q9NR56,5U6H
Q9NR56,5U6L
Q9NR56,5U9B
Q9NR71,4WGK
Q9NR82,6B8Q
Q9NR82,9J38
Q9NR82,9LIZ
Q9NR82,9LJ1
Q9NR82,9LJ5
Q9NR97,3W3G
Q9NR97,3W3J
Q9NR97,3W3K
Q9NR97,3W3L
Q9NR97,3W3M
Q9NR97,3W3N
Q9NR97,3WN4
Q9NR97,4QBZ
Q9NR97,4QC0
Q9NR97,4R07
Q9NR97,4R08
Q9NR97,4R09
Q9NR97,4R0A
Q9NR97,4R6A
Q9NR97,5AWA
Q9NR97,5AWB
Q9NR97,5AWC
Q9NR97,5AWD
Q9NR97,5AZ5
Q9NR97,5HDH
Q9NR97,5WYX
Q9NR97,5WYZ
Q9NR97,5Z14
Q9NR97,5Z15
Q9NR97,6KYA
Q9NR97,6TY5
Q9NR97,6V9U
Q9NR97,6WML
Q9NR97,6ZJZ
Q9NR97,7CRF
Q9NR97,7R52
Q9NR97,7R53
Q9NR97,7R54
Q9NR97,7RC9
Q9NR97,7YTX
Q9NR97,8PFI
Q9NR97,9MHW
Q9NR97,9MHX
Q9NR97,9MHY
Q9NRC8,5IQZ
Q9NRC8,6G0S
Q9NRC8,9GMK
Q9NRC8,9GMR
Q9NRD9,7D3E
Q9NRD9,7D3F
Q9NRM0,8Y65
Q9NRM0,8Y66
Q9NRM0,8ZXM
Q9NRM0,8ZXN
Q9NRN7,2BYD
Q9NRN7,2C43
Q9NRN7,2CG5
Q9NRR4,2KHX
Q9NRR4,2NA2
Q9NRR6,2XSW
Q9NRS6,6ECM
Q9NRS6,6MBI
Q9NRW1,2E9S
Q9NRW1,2FE4
Q9NRW1,2FFQ
Q9NRW3,3VM8
Q9NRW3,3VOW
Q9NRW4,1WRM
Q9NRW4,4WOH
Q9NRW4,6L1S
Q9NRW4,6LMY
Q9NRW4,6LOT
Q9NRW4,6LOU
Q9NRW4,6LVQ
Q9NRW4,7C8S
Q9NS86,6WQ1
Q9NS91,2MRF
Q9NS91,2Y43
Q9NS91,2YBF
Q9NS91,9BD3
Q9NSA0,8WJH
Q9NSA0,9M9Y
Q9NSA0,9U5A
Q9NSI8,6UZJ
Q9NSU2,7TQN
Q9NSU2,7TQO
Q9NSU2,7TQP
Q9NSU2,7TQQ
Q9NSU2,8VL7
Q9NSU2,9AVA
Q9NSU2,9O0W
Q9NSU2,9O0X
Q9NSU2,9O0Y
Q9NT62,8FKM
Q9NTG7,3GLR
Q9NTG7,3GLS
Q9NTG7,3GLT
Q9NTG7,3GLU
Q9NTG7,4BN4
Q9NTG7,4BN5
Q9NTG7,4BV3
Q9NTG7,4BVB
Q9NTG7,4BVE
Q9NTG7,4BVF
Q9NTG7,4BVG
Q9NTG7,4BVH
Q9NTG7,4C78
Q9NTG7,4C7B
Q9NTG7,4FVT
Q9NTG7,4FZ3
Q9NTG7,4HD8
Q9NTG7,4JSR
Q9NTG7,4JT8
Q9NTG7,4JT9
Q9NTG7,4O8Z
Q9NTG7,5BWN
Q9NTG7,5BWO
Q9NTG7,5D7N
Q9NTG7,5H4D
Q9NTG7,5Y4H
Q9NTG7,5YTK
Q9NTG7,5Z93
Q9NTG7,5Z94
Q9NTG7,5ZGC
Q9NTG7,6ISO
Q9NTG7,8ANC
Q9NTG7,8BBK
Q9NTG7,8CCW
Q9NTG7,8CCZ
Q9NTG7,8HLW
Q9NTG7,8HLY
Q9NTG7,8HN9
Q9NTG7,8V15
Q9NTG7,8V2N
Q9NTG7,8V5U
Q9NTG7,9CBT
Q9NTG7,9KTK
Q9NTK5,2OHF
Q9NTM9,3IWP
Q9NUN7,6G7O
Q9NUN7,6YXH
Q9NUS5,8YAB
Q9NUS5,8YAH
Q9NUT2,5OCH
Q9NUT2,7EHL
Q9NUU6,6DRM
Q9NUV9,3LXX
Q9NUW8,1JY1
Q9NUW8,1MU7
Q9NUW8,1MU9
Q9NUW8,1NOP
Q9NUW8,1QZQ
Q9NUW8,1RFF
Q9NUW8,1RFI
Q9NUW8,1RG1
Q9NUW8,1RG2
Q9NUW8,1RGT
Q9NUW8,1RGU
Q9NUW8,1RH0
Q9NUW8,5NW9
Q9NUW8,5NWA
Q9NUW8,6DHU
Q9NUW8,6DIE
Q9NUW8,6DIH
Q9NUW8,6DIM
Q9NUW8,6DJD
Q9NUW8,6DJE
Q9NUW8,6DJF
Q9NUW8,6DJG
Q9NUW8,6DJH
Q9NUW8,6DJI
Q9NUW8,6DJJ
Q9NUW8,6MJ5
Q9NUW8,6MYZ
Q9NUW8,6MZ0
Q9NUW8,6N0D
Q9NUW8,6N0N
Q9NUW8,6N0O
Q9NUW8,6N0R
Q9NUW8,6N17
Q9NUW8,6N19
Q9NUW8,6W4R
Q9NUW8,6W7J
Q9NUW8,6W7K
Q9NUW8,6W7L
Q9NUW8,7UFY
Q9NUW8,7UFZ
Q9NUW8,8CVQ
Q9NUW8,8CW2
Q9NUW8,8UV1
Q9NUW8,8UZV
Q9NUW8,8UZZ
Q9NUW8,8V0B
Q9NUW8,8V0C
Q9NUW8,9B3B
Q9NV31,2CQJ
Q9NVH0,6K17
Q9NVH0,6K18
Q9NVH0,6K19
Q9NVH0,6K1A
Q9NVH0,6K1B
Q9NVH0,6K1C
Q9NVH0,6K1D
Q9NVH0,6K1E
Q9NVI1,6VAA
Q9NVI1,6VAD
Q9NVJ2,2AL7
Q9NVJ2,8JC5
Q9NVM9,6SN1
Q9NVM9,8PK5
Q9NVM9,8PK6
Q9NVM9,9EOC
Q9NVM9,9EP1
Q9NVM9,9FA4
Q9NVM9,9FA7
Q9NVP1,3LY5
Q9NVP2,5BNX
Q9NVP2,5BO0
Q9NVP2,7V1M
Q9NVP2,7VCQ
Q9NVV4,3PQ1
Q9NVV9,2JTG
Q9NVV9,2KO0
Q9NVV9,2L1G
Q9NVX2,6WAJ
Q9NVX2,8QL1
Q9NW15,5OC9
Q9NW15,6R65
Q9NW15,6R7X
Q9NW15,6R7Y
Q9NW15,6R7Z
Q9NW64,2YTC
Q9NWM8,4DIP
Q9NWM8,4MSP
Q9NWW9,4DPZ
Q9NWX6,3OTB
Q9NWX6,3OTC
Q9NWX6,3OTD
Q9NWX6,3OTE
Q9NWX6,7CV1
Q9NWZ3,2NRU
Q9NWZ3,2NRY
Q9NWZ3,2O8Y
Q9NWZ3,2OIB
Q9NWZ3,2OIC
Q9NWZ3,2OID
Q9NWZ3,4RMZ
Q9NWZ3,4U97
Q9NWZ3,4U9A
Q9NWZ3,4XS2
Q9NWZ3,4Y73
Q9NWZ3,4YO6
Q9NWZ3,4YP8
Q9NWZ3,4ZTL
Q9NWZ3,4ZTM
Q9NWZ3,4ZTN
Q9NWZ3,5K72
Q9NWZ3,5K75
Q9NWZ3,5K76
Q9NWZ3,5K7G
Q9NWZ3,5K7I
Q9NWZ3,5KX7
Q9NWZ3,5KX8
Q9NWZ3,5T1S
Q9NWZ3,5T1T
Q9NWZ3,5UIQ
Q9NWZ3,5UIR
Q9NWZ3,5UIS
Q9NWZ3,5UIT
Q9NWZ3,5UIU
Q9NWZ3,5W84
Q9NWZ3,5W85
Q9NWZ3,6EG9
Q9NWZ3,6EGA
Q9NWZ3,6EGD
Q9NWZ3,6EGE
Q9NWZ3,6EGF
Q9NWZ3,6F3D
Q9NWZ3,6F3E
Q9NWZ3,6F3G
Q9NWZ3,6F3I
Q9NWZ3,6LXY
Q9NWZ3,6MOM
Q9NWZ3,6N8G
Q9NWZ3,6O8U
Q9NWZ3,6O94
Q9NWZ3,6O95
Q9NWZ3,6O9D
Q9NWZ3,6RFI
Q9NWZ3,6RFJ
Q9NWZ3,6THW
Q9NWZ3,6THX
Q9NWZ3,6THZ
Q9NWZ3,6TI8
Q9NWZ3,6TIA
Q9NWZ3,6UYA
Q9NWZ3,6VQL
Q9NWZ3,7C2V
Q9NWZ3,7C2W
Q9NWZ3,7QG1
Q9NWZ3,7QG2
Q9NWZ3,7QG3
Q9NWZ3,7QG5
Q9NWZ3,8ATB
Q9NWZ3,8ATL
Q9NWZ3,8ATN
Q9NWZ3,8BR5
Q9NWZ3,8BR6
Q9NWZ3,8BR7
Q9NWZ3,8DKS
Q9NWZ3,8SCE
Q9NWZ3,8SCV
Q9NWZ3,8SCW
Q9NWZ3,8TVM
Q9NWZ3,8TVN
Q9NWZ3,8TX0
Q9NWZ3,8UCB
Q9NWZ3,8UCC
Q9NWZ3,8V1O
Q9NWZ3,8V2F
Q9NWZ3,8V2L
Q9NWZ3,8W3W
Q9NWZ3,8W3X
Q9NWZ3,8WTF
Q9NWZ3,9NA2
Q9NWZ3,9NA3
Q9NWZ3,9NA4
Q9NWZ3,9NA5
Q9NWZ3,9NA6
Q9NX02,9C6V
Q9NX02,9C6W
Q9NX02,9C6X
Q9NX09,3LQ9
Q9NX09,7MOP
Q9NX18,6VAX
Q9NX18,8DYD
Q9NX46,2FOZ
Q9NX46,2FP0
Q9NX46,2G4K
Q9NX46,5ZQY
Q9NX46,6D36
Q9NX46,6D3A
Q9NX46,7AKR
Q9NX46,7AKS
Q9NX46,7ARW
Q9NX46,7L9F
Q9NX46,7L9H
Q9NX46,7L9I
Q9NX74,4WFS
Q9NX74,4WFT
Q9NX74,4XP7
Q9NX74,5OC4
Q9NX74,5OC5
Q9NX74,5OC6
Q9NX74,6EI8
Q9NX74,6EZA
Q9NX74,6EZB
Q9NX74,6EZC
Q9NX74,6F00
Q9NXA8,2B4Y
Q9NXA8,2NYR
Q9NXA8,3RIG
Q9NXA8,3RIY
Q9NXA8,4F4U
Q9NXA8,4F56
Q9NXA8,4G1C
Q9NXA8,4HDA
Q9NXA8,5BWL
Q9NXA8,5XHS
Q9NXA8,6ACE
Q9NXA8,6ACL
Q9NXA8,6ACO
Q9NXA8,6ACP
Q9NXA8,6EQS
Q9NXA8,6LJK
Q9NXA8,6LJM
Q9NXA8,6LJN
Q9NXA8,7X3P
Q9NXA8,8GBL
Q9NXA8,8GBN
Q9NXG6,6TP5
Q9NXS2,3PB4
Q9NXS2,3PB6
Q9NXS2,3PB7
Q9NXS2,3PB8
Q9NXS2,3PB9
Q9NXS2,8XFV
Q9NXS2,8XGA
Q9NXV2,3DRX
Q9NXV2,3DRY
Q9NXV2,3DRZ
Q9NXV2,8U7Z
Q9NXW2,2CTP
Q9NY25,2YHF
Q9NY33,3FVY
Q9NY33,3T6B
Q9NY33,3T6J
Q9NY33,5E2Q
Q9NY33,5E33
Q9NY33,5E3A
Q9NY33,5E3C
Q9NY33,5EGY
Q9NY33,5EHH
Q9NY33,7OUP
Q9NY46,7W77
Q9NY46,7W7F
Q9NY59,5UVG
Q9NYA1,3VZB
Q9NYA1,3VZC
Q9NYA1,3VZD
Q9NYA1,4L02
Q9NYA1,4V24
Q9NYB5,9DXO
Q9NYB5,9DXP
Q9NYB5,9MR5
Q9NYB9,2ED0
Q9NYF8,7RJN
Q9NYF8,7RJR
Q9NYG5,2MT5
Q9NYG5,4R2Y
Q9NYG8,3UM7
Q9NYG8,4I9W
Q9NYG8,4RUE
Q9NYG8,4RUF
Q9NYG8,4WFE
Q9NYG8,4WFF
Q9NYG8,4WFG
Q9NYG8,4WFH
Q9NYG8,7LJ4
Q9NYG8,7LJ5
Q9NYG8,7LJA
Q9NYG8,7LJB
Q9NYJ8,2DAE
Q9NYJ8,2WWZ
Q9NYJ8,2WX0
Q9NYJ8,2WX1
Q9NYL2,5HES
Q9NYL2,5X5O
Q9NYL2,6JUT
Q9NYL2,6JUU
Q9NYL2,7YAW
Q9NYL2,7YAZ
Q9NYV7,9K6L
Q9NYV7,9KPD
Q9NYY3,4I5M
Q9NYY3,4I5P
Q9NYY3,4I6B
Q9NYY3,4I6F
Q9NYY3,4I6H
Q9NYY3,4RS6
Q9NYY3,4XB0
Q9NZ01,2DZJ
Q9NZ09,1WGN
Q9NZ09,4AE4
Q9NZ09,5LM1
Q9NZ45,2QD0
Q9NZ45,2QH7
Q9NZ45,2R13
Q9NZ45,3EW0
Q9NZ45,3LPQ
Q9NZ45,3REE
Q9NZ45,4EZF
Q9NZ45,4F1E
Q9NZ45,4F28
Q9NZ45,4F2C
Q9NZ45,6DE9
Q9NZ45,7P0O
Q9NZ52,1JPL
Q9NZ52,1JUQ
Q9NZ52,1LF8
Q9NZ52,1P4U
Q9NZ52,1WR6
Q9NZ52,1YD8
Q9NZA1,6Y2H
Q9NZA1,8Q4I
Q9NZA1,8Q4J
Q9NZC2,5ELI
Q9NZC2,5UD7
Q9NZC2,5UD8
Q9NZC2,6B8O
Q9NZC2,6XDS
Q9NZC2,6Y6C
Q9NZC2,6YMQ
Q9NZC2,6YYE
Q9NZC2,6Z0G
Q9NZC2,6Z0H
Q9NZC2,6Z0I
Q9NZC2,8T51
Q9NZC2,8T59
Q9NZC2,9PWN
Q9NZC2,9PX5
Q9NZC7,1WMV
Q9NZD1,8YZK
Q9NZD1,9IMA
Q9NZD2,1SWX
Q9NZD2,1SX6
Q9NZD2,2EUK
Q9NZD2,2EUM
Q9NZD2,2EVD
Q9NZD2,2EVL
Q9NZD2,2EVS
Q9NZD2,2EVT
Q9NZD2,3RIC
Q9NZD2,3RWV
Q9NZD2,3RZN
Q9NZD2,3S0I
Q9NZD2,3S0K
Q9NZD2,4GH0
Q9NZD2,4GHP
Q9NZD2,4GHS
Q9NZD2,4GIX
Q9NZD2,4GJQ
Q9NZD2,4GVT
Q9NZD2,4GXD
Q9NZD2,4GXG
Q9NZD2,4H2Z
Q9NZD4,1W09
Q9NZD4,1W0A
Q9NZD4,1W0B
Q9NZD4,1XZY
Q9NZD4,1Y01
Q9NZD4,1Z8U
Q9NZD4,3IA3
Q9NZD4,3OVU
Q9NZH6,5HN1
Q9NZH6,6NCU
Q9NZH8,4IZE
Q9NZH8,4P0J
Q9NZH8,4P0K
Q9NZH8,4P0L
Q9NZH8,6P9E
Q9NZI2,1S1E
Q9NZI2,2I2R
Q9NZI2,2NZ0
Q9NZI2,7E83
Q9NZI2,7E84
Q9NZI2,7F3F
Q9NZI2,7W6N
Q9NZI2,7W6T
Q9NZI8,3KRM
Q9NZI8,6QEY
Q9NZJ0,6QC0
Q9NZJ9,5LTU
Q9NZJ9,7NNJ
Q9NZK5,3LGD
Q9NZK5,3LGG
Q9NZK7,5WZM
Q9NZK7,5WZO
Q9NZK7,5WZS
Q9NZK7,5WZT
Q9NZK7,5WZU
Q9NZK7,5WZV
Q9NZK7,5WZW
Q9NZK7,5Y5E
Q9NZK7,6KQU
Q9NZN1,1T3G
Q9NZN1,4M92
Q9NZN1,5WY8
Q9NZN8,4C0D
Q9NZN8,4C0F
Q9NZN8,5FU6
Q9NZN8,5FU7
Q9NZN9,5U9A
Q9NZN9,5U9I
Q9NZN9,5U9J
Q9NZN9,5U9K
Q9NZN9,5V35
Q9NZN9,6PX0
Q9NZQ7,3BIS
Q9NZQ7,3FN3
Q9NZQ7,4Z18
Q9NZQ7,5C3T
Q9NZQ7,5GGT
Q9NZQ7,5GRJ
Q9NZQ7,5J89
Q9NZQ7,5J8O
Q9NZQ7,5JDR
Q9NZQ7,5JDS
Q9NZQ7,5N2D
Q9NZQ7,5N2F
Q9NZQ7,5NIU
Q9NZQ7,5O45
Q9NZQ7,5O4Y
Q9NZQ7,5X8L
Q9NZQ7,5X8M
Q9NZQ7,5XJ4
Q9NZQ7,5XXY
Q9NZQ7,6L8R
Q9NZQ7,6NM7
Q9NZQ7,6NM8
Q9NZQ7,6NNV
Q9NZQ7,6NOJ
Q9NZQ7,6NOS
Q9NZQ7,6NP9
Q9NZQ7,6PV9
Q9NZQ7,6R3K
Q9NZQ7,6RPG
Q9NZQ7,6VQN
Q9NZQ7,6YCR
Q9NZQ7,7BEA
Q9NZQ7,7C88
Q9NZQ7,7CZD
Q9NZQ7,7DCV
Q9NZQ7,7DY7
Q9NZQ7,7NLD
Q9NZQ7,7OUN
Q9NZQ7,7SJQ
Q9NZQ7,7TPS
Q9NZQ7,7UX5
Q9NZQ7,7UXO
Q9NZQ7,7UXP
Q9NZQ7,7UXQ
Q9NZQ7,7VUN
Q9NZQ7,7XAD
Q9NZQ7,7XAE
Q9NZQ7,7XYQ
Q9NZQ7,7YDS
Q9NZQ7,8ALX
Q9NZQ7,8AOK
Q9NZQ7,8AOM
Q9NZQ7,8JBA
Q9NZQ7,8K5N
Q9NZQ7,8OR1
Q9NZQ7,8P1O
Q9NZQ7,8R6Q
Q9NZQ7,8RPB
Q9NZQ7,8XR5
Q9NZQ7,8ZNL
Q9NZQ7,9INU
Q9NZU7,2K7B
Q9NZU7,2K7C
Q9NZU7,2K7D
Q9NZU7,2LAN
Q9NZU7,2LAP
Q9NZU7,3OX5
Q9NZU7,3OX6
Q9NZV8,7E7Z
Q9NZV8,7E87
Q9NZV8,7E8B
Q9NZV8,7E8E
Q9NZV8,7E8H
Q9NZV8,7F0J
Q9NZV8,7UK5
Q9NZV8,7UKC
Q9NZV8,7UKD
Q9NZV8,7UKE
Q9NZV8,7UKF
Q9NZV8,7UKG
Q9NZV8,7UKH
Q9NZZ3,3ULY
Q9NZZ3,3UM0
Q9NZZ3,3UM1
Q9NZZ3,3UM2
Q9P0K1,3G5C
Q9P0K1,5Y2Z
Q9P0K1,5Y31
Q9P0K1,7CQF
Q9P0K1,8HPY
Q9P0K1,8HQ1
Q9P0K1,8HQ2
Q9P0K1,8Y6B
Q9P0K1,9KZC
Q9P0K1,9KZT
Q9P0L2,2HAK
Q9P0L2,3OSE
Q9P0L2,6C9D
Q9P0L9,3TE3
Q9P0L9,4GIF
Q9P0L9,6DU8
Q9P0M2,5JJ2
Q9P0R6,1SGO
Q9P0U3,2CKG
Q9P0U3,2CKH
Q9P0U3,2IYC
Q9P0U3,2IYD
Q9P0U3,2XPH
Q9P0U3,2XRE
Q9P0U3,6NNQ
Q9P1T7,8YFC
Q9P1T7,8YFG
Q9P1T7,8ZU3
Q9P1T7,9VMX
Q9P1W8,2JJW
Q9P1W8,4I2X
Q9P1Z3,8INZ
Q9P1Z3,8IO0
Q9P1Z3,8IO3
Q9P246,2L5Y
Q9P258,5GWN
Q9P275,8BS3
Q9P287,7KYQ
Q9P287,7KYS
Q9P287,8EXE
Q9P287,8EXF
Q9P289,3GGF
Q9P289,3W8I
Q9P289,4FZA
Q9P289,4FZD
Q9P289,4FZF
Q9P289,4GEH
Q9P289,7B36
Q9P2E3,9EVE
Q9P2P5,2LFE
Q9P371,4JXE
Q9P371,4MS7
Q9P371,4MSD
Q9P371,4MSJ
Q9P371,4NQL
Q9P371,4PQT
Q9P371,4ZD4
Q9P371,4ZD5
Q9P371,7LM3
Q9P3B2,8C8Q
Q9P3B2,8Q1B
Q9P4R8,1UL9
Q9P4R8,1ULC
Q9P4R8,1ULD
Q9P4R8,1ULE
Q9P4R8,1ULF
Q9P4R8,1ULG
Q9P4R8,2WKK
Q9P6Q0,4H63
Q9P6Q0,5U0P
Q9P6Q0,5U0S
Q9P7F8,2WOO
Q9P7M3,4ZDT
Q9P7N5,4ZGN
Q9P7N5,4ZGO
Q9P7N5,4ZGP
Q9P7N5,4ZGQ
Q9P7Y0,7K7V
Q9P7Y0,7K7W
Q9P7Y0,7K82
Q9P802,5HJ0
Q9P802,5J6P
Q9P805,5J3Q
Q9P805,5JP4
Q9P8P3,2Y9N
Q9P8P3,2YOK
Q9PRS8,1GZ2
Q9PW66,2KRA
Q9PWF3,1H5O
Q9PWF3,1Z99
Q9QUG3,1I17
Q9QUG3,1Z65
Q9QUK6,2Z64
Q9QUK6,3VQ1
Q9QUK6,3VQ2
Q9QUK6,5IJB
Q9QUK6,5IJC
Q9QUK6,5IJD
Q9QUK6,7MLM
Q9QUK6,8WQT
Q9QUK6,8WRY
Q9QUK6,8WSA
Q9QUN7,2Z81
Q9QUN7,2Z82
Q9QUN7,3A7B
Q9QUN7,3A7C
Q9QUN7,5D3I
Q9QVY3,1F6B
Q9QVY3,2FA9
Q9QVY3,2FMX
Q9QWL7,9M1Y
Q9QWW1,1I7A
Q9QX73,4MT6
Q9QX73,4MT7
Q9QX74,6CPJ
Q9QXL2,5YAY
Q9QXL2,5YBE
Q9QXT8,2JUL
Q9QY24,1J75
Q9QY24,2HEO
Q9QY24,9J8G
Q9QY93,2A3Q
Q9QY93,2OIE
Q9QY93,2OIG
Q9QY93,2Q4P
Q9QY93,6SQW
Q9QY93,6SQY
Q9QY93,6SQZ
Q9QYE9,2D9V
Q9QYG0,2QMQ
Q9QYJ6,2O8H
Q9QYJ6,2OVV
Q9QYJ6,2OVY
Q9QYJ6,3HQW
Q9QYJ6,3HQY
Q9QYJ6,3HQZ
Q9QYJ6,3HR1
Q9QYJ6,3LXG
Q9QYJ6,3QPN
Q9QYJ6,3QPO
Q9QYJ6,3QPP
Q9QYJ6,6K9U
Q9QZ88,1Z2W
Q9QZ88,1Z2X
Q9QZ88,3PSN
Q9QZ88,3PSO
Q9QZ88,6TL0
Q9QZ88,6VAB
Q9QZ88,8FUD
Q9QZ88,8TTA
Q9QZ88,8TTC
Q9QZ88,8TTD
Q9QZ88,9O9I
Q9QZL0,4M66
Q9QZL0,6JPD
Q9QZL0,6OKO
Q9QZL0,9IWW
Q9QZL0,9IWX
Q9QZL0,9IWY
Q9QZL0,9IWZ
Q9QZL0,9IX0
Q9QZL0,9IX1
Q9QZL0,9IX2
Q9QZL0,9IX3
Q9QZL0,9LFV
Q9QZL0,9LFW
Q9QZL0,9LVG
Q9QZL0,9LVH
Q9QZQ5,5NB8
Q9QZQ5,6RK1
Q9R002,4JBJ
Q9R002,4JBK
Q9R002,4L5Q
Q9R002,4L5R
Q9R002,4L5S
Q9R002,4L5T
Q9R002,4LNQ
Q9R064,4KFW
Q9R0G6,1MZ9
Q9R0G6,3V2N
Q9R0G6,3V2P
Q9R0G6,3V2Q
Q9R0G6,3V2R
Q9R0K7,9GSD
Q9R0K7,9GSE
Q9R0K7,9GSF
Q9R0K7,9GSG
Q9R0K7,9GSH
Q9R0K7,9GSI
Q9R0K7,9GSY
Q9R0K7,9GTB
Q9R0M6,1YZL
Q9R0N7,3N5A
Q9R0N7,6LCY
Q9R155,7WK1
Q9R155,7WK7
Q9R155,7WL2
Q9R155,7WL7
Q9R155,7WL8
Q9R155,7WL9
Q9R155,7WLA
Q9R155,7WLB
Q9R155,7WLE
Q9R155,8HZN
Q9R186,5IWK
Q9R186,5IWP
Q9R186,5IWR
Q9R186,5IWT
Q9R186,5WO6
Q9R186,5WO7
Q9R186,5WO8
Q9R186,5WO9
Q9R186,5WOA
Q9R186,6BOB
Q9R186,6D7O
Q9R186,6D7P
Q9R186,6D7Q
Q9R186,6D7V
Q9R186,6D7X
Q9R186,6E2G
Q9R186,7D2K
Q9R194,4I6E
Q9R194,4I6G
Q9R194,4I6J
Q9R194,4MLP
Q9R194,6KX8
Q9R194,7D0N
Q9R194,7EJ9
Q9R194,7V8Y
Q9R194,7V8Z
Q9R1E6,3NKM
Q9R1E6,3NKN
Q9R1E6,3NKO
Q9R1E6,3NKP
Q9R1E6,3NKQ
Q9R1E6,3NKR
Q9R1E6,3WAV
Q9R1E6,3WAW
Q9R1E6,3WAX
Q9R1E6,3WAY
Q9R1E6,5HRT
Q9R1E6,5INH
Q9R1E6,5JVG
Q9R1E6,5LIA
Q9R1E6,5OHI
Q9R1E6,5OLB
Q9R1E6,6LEH
Q9R1E6,6Y5M
Q9R1E6,7MFH
Q9R1M7,2RC7
Q9R1M7,2RC8
Q9R1M7,2RC9
Q9R1M7,4KCD
Q9R1T5,2GU2
Q9R1T5,2Q4Z
Q9R1V6,7EXE
Q9R257,2GOV
Q9R257,2HVA
Q9R257,4A1M
Q9R257,7OON
Q9S758,8J49
Q9S758,8PFC
Q9S7A9,1UL4
Q9S7N2,3BWN
Q9S7N2,3BWO
Q9S7T8,3LE2
Q9S7Z8,7WKS
Q9S7Z8,7WKW
Q9S7Z8,7XXB
Q9SA73,7Y9I
Q9SAR5,4TUM
Q9SAR5,5EID
Q9SB64,6TGN
Q9SB64,6TGP
Q9SB64,6TGS
Q9SBL1,7ZER
Q9SBL1,7ZF0
Q9SCK3,8UCY
Q9SCK3,8UCZ
Q9SCK3,8UD0
Q9SCL7,2RD5
Q9SCL7,4USJ
Q9SCY2,1U79
Q9SCY2,1Y0O
Q9SCZ4,6A5B
Q9SCZ4,6A5E
Q9SCZ4,7XDV
Q9SCZ4,7XDW
Q9SCZ4,7XDX
Q9SCZ4,7XDY
Q9SE42,1H1Y
Q9SE42,1H1Z
Q9SEL7,4IC5
Q9SEU8,7C3F
Q9SF21,5V5F
Q9SHE8,8WGH
Q9SJQ9,6RNG
Q9SJQ9,6RS1
Q9SKB2,6R1H
Q9SKB2,7CTV
Q9SKB2,7CTX
Q9SKB6,6NE8
Q9SKE2,4EPL
Q9SKE2,5GZZ
Q9SKN2,9JVC
Q9SM57,7BGH
Q9SMT7,5IE0
Q9SMT7,5IE2
Q9SMT7,5IE3
Q9SN68,2EFC
Q9SN68,2EFD
Q9SN68,2EFE
Q9SN68,2EFH
Q9SN68,4G01
Q9SN86,8J5D
Q9SQ68,7MBF
Q9SQR3,4IH4
Q9SQR3,8VD3
Q9SQR3,8Z53
Q9SR62,5VJV
Q9SR62,5VJW
Q9SS90,6K82
Q9SS90,6K83
Q9SS90,6K85
Q9SS90,6K86
Q9SS90,6K87
Q9SS90,6K88
Q9SS90,6K89
Q9SS90,6K8A
Q9SS90,6K8B
Q9SSA5,3RFY
Q9STE8,5UAY
Q9STE8,5UBC
Q9STE8,8DN6
Q9STG9,6LBP
Q9SU14,4ZB3
Q9SU14,4ZBP
Q9SU50,7E9U
Q9SU50,7E9X
Q9SU50,7EAW
Q9SU72,7XDD
Q9SU72,7XEY
Q9SU72,8ZW9
Q9SU72,8ZWA
Q9SU72,9JBN
Q9SV72,2LIY
Q9SW27,4X57
Q9SWH5,5KOE
Q9SWH5,5KOP
Q9SWH5,5KOR
Q9SWH5,5KWK
Q9SWH5,5KX6
Q9SWW6,1WEO
Q9SX29,7D34
Q9SXZ2,1WKP
Q9SXZ2,6IGG
Q9SXZ2,6IGH
Q9SXZ2,6IGI
Q9SXZ2,6IGJ
Q9SZC9,5LBD
Q9SZF7,5B3G
Q9SZF7,5B3H
Q9SZU7,3W06
Q9SZU7,4HRX
Q9SZU7,4HRY
Q9SZU7,4HTA
Q9SZU7,4IH1
Q9SZU7,4JYM
Q9SZU7,4JYP
Q9SZU7,5Z9G
Q9SZU7,5Z9H
Q9SZU7,8U2L
Q9SZU7,8U33
Q9SZU7,8Y9O
Q9SZU7,8ZVN
Q9SZU7,8ZVO
Q9T041,8D00
Q9T041,8F8N
Q9T0A7,8WOP
Q9T0A7,8WOV
Q9T0A7,8WOW
Q9TU17,6MHQ
Q9TU17,7JKC
Q9TU17,7JMD
Q9TU17,7JN0
Q9TU17,7JN1
Q9TV66,7NMN
Q9TV66,7NP3
Q9TV66,7NP4
Q9TV66,8OFI
Q9TY95,2WBF
Q9TY95,3CH2
Q9TY95,3CH3
Q9TY95,6X42
Q9TY95,6X44
Q9U1H9,6IHJ
Q9U1K1,3MMV
Q9U1K1,3MN5
Q9U1K1,3MN6
Q9U1K1,3MN7
Q9U1K1,3MN9
Q9U1K1,3UE5
Q9U1K1,4EFH
Q9U3P2,4OFK
Q9U3P2,4OFP
Q9U489,4UMG
Q9U8D1,1WM8
Q9U8D2,1WM7
Q9UBD6,3HD6
Q9UBF6,2ECL
Q9UBF6,9OMA
Q9UBF8,4D0L
Q9UBF8,4WAE
Q9UBF8,4WAG
Q9UBF8,5C46
Q9UBF8,5C4G
Q9UBF8,5FBL
Q9UBF8,5FBQ
Q9UBF8,5FBR
Q9UBF8,5FBV
Q9UBF8,5FBW
Q9UBF8,5LX2
Q9UBF8,5NAS
Q9UBF8,6GL3
Q9UBF8,8Q6F
Q9UBF8,8Q6G
Q9UBF8,8Q6H
Q9UBF8,8VOF
Q9UBF9,2KDG
Q9UBF9,2KKQ
Q9UBH6,5IJH
Q9UBH6,8TYU
Q9UBH6,8TYV
Q9UBH6,8X5B
Q9UBH6,8X5E
Q9UBH6,8X5F
Q9UBH6,8YET
Q9UBH6,8YEX
Q9UBH6,8YF4
Q9UBH6,8YFD
Q9UBH6,8YFU
Q9UBH6,8YFW
Q9UBH6,8YFX
Q9UBH6,8ZTO
Q9UBH6,9DVJ
Q9UBH6,9DVK
Q9UBH6,9DVL
Q9UBH6,9DVM
Q9UBH6,9DVN
Q9UBH6,9DVO
Q9UBH6,9DVP
Q9UBH6,9IJY
Q9UBH6,9IJZ
Q9UBH6,9INE
Q9UBH6,9INF
Q9UBH6,9INH
Q9UBH6,9ITG
Q9UBH6,9IUC
Q9UBH6,9IWS
Q9UBH6,9J4X
Q9UBH6,9J51
Q9UBH6,9J52
Q9UBH6,9J53
Q9UBH6,9J97
Q9UBH6,9J98
Q9UBK2,3B1M
Q9UBK2,3CS8
Q9UBK2,3U9Q
Q9UBK2,3V9T
Q9UBK2,3V9V
Q9UBK2,4QJR
Q9UBK2,4QK4
Q9UBK2,5Q0I
Q9UBK2,5TWO
Q9UBK2,5UNJ
Q9UBK2,5Z5S
Q9UBK2,5Z6S
Q9UBK2,6AD9
Q9UBK2,6FZF
Q9UBK2,6FZP
Q9UBK2,6IZM
Q9UBK2,6IZN
Q9UBK2,6K0T
Q9UBK2,6KXX
Q9UBK2,6KXY
Q9UBK2,6MS7
Q9UBK2,6NWK
Q9UBK2,6NWL
Q9UBK2,6T1V
Q9UBK2,6W9K
Q9UBK2,6W9L
Q9UBK2,7KHT
Q9UBK2,8DK4
Q9UBK2,9F7W
Q9UBK2,9F7X
Q9UBK8,2QTL
Q9UBK8,2QTZ
Q9UBN7,3C5K
Q9UBN7,3GV4
Q9UBN7,3PHD
Q9UBN7,5B8D
Q9UBN7,5EDU
Q9UBN7,5KH3
Q9UBN7,5KH7
Q9UBN7,5KH9
Q9UBN7,5WBN
Q9UBN7,5WPB
Q9UBN7,6CE6
Q9UBN7,6CE8
Q9UBN7,6CEA
Q9UBN7,6CEC
Q9UBN7,6CED
Q9UBN7,6CEE
Q9UBN7,6CEF
Q9UBN7,7ZYU
Q9UBN7,8G43
Q9UBN7,8G44
Q9UBN7,8G45
Q9UBQ5,1RZ4
Q9UBS5,6HKC
Q9UBS5,6W2Y
Q9UBU9,1FO1
Q9UBU9,1FT8
Q9UBU9,1GO5
Q9UBU9,1JKG
Q9UBU9,1JN5
Q9UBU9,1KOH
Q9UBU9,1KOO
Q9UBU9,1OAI
Q9UBU9,2Z5K
Q9UBU9,2Z5M
Q9UBU9,3RW6
Q9UBU9,3RW7
Q9UBU9,4WYK
Q9UBU9,6E5U
Q9UBU9,9I8A
Q9UBV8,8RBH
Q9UBW5,4AVM
Q9UBW5,4I1Q
Q9UBY9,8PA0
Q9UBY9,8RHA
Q9UDY6,7QS0
Q9UDY8,2G7R
Q9UDY8,3BFO
Q9UDY8,3K0W
Q9UDY8,3UO8
Q9UDY8,3UOA
Q9UDY8,3V4O
Q9UDY8,3V55
Q9UDY8,4I1P
Q9UDY8,4I1R
Q9UDY8,6F7I
Q9UDY8,6H4A
Q9UDY8,6YN8
Q9UDY8,6YN9
Q9UDY8,7A41
Q9UDY8,7AK0
Q9UDY8,7AK1
Q9UDY8,7PAV
Q9UDY8,7PAW
Q9UDY8,8J5I
Q9UDY8,8V4X
Q9UDY8,9BP2
Q9UEF7,5W21
Q9UEF7,7YSH
Q9UEF7,7YSU
Q9UEF7,8TOH
Q9UEF7,8UF8
Q9UER7,2KZS
Q9UER7,2KZU
Q9UER7,4H9N
Q9UER7,4H9O
Q9UER7,4H9P
Q9UER7,4H9Q
Q9UER7,4H9R
Q9UER7,4H9S
Q9UER7,4HGA
Q9UER7,5GRQ
Q9UER7,5KDM
Q9UER7,5Y18
Q9UER7,5Y6O
Q9UEU0,2V8S
Q9UF56,8UAH
Q9UF56,8UBT
Q9UF56,8UBV
Q9UFF9,9E7U
Q9UGI0,3ZRH
Q9UGK3,2EL8
Q9UGM1,4D01
Q9UGM1,4UXU
Q9UGM1,4UY2
Q9UGM1,6HY7
Q9UGM6,5EKD
Q9UH65,2DN6
Q9UH77,4CH9
Q9UH99,3UNP
Q9UH99,4DXR
Q9UH99,4DXS
Q9UH99,4DXT
Q9UH99,4FI9
Q9UH99,6WMF
Q9UH99,6WMG
Q9UHA7,6HPI
Q9UHB4,4H2D
Q9UHB6,2D8Y
Q9UHB9,4P3F
Q9UHC9,3QNT
Q9UHC9,7DF8
Q9UHC9,7DFW
Q9UHC9,7DFZ
Q9UHC9,7N4U
Q9UHC9,7N4V
Q9UHC9,7N4X
Q9UHD2,4EFO
Q9UHD2,4EUT
Q9UHD2,4EUU
Q9UHD2,4IM0
Q9UHD2,4IM2
Q9UHD2,4IM3
Q9UHD2,4IW0
Q9UHD2,4IWO
Q9UHD2,4IWP
Q9UHD2,4IWQ
Q9UHD2,5W5V
Q9UHD2,6BNY
Q9UHD2,6BOD
Q9UHD2,6BOE
Q9UHD2,6CQ0
Q9UHD2,6CQ4
Q9UHD2,6CQ5
Q9UHD2,6NT9
Q9UHD2,6RSR
Q9UHD2,6RST
Q9UHD2,6RSU
Q9UHD8,4YQF
Q9UHD8,5CYO
Q9UHD8,5CYP
Q9UHD9,1J8C
Q9UHD9,6MUN
Q9UHG0,2DNF
Q9UHI6,2OXC
Q9UHI6,3B7G
Q9UHI7,8JEW
Q9UHI7,8JEZ
Q9UHI7,8JF0
Q9UHI7,8JF1
Q9UHL0,2RB4
Q9UHL4,3JYH
Q9UHL4,3N0T
Q9UHL4,4EBB
Q9UHN6,8C6I
Q9UHP3,2MUX
Q9UHP3,5O71
Q9UHP3,6H4J
Q9UHP3,6H4K
Q9UHP3,6HEL
Q9UHP3,6HEM
Q9UHP7,4QKG
Q9UHP7,4QKH
Q9UHP7,4QKI
Q9UHP7,4QKJ
Q9UHP7,4WCO
Q9UHP7,5MGT
Q9UHR4,2KXC
Q9UHV8,5XG7
Q9UHV8,5XG8
Q9UHV8,5Y03
Q9UHV8,6A62
Q9UHV8,6A63
Q9UHV8,6A64
Q9UHV8,6A65
Q9UHV8,6A66
Q9UHV8,6KJW
Q9UHV8,6KJX
Q9UHV8,6KJY
Q9UHX3,2BO2
Q9UHX3,2BOU
Q9UHX3,2BOX
Q9UI30,6H1D
Q9UI30,6H1E
Q9UI30,6H2U
Q9UI30,6H2V
Q9UI30,6K0X
Q9UI30,6KHS
Q9UI30,6KMR
Q9UI30,6KMS
Q9UI30,6PED
Q9UI30,8CNC
Q9UI30,8QDG
Q9UI30,8QDI
Q9UI30,9FIM
Q9UI30,9FKE
Q9UI30,9FKG
Q9UI30,9FKM
Q9UI30,9FKV
Q9UI30,9FKW
Q9UI30,9FL4
Q9UI30,9FL5
Q9UI30,9OHL
Q9UI95,3ABD
Q9UI95,3ABE
Q9UI95,3VU7
Q9UI95,4EXT
Q9UI95,4GK0
Q9UI95,4GK5
Q9UI95,6BC8
Q9UI95,6BCD
Q9UI95,6BI7
Q9UI95,6K07
Q9UI95,6K08
Q9UI95,6KEA
Q9UI95,6KTO
Q9UI95,6M7A
Q9UI95,6M7B
Q9UI95,6NIF
Q9UI95,6VE5
Q9UI95,6WS0
Q9UI95,6WS5
Q9UI95,6WW9
Q9UI95,6WWA
Q9UI95,7L9P
Q9UIB8,2PKD
Q9UII4,8Y4Z
Q9UIJ7,1ZD8
Q9UIJ7,6ZJB
Q9UIJ7,6ZJD
Q9UIJ7,6ZJE
Q9UIL1,4BWD
Q9UIL1,7AA7
Q9UIQ6,4P8Q
Q9UIQ6,4PJ6
Q9UIQ6,4Z7I
Q9UIQ6,5C97
Q9UIQ6,5MJ6
Q9UIQ6,6YDX
Q9UIQ6,7ZYF
Q9UIQ6,8CGP
Q9UIQ6,8CGW
Q9UIQ6,8P0I
Q9UJ41,1TXU
Q9UJ41,2C7M
Q9UJ41,2C7N
Q9UJ41,4N3X
Q9UJ41,4N3Y
Q9UJ41,4N3Z
Q9UJ71,3C22
Q9UJ71,3KQG
Q9UJ71,3P5D
Q9UJ71,3P5E
Q9UJ71,3P5F
Q9UJ71,3P5G
Q9UJ71,3P5H
Q9UJ71,3P5I
Q9UJ71,3P7F
Q9UJ71,3P7G
Q9UJ71,3P7H
Q9UJ71,4AK8
Q9UJ71,4N32
Q9UJ71,4N33
Q9UJ71,4N34
Q9UJ71,4N35
Q9UJ71,4N36
Q9UJ71,4N37
Q9UJ71,4N38
Q9UJ71,5G6U
Q9UJ71,7WZ8
Q9UJ71,7YTQ
Q9UJM3,2RF9
Q9UJM3,2RFD
Q9UJM3,2RFE
Q9UJM3,4I21
Q9UJM3,4R3P
Q9UJM3,4R3R
Q9UJM3,4ZJV
Q9UJM8,2NZL
Q9UJM8,2RDT
Q9UJM8,2RDU
Q9UJM8,2RDW
Q9UJM8,2W0U
Q9UJM8,5QIB
Q9UJM8,5QIC
Q9UJM8,5QID
Q9UJM8,5QIE
Q9UJM8,5QIF
Q9UJM8,5QIG
Q9UJM8,5QIH
Q9UJM8,6GMB
Q9UJM8,6GMC
Q9UJM8,6W44
Q9UJM8,6W45
Q9UJM8,6W4C
Q9UJM8,7M2O
Q9UJM8,7R4N
Q9UJM8,7R4O
Q9UJM8,7R4P
Q9UJS0,4P5W
Q9UJU6,1X67
Q9UJX3,3FFL
Q9UJY1,8S7A
Q9UJY4,1MHQ
Q9UJY5,1J2J
Q9UJY5,1JWF
Q9UJY5,1JWG
Q9UJY5,1NA8
Q9UJY5,1NAF
Q9UJY5,1NWM
Q9UJY5,1O3X
Q9UJY5,1OXZ
Q9UJY5,1PY1
Q9UJY5,1UJJ
Q9UJY5,1UJK
Q9UJY5,1X79
Q9UJY5,2DWX
Q9UJY5,2DWY
Q9UJY5,3G2S
Q9UJY5,3G2T
Q9UJY5,3G2U
Q9UJY5,3G2V
Q9UJY5,3G2W
Q9UK05,1ZKZ
Q9UK05,4MPL
Q9UK05,4YCG
Q9UK05,4YCI
Q9UK05,5I05
Q9UK05,9DPM
Q9UK05,9DPN
Q9UK05,9DPO
Q9UK05,9DPP
Q9UK05,9DPQ
Q9UK05,9DPR
Q9UK05,9DPS
Q9UK05,9DPT
Q9UK05,9DPU
Q9UK05,9DPV
Q9UK05,9DPW
Q9UK05,9DPX
Q9UK32,6G76
Q9UK32,6G77
Q9UK32,6G78
Q9UK39,6BT1
Q9UK39,6BT2
Q9UK39,6MAL
Q9UK39,6NF0
Q9UK73,6LBF
Q9UK73,8WQD
Q9UK73,9J77
Q9UK73,9J78
Q9UKA1,3U9J
Q9UKA1,3U9M
Q9UKA1,3V5X
Q9UKA1,3V5Y
Q9UKA1,3V5Z
Q9UKA1,6VCD
Q9UKB3,2CTQ
Q9UKC9,6O60
Q9UKG1,2EJ8
Q9UKG1,2ELA
Q9UKG1,2ELB
Q9UKG1,2Q12
Q9UKG1,2Q13
Q9UKG1,2Z0N
Q9UKG1,2Z0O
Q9UKK3,8SWY
Q9UKK3,8SWZ
Q9UKK3,8SX1
Q9UKK3,8SX2
Q9UKK3,9DEV
Q9UKK3,9DFO
Q9UKK3,9DFP
Q9UKK3,9DFQ
Q9UKK3,9DFR
Q9UKM7,1FMI
Q9UKM7,1FO2
Q9UKM7,1FO3
Q9UKM7,1X9D
Q9UKM7,5KIJ
Q9UKM7,5KK7
Q9UKT4,2M6N
Q9UKV5,2EJS
Q9UKV5,2LVN
Q9UKV5,2LXH
Q9UKV5,2LXP
Q9UKV5,3FSH
Q9UKV5,3H8K
Q9UKV5,3TIW
Q9UKV5,4G3O
Q9UKV5,4LAD
Q9UKV5,8T0S
Q9UKV8,3LUC
Q9UKV8,3LUD
Q9UKV8,3LUG
Q9UKV8,3LUH
Q9UKV8,3LUJ
Q9UKV8,3LUK
Q9UKV8,3QX8
Q9UKV8,3QX9
Q9UKV8,4F3T
Q9UKV8,4OLA
Q9UKV8,4OLB
Q9UKV8,4W5N
Q9UKV8,4W5O
Q9UKV8,4W5Q
Q9UKV8,4W5R
Q9UKV8,4W5T
Q9UKV8,4Z4C
Q9UKV8,4Z4D
Q9UKV8,4Z4E
Q9UKV8,4Z4F
Q9UKV8,4Z4G
Q9UKV8,4Z4H
Q9UKV8,4Z4I
Q9UKV8,5JS1
Q9UKV8,5JS2
Q9UKV8,5KI6
Q9UKV8,5T7B
Q9UKV8,5WEA
Q9UKV8,6CBD
Q9UKV8,6MDZ
Q9UKV8,6MFN
Q9UKV8,6MFR
Q9UKV8,6N4O
Q9UKV8,6NIT
Q9UKV8,6RA4
Q9UKV8,7C6B
Q9UKV8,7D7U
Q9UKV8,7KI3
Q9UKV8,8D6J
Q9UKV8,8D71
Q9UKV8,8THQ
Q9UKV8,9BEZ
Q9UKV8,9BF0
Q9UKV8,9BF2
Q9UKV8,9CMP
Q9UKV8,9K6P
Q9UKV8,9K6Q
Q9UKV8,9K6R
Q9UKV8,9K6S
Q9UKV8,9K6T
Q9UKX7,2EC1
Q9UKX7,3TJ3
Q9UKX7,7MO0
Q9UKY0,1LG4
Q9UL01,6HZN
Q9UL18,1SI2
Q9UL18,1SI3
Q9UL18,4KRE
Q9UL18,4KRF
Q9UL18,4KXT
Q9UL19,2LKT
Q9UL19,2MY9
Q9UL19,7ZOT
Q9UL25,1YZT
Q9UL25,1YZU
Q9UL25,1Z08
Q9UL25,1Z0I
Q9UL25,2OT3
Q9UL40,2MKD
Q9UL40,2MKN
Q9UL42,8UYO
Q9UL51,2MPF
Q9UL51,3U10
Q9UL62,6YSN
Q9UL62,7D4P
Q9UL62,7D4Q
Q9UL62,7E4T
Q9UL62,7WDB
Q9UL62,7X6C
Q9UL62,7X6I
Q9UL62,8GVW
Q9UL62,8GVX
Q9UL62,9G4Y
Q9UL62,9G50
Q9UL62,9GKB
Q9UL62,9GL6
Q9UL62,9M36
Q9UL62,9M4W
Q9UL62,9M5V
Q9UL63,8TTQ
Q9ULA0,4DYO
Q9ULC3,8YIM
Q9ULC3,8YL3
Q9ULC3,8YNR
Q9ULC3,8YO0
Q9ULC3,8YP0
Q9ULC3,9RS9
Q9ULC4,3R90
Q9ULC4,5ONS
Q9ULC4,6MS4
Q9ULC6,5HP5
Q9ULD6,7Q3D
Q9ULD6,9RS8
Q9ULJ6,5AIZ
Q9ULL8,2EDP
Q9ULR3,7KPR
Q9ULR3,7L4I
Q9ULR3,7L4J
Q9ULR3,7N0Z
Q9ULT6,8G4Y
Q9ULU4,4COS
Q9ULU4,5B73
Q9ULU4,5MQ4
Q9ULU4,7CWH
Q9ULV1,5BPB
Q9ULV1,5BPQ
Q9ULV1,5BQC
Q9ULV1,5BQE
Q9ULV1,5CL1
Q9ULV1,5CM4
Q9ULV1,5UWG
Q9ULV1,6BD4
Q9ULV1,6NE1
Q9ULV4,7STY
Q9ULW0,6BJC
Q9ULW5,2G6B
Q9ULW8,6CE1
Q9ULW8,7D4Y
Q9ULW8,7D56
Q9ULW8,7D5R
Q9ULW8,7D5V
Q9ULW8,7D8N
Q9ULW8,7DAN
Q9ULY5,3WH2
Q9ULY5,3WH3
Q9ULZ2,1X1F
Q9ULZ3,1UCP
Q9ULZ3,2KN6
Q9ULZ3,3J63
Q9ULZ3,5H8O
Q9ULZ3,6K99
Q9ULZ3,6KI0
Q9ULZ3,6N1H
Q9ULZ3,7E5B
Q9UM01,8XXI
Q9UM01,8XYJ
Q9UM01,8YLP
Q9UM01,9KH5
Q9UM01,9KJU
Q9UM07,1WD8
Q9UM07,1WD9
Q9UM07,1WDA
Q9UM07,2DEW
Q9UM07,2DEX
Q9UM07,2DEY
Q9UM07,2DW5
Q9UM07,3APM
Q9UM07,3APN
Q9UM07,3B1T
Q9UM07,3B1U
Q9UM07,4DKT
Q9UM07,4X8C
Q9UM07,4X8G
Q9UM07,5N0M
Q9UM07,5N0Y
Q9UM07,5N0Z
Q9UM07,5N1B
Q9UM07,8GOD
Q9UM07,8R8U
Q9UM07,8R8V
Q9UM07,8SMK
Q9UM07,8SML
Q9UM07,9DOP
Q9UM07,9DPZ
Q9UM22,6E7O
Q9UM22,6E8N
Q9UM22,6JLD
Q9UM54,2N0Z
Q9UM54,2N10
Q9UM54,2N11
Q9UM54,2N12
Q9UM54,6J56
Q9UM54,8W41
Q9UM73,2KUP
Q9UM73,2KUQ
Q9UM73,2XB7
Q9UM73,2XBA
Q9UM73,2XP2
Q9UM73,2YFX
Q9UM73,2YHV
Q9UM73,2YJR
Q9UM73,2YJS
Q9UM73,2YS5
Q9UM73,2YT2
Q9UM73,3AOX
Q9UM73,3L9P
Q9UM73,3LCS
Q9UM73,3LCT
Q9UM73,4ANL
Q9UM73,4ANQ
Q9UM73,4ANS
Q9UM73,4CCB
Q9UM73,4CCU
Q9UM73,4CD0
Q9UM73,4CLI
Q9UM73,4CLJ
Q9UM73,4CMO
Q9UM73,4CMT
Q9UM73,4CMU
Q9UM73,4CNH
Q9UM73,4CTB
Q9UM73,4CTC
Q9UM73,4DCE
Q9UM73,4FNW
Q9UM73,4FNX
Q9UM73,4FNY
Q9UM73,4FNZ
Q9UM73,4FOB
Q9UM73,4FOC
Q9UM73,4FOD
Q9UM73,4JOA
Q9UM73,4MKC
Q9UM73,4TT7
Q9UM73,4Z55
Q9UM73,5A9U
Q9UM73,5AA8
Q9UM73,5AA9
Q9UM73,5AAA
Q9UM73,5AAB
Q9UM73,5AAC
Q9UM73,5FTO
Q9UM73,5FTQ
Q9UM73,5IMX
Q9UM73,5IUG
Q9UM73,5IUH
Q9UM73,5IUI
Q9UM73,5KZ0
Q9UM73,6CDT
Q9UM73,6E0R
Q9UM73,6EBW
Q9UM73,6EDL
Q9UM73,6MX8
Q9UM73,7BTT
Q9UM73,7JY4
Q9UM73,7JYR
Q9UM73,7JYS
Q9UM73,7JYT
Q9UM73,7LRZ
Q9UM73,7LS0
Q9UM73,7MZW
Q9UM73,7MZY
Q9UM73,7N00
Q9UM73,7NWZ
Q9UM73,7NX3
Q9UM73,7NX4
Q9UM73,7R7K
Q9UM73,7R7R
Q9UM73,8ARJ
Q9UM73,9G5I
Q9UM73,9GBE
Q9UM82,5LJM
Q9UM82,5LJN
Q9UMR2,3EWS
Q9UMR2,3FHC
Q9UMR2,3FHT
Q9UMR2,3FMO
Q9UMR2,3FMP
Q9UMR2,3G0H
Q9UMR2,6B4K
Q9UMR7,5B1W
Q9UMR7,5B1X
Q9UMS4,4LG8
Q9UMX0,2JY5
Q9UMX0,2KLC
Q9UMX1,1M1L
Q9UMX1,4BL8
Q9UMX1,4BL9
Q9UMX1,4BLA
Q9UMX1,4BLD
Q9UMX1,4KM8
Q9UMX1,4KM9
Q9UMX1,4KMH
Q9UMX3,6CKV
Q9UMZ2,2MX7
Q9UN19,1FAO
Q9UN19,1FB8
Q9UN37,1YXR
Q9UN37,2JQ9
Q9UN37,2K3W
Q9UN81,2LDY
Q9UN81,2W7A
Q9UN81,2YKO
Q9UN81,2YKP
Q9UN81,2YKQ
Q9UN81,6FIA
Q9UN86,5DRV
Q9UNA0,2RJQ
Q9UNA0,3B8Z
Q9UNA0,3HY7
Q9UNA0,3HY9
Q9UNA0,3HYG
Q9UNA0,3LJT
Q9UNA0,6YJM
Q9UNE7,4KBQ
Q9UNE7,6EFK
Q9UNE7,6NSV
Q9UNE7,7TB1
Q9UNE7,8EHZ
Q9UNE7,8EI0
Q9UNE7,8F14
Q9UNE7,8F15
Q9UNE7,8F16
Q9UNE7,8F17
Q9UNE7,8SUV
Q9UNE7,9DRY
Q9UNE7,9DYB
Q9UNF0,3ABH
Q9UNF0,3ACO
Q9UNF0,3HAJ
Q9UNF0,3Q0K
Q9UNG2,2Q1M
Q9UNG2,2R30
Q9UNG2,2R32
Q9UNG2,3B93
Q9UNG2,3B94
Q9UNG2,7KHD
Q9UNG2,7LAW
Q9UNH6,3IQ2
Q9UNI6,4JNB
Q9UNI6,4KI9
Q9UNQ0,5NJ3
Q9UNQ0,5NJG
Q9UNQ0,6ETI
Q9UNQ0,6FEQ
Q9UNQ0,6FFC
Q9UNQ0,6HBU
Q9UNQ0,6HCO
Q9UNQ0,6HIJ
Q9UNQ0,6HZM
Q9UNQ0,6VXF
Q9UNQ0,6VXH
Q9UNQ0,6VXI
Q9UNQ0,6VXJ
Q9UNQ0,7NEQ
Q9UNQ0,7NEZ
Q9UNQ0,7NFD
Q9UNQ0,7OJ8
Q9UNQ0,7OJH
Q9UNQ0,7OJI
Q9UNQ0,8BHT
Q9UNQ0,8BI0
Q9UNQ0,8P7W
Q9UNQ0,8P8A
Q9UNQ0,8P8J
Q9UNQ0,8PXO
Q9UNQ0,8PY4
Q9UNQ0,8Q7B
Q9UNQ0,8QCM
Q9UNQ0,8U2C
Q9UNQ2,1ZQ9
Q9UNQ2,6W6C
Q9UNQ2,6W6F
Q9UP38,8J9N
Q9UP38,8J9O
Q9UPP1,2WWU
Q9UPP1,3K3N
Q9UPP1,3K3O
Q9UPP1,3KV4
Q9UPP1,4DO0
Q9UPP1,7CMZ
Q9UPQ3,7EB6
Q9UPR3,2HWY
Q9UPU9,8OIK
Q9UPV0,7NWJ
Q9UPV0,7O06
Q9UPV0,7O0S
Q9UPV0,7O3B
Q9UPY3,2EB1
Q9UPY3,4NGB
Q9UPY3,4NGC
Q9UPY3,4NGD
Q9UPY3,4NGF
Q9UPY3,4NGG
Q9UPY3,4NH3
Q9UPY3,4NH5
Q9UPY3,4NH6
Q9UPY3,4NHA
Q9UPY3,4WYQ
Q9UPY3,5ZAK
Q9UPY3,5ZAL
Q9UPY3,5ZAM
Q9UPY3,7XW2
Q9UPY3,7XW3
Q9UPY5,7CCS
Q9UPY5,7EPZ
Q9UPY5,7P9U
Q9UPY5,7P9V
Q9UPY8,1WYO
Q9UPY8,3CO1
Q9UPY8,3JAK
Q9UPY8,3JAL
Q9UPY8,3JAR
Q9UPY8,7SJ9
Q9UPY8,9F3R
Q9UPY8,9F3S
Q9UPZ6,8OXR
Q9UQ13,7SD1
Q9UQ13,7T7A
Q9UQ13,7TVG
Q9UQ13,7TYG
Q9UQ13,9BTM
Q9UQ13,9BTN
Q9UQ13,9BTP
Q9UQ80,2Q8K
Q9UQ80,3J2I
Q9UQ80,6CHT
Q9UQ80,6WM8
Q9UQ90,2QZ4
Q9UQC2,6Y3R
Q9UQC2,6Y3S
Q9UQC2,6ZVB
Q9UQC2,6ZVC
Q9UQC2,6ZVD
Q9UQC2,6ZVE
Q9UQD0,8FHD
Q9UQD0,8GZ1
Q9UQD0,8GZ2
Q9UQN3,2JQK
Q9UQV4,4AKM
Q9UR19,4BLK
Q9UR19,4BLL
Q9UR19,4BLN
Q9UR19,4BLX
Q9UR19,4BLY
Q9UR19,4BLZ
Q9UR19,4BM0
Q9URB4,6LNK
Q9URB4,7V6F
Q9URB4,7V6G
Q9URB4,7YVA
Q9USH6,4UA3
Q9USJ8,5CE7
Q9USL5,3MCA
Q9USP7,6GDJ
Q9USR9,6O2D
Q9USV1,3VIQ
Q9UT12,5YL6
Q9UT12,5YLB
Q9UT55,7T7K
Q9UT55,7T7O
Q9UT55,7U1V
Q9UT55,7U1X
Q9UT55,7U1Y
Q9UT61,6LZ1
Q9UT61,7DD9
Q9UT76,5B04
Q9UT76,6JLY
Q9UT76,6JLZ
Q9UTE6,8EUG
Q9UTE6,8EUI
Q9UTG2,9B55
Q9UTG2,9B56
Q9UTG2,9B57
Q9UTG2,9B58
Q9UTG2,9B59
Q9UTG2,9B5A
Q9UTG2,9B5B
Q9UTI3,4KVM
Q9UTI3,4KVO
Q9UTI3,4KVX
Q9UTI8,9AXU
Q9UUD1,5GPD
Q9UUD1,5GRS
Q9UUJ1,6W17
Q9UUJ1,6W18
Q9UUJ1,8E9B
Q9UUJ1,8UXW
Q9UUJ1,8UXX
Q9UUZ2,4C2L
Q9V3D4,1JND
Q9V3D4,1JNE
Q9V3X4,6MLU
Q9VA37,4E08
Q9VAC8,5AL7
Q9VAK8,3ZZO
Q9VAK8,3ZZR
Q9VAP2,9RPD
Q9VAW5,8DHU
Q9VC57,3X1D
Q9VEZ3,2QK2
Q9VEZ3,4QMH
Q9VEZ3,4Y5J
Q9VEZ3,5VJC
Q9VFS5,4WSF
Q9VI58,5Z4A
Q9VI58,5Z4C
Q9VI58,5Z4D
Q9VI58,5Z4J
Q9VI58,5Z4M
Q9VI58,6I0S
Q9VI58,6I0T
Q9VI58,6I0U
Q9VI58,6I0V
Q9VIF5,5XYV
Q9VIH7,5HJN
Q9VIH7,5HJQ
Q9VIH7,6R82
Q9VJ83,6ZSY
Q9VJ83,6ZSZ
Q9VKD7,4GEL
Q9VKD7,4GEM
Q9VKD7,4GEN
Q9VKD7,4H4A
Q9VKJ9,5VNY
Q9VKJ9,5VO5
Q9VKJ9,6EI6
Q9VKJ9,7ZRV
Q9VKJ9,7ZSD
Q9VKJ9,7ZSS
Q9VKK1,2VXG
Q9VKM1,5YGD
Q9VKM1,5YGF
Q9VKM1,6KR6
Q9VM64,2IBB
Q9VM64,2IBG
Q9VM64,2IC2
Q9VNS0,4YBG
Q9VQ91,5YGB
Q9VQ91,5YGC
Q9VSR3,6VPS
Q9VSR3,8YAC
Q9VUL1,6L6Z
Q9VUL1,6LFG
Q9VUL1,7DPT
Q9VUL1,7DPW
Q9VUL1,7WIZ
Q9VUL1,7WJ4
Q9VUL1,9IZ1
Q9VUL1,9IZ2
Q9VUQ5,1R6Z
Q9VUQ5,1T2R
Q9VUQ5,1T2S
Q9VUQ5,1VYN
Q9VUQ5,3MJ0
Q9VUX3,4UZJ
Q9VUX3,4UZK
Q9VV73,6IEW
Q9VV73,6MRK
Q9VV73,6OPF
Q9VVI2,2RM4
Q9VVI3,2EZ5
Q9VVT2,8ZKW
Q9VVT2,8ZKZ
Q9VVT2,8ZL1
Q9VVT2,8ZL2
Q9VVT2,8ZL3
Q9VVT2,8ZL4
Q9VVT2,8ZL6
Q9VXN9,2CB3
Q9VYX7,1S2J
Q9VYX7,1SXR
Q9W0S7,2WAC
Q9WTL8,8VHG
Q9WTU3,3WFN
Q9WU70,1URQ
Q9WUD8,2KD2
Q9WUF4,1GL2
Q9WV55,2CRI
Q9WV89,1WI4
Q9WVC8,5DOW
Q9WVE8,3LLL
Q9WVE9,3HS9
Q9WVG6,2V74
Q9WVG6,2V7E
Q9WVG6,5IH3
Q9WVG6,5IS6
Q9WVG6,5IS7
Q9WVG6,5IS8
Q9WVG6,5IS9
Q9WVG6,5ISA
Q9WVG6,5ISB
Q9WVG6,5ISC
Q9WVG6,5ISD
Q9WVG6,5ISE
Q9WVG6,5ISF
Q9WVG6,5ISG
Q9WVG6,5ISH
Q9WVG6,5ISI
Q9WVG6,5K8V
Q9WVG6,5K8W
Q9WVG6,5K8X
Q9WVG6,5LKJ
Q9WVG6,5LV2
Q9WVG6,5LV3
Q9WVG6,5NTC
Q9WVG6,5TBH
Q9WVG6,5TBI
Q9WVG6,5TBJ
Q9WVG6,7OKP
Q9WVG6,7OS4
Q9WVG6,7PPQ
Q9WVG6,7PPY
Q9WVG6,7PU8
Q9WVG6,7PUC
Q9WVG6,7PUQ
Q9WVG6,7PV6
Q9WVG6,7QPH
Q9WVG6,7QRD
Q9WVL3,6UKN
Q9WVQ1,6JJZ
Q9WVQ1,6KKG
Q9WVQ1,7D6F
Q9WVQ1,7YKF
Q9WVQ1,7YKG
Q9WVS6,1MG8
Q9WVS6,2ZEQ
Q9WVS6,3B1L
Q9XEA1,6JPF
Q9XEA1,8GRN
Q9XEA1,8YMM
Q9XEA1,8YMN
Q9XEA1,8YMO
Q9XEA1,8YMP
Q9XEA1,8YMQ
Q9XF23,6I8G
Q9XF23,6I8H
Q9XF23,6Q6Z
Q9XFH9,7C2B
Q9XFX3,1B5F
Q9XFX4,5NFG
Q9XG54,1ICP
Q9XG54,1ICQ
Q9XG54,1ICS
Q9XG54,3HGR
Q9XGM3,4C6R
Q9XGW1,7SVA
Q9XGW1,7SWF
Q9XGW1,7SWQ
Q9XHH2,1DS9
Q9XHH2,1M9L
Q9XHH2,5YXM
Q9XHH2,6L4P
Q9XIC7,4Z61
Q9XIC7,6G3W
Q9XIK0,9EPT
Q9XSC9,2BB6
Q9XSC9,2BBC
Q9XSC9,2V3N
Q9XSC9,2V3P
Q9XSH5,1KT1
Q9XSM3,6B5V
Q9XSM3,6DMR
Q9XSM3,6DMU
Q9XSM3,6DMW
Q9XSM3,6O1N
Q9XSM3,6O1P
Q9XSM3,6O1U
Q9XSM3,6O20
Q9XSM3,6PBE
Q9XSM3,6PBF
Q9XSM3,7T6J
Q9XSM3,7T6K
Q9XSM3,7T6L
Q9XSM3,7T6M
Q9XSM3,7T6N
Q9XSM3,7T6O
Q9XSM3,7T6P
Q9XSM3,7T6Q
Q9XSM3,7T6R
Q9XSM3,8FFN
Q9XSM3,8FFO
Q9XSM3,8FFQ
Q9XSM3,8FHH
Q9XSM3,8FHI
Q9XSM3,8TF2
Q9XSM3,8TF3
Q9XSM3,8TF4
Q9XUB2,6PMG
Q9XUJ7,6RA0
Q9XWS0,2LYC
Q9XYH7,2K2S
Q9XYH7,2K2T
Q9Y006,3QVC
Q9Y006,3QVI
Q9Y006,6KUB
Q9Y006,6KUC
Q9Y006,6KUD
Q9Y210,5YX9
Q9Y210,6UZ8
Q9Y210,6UZA
Q9Y210,7A6U
Q9Y210,7DXF
Q9Y210,7DXG
Q9Y217,2YF0
Q9Y221,1SQW
Q9Y221,1T5Y
Q9Y224,7P3A
Q9Y225,2EP4
Q9Y227,6WG5
Q9Y231,8D0O
Q9Y231,8D0P
Q9Y231,8D0Q
Q9Y231,8D0R
Q9Y231,8D0S
Q9Y231,8D0U
Q9Y231,8D0W
Q9Y231,8D0X
Q9Y233,2OUN
Q9Y233,2OUP
Q9Y233,2OUQ
Q9Y233,2OUR
Q9Y233,2OUS
Q9Y233,2OUU
Q9Y233,2OUV
Q9Y233,2OUY
Q9Y233,2WEY
Q9Y233,2Y0J
Q9Y233,2ZMF
Q9Y233,3SN7
Q9Y233,3SNI
Q9Y233,3SNL
Q9Y233,3UI7
Q9Y233,3UUO
Q9Y233,3WI2
Q9Y233,3WS8
Q9Y233,3WS9
Q9Y233,3WYK
Q9Y233,3WYL
Q9Y233,3WYM
Q9Y233,4AEL
Q9Y233,4AJD
Q9Y233,4AJF
Q9Y233,4AJG
Q9Y233,4AJM
Q9Y233,4BBX
Q9Y233,4DDL
Q9Y233,4DFF
Q9Y233,4FCB
Q9Y233,4FCD
Q9Y233,4HEU
Q9Y233,4HF4
Q9Y233,4LKQ
Q9Y233,4LLJ
Q9Y233,4LLK
Q9Y233,4LLP
Q9Y233,4LLX
Q9Y233,4LM0
Q9Y233,4LM1
Q9Y233,4LM2
Q9Y233,4LM3
Q9Y233,4LM4
Q9Y233,4MRW
Q9Y233,4MRZ
Q9Y233,4MS0
Q9Y233,4MSA
Q9Y233,4MSC
Q9Y233,4MSE
Q9Y233,4MSH
Q9Y233,4MSN
Q9Y233,4MUW
Q9Y233,4MVH
Q9Y233,4P0N
Q9Y233,4P1R
Q9Y233,4PHW
Q9Y233,4TPM
Q9Y233,4TPP
Q9Y233,4WN1
Q9Y233,4XY2
Q9Y233,4YQH
Q9Y233,4YS7
Q9Y233,4ZO5
Q9Y233,5AXP
Q9Y233,5AXQ
Q9Y233,5B4K
Q9Y233,5B4L
Q9Y233,5C1W
Q9Y233,5C28
Q9Y233,5C29
Q9Y233,5C2A
Q9Y233,5C2E
Q9Y233,5C2H
Q9Y233,5DH4
Q9Y233,5DH5
Q9Y233,5EDE
Q9Y233,5EDG
Q9Y233,5EDH
Q9Y233,5EDI
Q9Y233,5I2R
Q9Y233,5K9R
Q9Y233,5SDU
Q9Y233,5SDV
Q9Y233,5SDW
Q9Y233,5SDX
Q9Y233,5SDY
Q9Y233,5SDZ
Q9Y233,5SE0
Q9Y233,5SE1
Q9Y233,5SE2
Q9Y233,5SE3
Q9Y233,5SE4
Q9Y233,5SE5
Q9Y233,5SE6
Q9Y233,5SE7
Q9Y233,5SE8
Q9Y233,5SE9
Q9Y233,5SEA
Q9Y233,5SEB
Q9Y233,5SEC
Q9Y233,5SED
Q9Y233,5SEE
Q9Y233,5SEF
Q9Y233,5SEG
Q9Y233,5SEH
Q9Y233,5SEI
Q9Y233,5SEJ
Q9Y233,5SEK
Q9Y233,5SEL
Q9Y233,5SEM
Q9Y233,5SEN
Q9Y233,5SEO
Q9Y233,5SEP
Q9Y233,5SEQ
Q9Y233,5SER
Q9Y233,5SES
Q9Y233,5SET
Q9Y233,5SEU
Q9Y233,5SEV
Q9Y233,5SEW
Q9Y233,5SEX
Q9Y233,5SEY
Q9Y233,5SEZ
Q9Y233,5SF0
Q9Y233,5SF1
Q9Y233,5SF2
Q9Y233,5SF3
Q9Y233,5SF4
Q9Y233,5SF5
Q9Y233,5SF6
Q9Y233,5SF7
Q9Y233,5SF8
Q9Y233,5SF9
Q9Y233,5SFA
Q9Y233,5SFB
Q9Y233,5SFC
Q9Y233,5SFD
Q9Y233,5SFE
Q9Y233,5SFF
Q9Y233,5SFG
Q9Y233,5SFH
Q9Y233,5SFI
Q9Y233,5SFJ
Q9Y233,5SFK
Q9Y233,5SFL
Q9Y233,5SFM
Q9Y233,5SFN
Q9Y233,5SFO
Q9Y233,5SFP
Q9Y233,5SFQ
Q9Y233,5SFR
Q9Y233,5SFS
Q9Y233,5SFT
Q9Y233,5SFU
Q9Y233,5SFV
Q9Y233,5SFW
Q9Y233,5SFX
Q9Y233,5SFY
Q9Y233,5SFZ
Q9Y233,5SG0
Q9Y233,5SG1
Q9Y233,5SG2
Q9Y233,5SG3
Q9Y233,5SG4
Q9Y233,5SG5
Q9Y233,5SG6
Q9Y233,5SG7
Q9Y233,5SG8
Q9Y233,5SG9
Q9Y233,5SGB
Q9Y233,5SGC
Q9Y233,5SGD
Q9Y233,5SGE
Q9Y233,5SGF
Q9Y233,5SGG
Q9Y233,5SGH
Q9Y233,5SGI
Q9Y233,5SGJ
Q9Y233,5SGK
Q9Y233,5SGL
Q9Y233,5SGM
Q9Y233,5SGN
Q9Y233,5SGO
Q9Y233,5SGP
Q9Y233,5SGQ
Q9Y233,5SGR
Q9Y233,5SGS
Q9Y233,5SGT
Q9Y233,5SGU
Q9Y233,5SGV
Q9Y233,5SGW
Q9Y233,5SGX
Q9Y233,5SGY
Q9Y233,5SGZ
Q9Y233,5SH0
Q9Y233,5SH1
Q9Y233,5SH2
Q9Y233,5SH3
Q9Y233,5SH4
Q9Y233,5SH5
Q9Y233,5SH6
Q9Y233,5SH7
Q9Y233,5SH8
Q9Y233,5SH9
Q9Y233,5SHA
Q9Y233,5SHB
Q9Y233,5SHC
Q9Y233,5SHD
Q9Y233,5SHE
Q9Y233,5SHF
Q9Y233,5SHG
Q9Y233,5SHH
Q9Y233,5SHI
Q9Y233,5SHJ
Q9Y233,5SHK
Q9Y233,5SHL
Q9Y233,5SHM
Q9Y233,5SHN
Q9Y233,5SHO
Q9Y233,5SHP
Q9Y233,5SHQ
Q9Y233,5SHR
Q9Y233,5SHS
Q9Y233,5SHT
Q9Y233,5SHU
Q9Y233,5SHV
Q9Y233,5SHW
Q9Y233,5SHX
Q9Y233,5SHY
Q9Y233,5SHZ
Q9Y233,5SI0
Q9Y233,5SI1
Q9Y233,5SI2
Q9Y233,5SI3
Q9Y233,5SI4
Q9Y233,5SI5
Q9Y233,5SI6
Q9Y233,5SI7
Q9Y233,5SI8
Q9Y233,5SI9
Q9Y233,5SIA
Q9Y233,5SIB
Q9Y233,5SID
Q9Y233,5SIE
Q9Y233,5SIF
Q9Y233,5SIG
Q9Y233,5SIH
Q9Y233,5SII
Q9Y233,5SIJ
Q9Y233,5SIK
Q9Y233,5SIL
Q9Y233,5SIM
Q9Y233,5SIN
Q9Y233,5SIO
Q9Y233,5SIP
Q9Y233,5SIQ
Q9Y233,5SIR
Q9Y233,5SIS
Q9Y233,5SIT
Q9Y233,5SIU
Q9Y233,5SIV
Q9Y233,5SIW
Q9Y233,5SIX
Q9Y233,5SIY
Q9Y233,5SIZ
Q9Y233,5SJ0
Q9Y233,5SJ1
Q9Y233,5SJ2
Q9Y233,5SJ3
Q9Y233,5SJ4
Q9Y233,5SJ5
Q9Y233,5SJ6
Q9Y233,5SJ7
Q9Y233,5SJ8
Q9Y233,5SJ9
Q9Y233,5SJA
Q9Y233,5SJB
Q9Y233,5SJC
Q9Y233,5SJD
Q9Y233,5SJE
Q9Y233,5SJF
Q9Y233,5SJG
Q9Y233,5SJH
Q9Y233,5SJI
Q9Y233,5SJJ
Q9Y233,5SJK
Q9Y233,5SJL
Q9Y233,5SJM
Q9Y233,5SJN
Q9Y233,5SJO
Q9Y233,5SJP
Q9Y233,5SJQ
Q9Y233,5SJR
Q9Y233,5SJS
Q9Y233,5SJT
Q9Y233,5SJU
Q9Y233,5SJV
Q9Y233,5SJW
Q9Y233,5SJX
Q9Y233,5SJY
Q9Y233,5SJZ
Q9Y233,5SK0
Q9Y233,5SK1
Q9Y233,5SK2
Q9Y233,5SK3
Q9Y233,5SK4
Q9Y233,5SK5
Q9Y233,5SK6
Q9Y233,5SK7
Q9Y233,5SK8
Q9Y233,5SK9
Q9Y233,5SKA
Q9Y233,5SKB
Q9Y233,5SKC
Q9Y233,5SKD
Q9Y233,5SKE
Q9Y233,5SKF
Q9Y233,5SKG
Q9Y233,5SKH
Q9Y233,5SKI
Q9Y233,5SKJ
Q9Y233,5SKK
Q9Y233,5SKL
Q9Y233,5SKM
Q9Y233,5SKN
Q9Y233,5SKO
Q9Y233,5SKP
Q9Y233,5SKQ
Q9Y233,5SKR
Q9Y233,5SKS
Q9Y233,5SKT
Q9Y233,5SKU
Q9Y233,5SKV
Q9Y233,5UWF
Q9Y233,5XUI
Q9Y233,5XUJ
Q9Y233,5ZNL
Q9Y233,6IJH
Q9Y233,6IJI
Q9Y233,6KDX
Q9Y233,6KDZ
Q9Y233,6KE0
Q9Y233,6KO0
Q9Y233,6KO1
Q9Y233,6KZE
Q9Y233,6MSA
Q9Y233,6MSC
Q9Y233,7BPI
Q9Y233,7QPF
Q9Y233,7QPM
Q9Y233,7QPQ
Q9Y233,7QPV
Q9Y233,7QQ4
Q9Y233,8DI4
Q9Y233,8XV3
Q9Y233,9JA8
Q9Y233,9JDU
Q9Y239,2B1W
Q9Y239,2DBD
Q9Y239,2NSN
Q9Y239,2NZ7
Q9Y239,4E9M
Q9Y241,2LOM
Q9Y243,2X18
Q9Y243,8ZXW
Q9Y258,1G2S
Q9Y258,1G2T
Q9Y261,5X07
Q9Y261,7YZE
Q9Y261,7YZF
Q9Y263,2K89
Q9Y263,2K8A
Q9Y265,2C9O
Q9Y265,2XSZ
Q9Y265,5OAF
Q9Y265,6FO1
Q9Y265,6K0R
Q9Y265,6QI8
Q9Y265,6QI9
Q9Y265,7AHO
Q9Y265,7P6X
Q9Y265,9EMA
Q9Y265,9EMC
Q9Y266,3QOR
Q9Y287,8RNU
Q9Y295,2EKI
Q9Y2C9,4OM7
Q9Y2G1,5YHU
Q9Y2G1,5ZHU
Q9Y2G2,4IKM
Q9Y2G2,6K9F
Q9Y2G2,6XKJ
Q9Y2J2,2HE7
Q9Y2J2,3BIN
Q9Y2J2,5RYM
Q9Y2J2,5RYN
Q9Y2J2,5RYO
Q9Y2J2,5RYP
Q9Y2J2,5RYQ
Q9Y2J2,5RYR
Q9Y2J2,5RYS
Q9Y2J2,5RYT
Q9Y2J2,5RYU
Q9Y2J2,5RYV
Q9Y2J2,5RYW
Q9Y2J2,5RYX
Q9Y2J2,5RYY
Q9Y2J2,5RYZ
Q9Y2J2,5RZ0
Q9Y2J2,5RZ1
Q9Y2J2,5RZ2
Q9Y2J2,5RZ3
Q9Y2J2,5RZ4
Q9Y2J2,5RZ5
Q9Y2J2,5RZ6
Q9Y2J2,5RZ7
Q9Y2J2,5RZ8
Q9Y2J2,5RZ9
Q9Y2J2,5RZA
Q9Y2J2,5RZB
Q9Y2J2,5RZC
Q9Y2J2,5RZD
Q9Y2J2,5RZE
Q9Y2J2,5RZF
Q9Y2J2,5RZG
Q9Y2J2,5RZH
Q9Y2J2,5RZI
Q9Y2J2,5RZJ
Q9Y2J2,5RZK
Q9Y2J2,5RZL
Q9Y2J2,5RZM
Q9Y2J2,5RZN
Q9Y2J2,5RZO
Q9Y2J2,5RZP
Q9Y2J2,5RZQ
Q9Y2J2,5RZR
Q9Y2J2,5RZS
Q9Y2J2,5RZT
Q9Y2J2,5RZU
Q9Y2J2,5RZV
Q9Y2J2,5RZW
Q9Y2J2,5RZX
Q9Y2J2,5RZY
Q9Y2J2,5RZZ
Q9Y2J2,5S00
Q9Y2J2,6IBE
Q9Y2J8,4N20
Q9Y2J8,4N22
Q9Y2J8,4N24
Q9Y2J8,4N25
Q9Y2J8,4N26
Q9Y2J8,4N28
Q9Y2J8,4N2A
Q9Y2J8,4N2B
Q9Y2J8,4N2C
Q9Y2J8,4N2D
Q9Y2J8,4N2E
Q9Y2J8,4N2F
Q9Y2J8,4N2G
Q9Y2J8,4N2H
Q9Y2J8,4N2I
Q9Y2J8,4N2K
Q9Y2J8,4N2L
Q9Y2J8,4N2M
Q9Y2J8,4N2N
Q9Y2J8,9B96
Q9Y2J8,9B97
Q9Y2J8,9B98
Q9Y2J8,9DOL
Q9Y2K2,8OKU
Q9Y2K2,8R4O
Q9Y2K2,8R4Q
Q9Y2K2,8R4U
Q9Y2K2,8R4V
Q9Y2K6,6KCZ
Q9Y2K7,2YU1
Q9Y2K7,2YU2
Q9Y2K7,4BBQ
Q9Y2K7,7UV9
Q9Y2N7,4WN5
Q9Y2Q0,6K7G
Q9Y2Q0,6K7H
Q9Y2Q0,6K7I
Q9Y2Q0,6K7J
Q9Y2Q0,6K7K
Q9Y2Q0,6K7L
Q9Y2Q0,6K7M
Q9Y2Q0,6K7N
Q9Y2Q5,5X6U
Q9Y2Q5,5X6V
Q9Y2Q5,5Y39
Q9Y2Q5,5Y3A
Q9Y2Q5,5YK3
Q9Y2Q5,6B9X
Q9Y2Q5,6EHP
Q9Y2Q5,6EHR
Q9Y2Q5,6NZD
Q9Y2Q5,6U62
Q9Y2Q5,6ULG
Q9Y2Q5,6WJ2
Q9Y2Q5,6WJ3
Q9Y2Q5,7T3A
Q9Y2Q5,7T3B
Q9Y2Q5,7T3C
Q9Y2Q5,7UX2
Q9Y2Q5,7UXC
Q9Y2Q5,7UXH
Q9Y2Q5,8DHB
Q9Y2Q5,9ED4
Q9Y2Q5,9ED6
Q9Y2R4,3DKP
Q9Y2S7,6Z9C
Q9Y2S7,6ZLX
Q9Y2T1,8HEO
Q9Y2T6,8ZX4
Q9Y2T6,8ZX5
Q9Y2T6,9GE2
Q9Y2T6,9GE3
Q9Y2T6,9IY8
Q9Y2T6,9IYA
Q9Y2T7,7F3I
Q9Y2T7,7F3J
Q9Y2T7,7F3K
Q9Y2T7,7F3L
Q9Y2U5,2CU1
Q9Y2U5,2NPT
Q9Y2U5,6LDV
Q9Y2U5,6LDW
Q9Y2U5,6LDX
Q9Y2U5,6LDY
Q9Y2U8,2CH0
Q9Y2U8,5ZOJ
Q9Y2U8,5ZOK
Q9Y2V2,3AQQ
Q9Y2W7,2E6W
Q9Y2Z0,1RL1
Q9Y2Z4,2PID
Q9Y2Z4,3ZXI
Q9Y320,2DJ0
Q9Y365,6SER
Q9Y371,6UP6
Q9Y371,6UPN
Q9Y371,9G2R
Q9Y371,9G2U
Q9Y371,9G2W
Q9Y397,8HF3
Q9Y3A3,5YF4
Q9Y3A3,7K36
Q9Y3B8,6J7Y
Q9Y3B8,6J7Z
Q9Y3B8,6J80
Q9Y3B8,6N6I
Q9Y3B8,6N6J
Q9Y3B8,6N6K
Q9Y3B8,6RCI
Q9Y3B8,6RCL
Q9Y3B8,6RCN
Q9Y3B8,6STY
Q9Y3C4,3ENP
Q9Y3I0,7P3B
Q9Y3I0,8BTT
Q9Y3I0,8ODO
Q9Y3I0,8ODP
Q9Y3I1,4L9C
Q9Y3I1,4L9H
Q9Y3L3,4J9D
Q9Y3L3,4J9F
Q9Y3P9,4NC6
Q9Y3Q4,2MNG
Q9Y3Q4,3OTF
Q9Y3Q4,3U11
Q9Y3Q4,4HBN
Q9Y3Q4,4KL1
Q9Y3Q4,4NVP
Q9Y3Q4,6GYN
Q9Y3Q4,6GYO
Q9Y3R0,2JIL
Q9Y3R4,1SNT
Q9Y3R4,1SO7
Q9Y3R4,1VCU
Q9Y3R4,2F0Z
Q9Y3R4,2F10
Q9Y3R4,2F11
Q9Y3R4,2F12
Q9Y3R4,2F13
Q9Y3R4,2F24
Q9Y3R4,2F25
Q9Y3R4,2F26
Q9Y3R4,2F27
Q9Y3R4,2F28
Q9Y3R4,2F29
Q9Y3R4,4NC5
Q9Y3R4,4NCS
Q9Y3V2,2EBK
Q9Y450,5LZW
Q9Y450,5LZX
Q9Y450,5LZY
Q9Y450,5LZZ
Q9Y463,8C2Z
Q9Y4C8,2DGW
Q9Y4D1,2J1D
Q9Y4D1,2Z6E
Q9Y4D7,3H6N
Q9Y4E8,1W6V
Q9Y4E8,3LMN
Q9Y4E8,3PPA
Q9Y4E8,3PV1
Q9Y4E8,3T9L
Q9Y4E8,4A3O
Q9Y4E8,4A3P
Q9Y4E8,6CPM
Q9Y4E8,6CRN
Q9Y4E8,6DJ9
Q9Y4E8,6GH9
Q9Y4E8,6GHA
Q9Y4E8,6ML1
Q9Y4E8,7R2G
Q9Y4K0,5ZE3
Q9Y4K3,1LB4
Q9Y4K3,1LB6
Q9Y4K3,2ECI
Q9Y4K3,2JMD
Q9Y4K3,3HCS
Q9Y4K3,4Z8M
Q9Y4K3,8HZ2
Q9Y4P1,2CY7
Q9Y4P1,2D1I
Q9Y4P8,7MU2
Q9Y4P9,2EE7
Q9Y4P9,9NTM
Q9Y4U1,3SBY
Q9Y4U1,3SBZ
Q9Y4U1,3SC0
Q9Y4U1,3SOM
Q9Y4U1,5UOS
Q9Y4U1,7WUZ
Q9Y4W2,9DUN
Q9Y4W6,2LNA
Q9Y4W6,6NYY
Q9Y4X5,1WD2
Q9Y4X5,2M9Y
Q9Y4X5,4KBL
Q9Y4X5,4KC9
Q9Y512,6YOO
Q9Y512,6YOP
Q9Y530,2EEE
Q9Y530,2L8R
Q9Y530,2LGR
Q9Y530,4J5Q
Q9Y530,4J5R
Q9Y530,4J5S
Q9Y572,5V7Z
Q9Y572,5ZCK
Q9Y572,7DA4
Q9Y572,7DAC
Q9Y572,7MX3
Q9Y572,8Z94
Q9Y572,9LFU
Q9Y580,2M8H
Q9Y580,5IQQ
Q9Y5A9,4RDN
Q9Y5A9,4RDO
Q9Y5A9,4WQN
Q9Y5A9,7A1V
Q9Y5A9,7BIK
Q9Y5A9,7R5F
Q9Y5A9,7R5L
Q9Y5A9,7R5W
Q9Y5A9,7YWB
Q9Y5A9,7YX6
Q9Y5A9,7YXE
Q9Y5A9,7Z26
Q9Y5A9,7Z4U
Q9Y5A9,7Z54
Q9Y5A9,7Z5M
Q9Y5A9,7Z7B
Q9Y5A9,7Z7F
Q9Y5A9,7Z8P
Q9Y5A9,7Z8W
Q9Y5A9,7Z8X
Q9Y5A9,7Z92
Q9Y5A9,7Z93
Q9Y5A9,7ZG4
Q9Y5A9,9QEL
Q9Y5A9,9QEM
Q9Y5A9,9QEO
Q9Y5A9,9QFL
Q9Y5A9,9QIU
Q9Y5B0,1J2X
Q9Y5B0,1ONV
Q9Y5B0,2K7L
Q9Y5K5,3A7S
Q9Y5K5,3IHR
Q9Y5K5,3RII
Q9Y5K5,3RIS
Q9Y5K5,3TB3
Q9Y5K5,4UF5
Q9Y5K5,4WLP
Q9Y5K6,2FEI
Q9Y5K6,2J6K
Q9Y5K6,4X1V
Q9Y5L0,4C0P
Q9Y5P4,2E3M
Q9Y5P4,2E3N
Q9Y5P4,2E3O
Q9Y5P4,2E3P
Q9Y5P4,2E3Q
Q9Y5P4,2E3R
Q9Y5P4,2E3S
Q9Y5P4,2RSG
Q9Y5P4,2Z9Y
Q9Y5P4,2Z9Z
Q9Y5P4,3H3Q
Q9Y5P4,3H3R
Q9Y5P4,3H3S
Q9Y5P4,3H3T
Q9Y5P4,4HHV
Q9Y5P4,5JJD
Q9Y5P4,5ZYG
Q9Y5P4,5ZYH
Q9Y5P4,5ZYI
Q9Y5P4,5ZYJ
Q9Y5P4,5ZYK
Q9Y5P4,5ZYL
Q9Y5P4,5ZYM
Q9Y5P4,6IEZ
Q9Y5P4,6IF0
Q9Y5P4,6J0O
Q9Y5P4,6J81
Q9Y5S1,2F37
Q9Y5S2,3QFV
Q9Y5S2,3TKU
Q9Y5S2,4UAK
Q9Y5S2,4UAL
Q9Y5S2,5OTE
Q9Y5S2,5OTF
Q9Y5U4,4J82
Q9Y5U8,9O9S
Q9Y5U8,9O9T
Q9Y5W7,4BGJ
Q9Y5W7,4PQO
Q9Y5W7,4PQP
Q9Y5W8,7WF6
Q9Y5W9,4IKB
Q9Y5W9,4IKD
Q9Y5W9,6KOI
Q9Y5W9,6KOJ
Q9Y5W9,6KOK
Q9Y5X3,1SYS
Q9Y5X3,5TGH
Q9Y5X3,5TGI
Q9Y5X3,5TGJ
Q9Y5X3,5WY2
Q9Y5X3,6N5X
Q9Y5X3,6N5Y
Q9Y5X3,6N5Z
Q9Y5Y7,8OS2
Q9Y5Y7,8OXD
Q9Y5Z0,2EWY
Q9Y5Z0,3ZKG
Q9Y5Z0,3ZKI
Q9Y5Z0,3ZKM
Q9Y5Z0,3ZKN
Q9Y5Z0,3ZKQ
Q9Y5Z0,3ZKS
Q9Y5Z0,3ZKX
Q9Y5Z0,3ZL7
Q9Y5Z0,3ZLQ
Q9Y5Z0,4BEL
Q9Y5Z0,4BFB
Q9Y5Z0,6JSZ
Q9Y5Z0,6UJ0
Q9Y5Z0,6UJ1
Q9Y5Z0,7D5B
Q9Y5Z0,7D5U
Q9Y5Z0,7F1G
Q9Y5Z0,7N4N
Q9Y5Z4,3R85
Q9Y5Z4,3R8J
Q9Y5Z4,3R8K
Q9Y5Z4,4AYZ
Q9Y5Z4,4B0Y
Q9Y606,4IQM
Q9Y606,4ITS
Q9Y606,4J37
Q9Y606,4NZ6
Q9Y606,4NZ7
Q9Y615,2XQN
Q9Y616,5UKE
Q9Y616,6RUU
Q9Y616,6ZIW
Q9Y624,1NBQ
Q9Y624,3EOY
Q9Y624,4ODB
Q9Y653,7SF8
Q9Y657,2NS2
Q9Y657,4H75
Q9Y657,4MZF
Q9Y657,4MZG
Q9Y657,4MZH
Q9Y657,5JSG
Q9Y657,5JSJ
Q9Y657,5Y5W
Q9Y657,6I8B
Q9Y657,6I8L
Q9Y657,6I8Y
Q9Y657,6QPL
Q9Y657,7BQZ
Q9Y657,7BU9
Q9Y657,7CNA
Q9Y657,7E9M
Q9Y657,7EA1
Q9Y657,7OCB
Q9Y657,8GTX
Q9Y678,1R4X
Q9Y679,2EKF
Q9Y679,7LEW
Q9Y697,5USR
Q9Y697,5WGB
Q9Y6A5,5LXN
Q9Y6A5,5LXO
Q9Y6A5,5ODS
Q9Y6A5,9OPF
Q9Y6B2,7SMD
Q9Y6B7,2MJ7
Q9Y6C2,2KA3
Q9Y6C2,2OII
Q9Y6D0,6DO3
Q9Y6D6,3LTL
Q9Y6D9,4DZO
Q9Y6D9,7B1F
Q9Y6D9,7B1H
Q9Y6D9,7B1J
Q9Y6F1,2EOC
Q9Y6F1,3C49
Q9Y6F1,3C4H
Q9Y6F1,3CE0
Q9Y6F1,3FHB
Q9Y6F1,4GV0
Q9Y6F1,4GV2
Q9Y6F1,4GV4
Q9Y6F1,4L6Z
Q9Y6F1,4L70
Q9Y6F1,4L7L
Q9Y6F1,4L7N
Q9Y6F1,4L7O
Q9Y6F1,4L7P
Q9Y6F1,4L7R
Q9Y6F1,4L7U
Q9Y6G1,2LOO
Q9Y6G1,2LOP
Q9Y6G5,8ESD
Q9Y6H5,2KES
Q9Y6H6,2NDJ
Q9Y6I9,7VEC
Q9Y6I9,7VED
Q9Y6J6,2M0Q
Q9Y6K0,8GYW
Q9Y6K0,8GYX
Q9Y6K1,2QRV
Q9Y6K1,3A1A
Q9Y6K1,3A1B
Q9Y6K1,3LLR
Q9Y6K1,3SVM
Q9Y6K1,4QBQ
Q9Y6K1,4QBR
Q9Y6K1,4QBS
Q9Y6K1,4U7P
Q9Y6K1,4U7T
Q9Y6K1,5YX2
Q9Y6K1,6BRR
Q9Y6K1,6F57
Q9Y6K1,6PA7
Q9Y6K1,6W89
Q9Y6K1,6W8B
Q9Y6K1,6W8D
Q9Y6K1,6W8J
Q9Y6K1,8BA5
Q9Y6K1,8QZM
Q9Y6K1,8TDR
Q9Y6K1,8TE1
Q9Y6K1,8TE3
Q9Y6K1,8TE4
Q9Y6K1,8UW1
Q9Y6K8,2BWJ
Q9Y6K9,2JVX
Q9Y6K9,2JVY
Q9Y6K9,3CL3
Q9Y6K9,3FX0
Q9Y6K9,4BWN
Q9Y6K9,5AAY
Q9Y6K9,5LDE
Q9Y6K9,6MI3
Q9Y6K9,6MI4
Q9Y6K9,6XX0
Q9Y6K9,6YEK
Q9Y6K9,7T2U
Q9Y6K9,8U7C
Q9Y6L6,8HNB
Q9Y6L6,8HNC
Q9Y6L6,8HND
Q9Y6L6,8HNH
Q9Y6L6,8K6L
Q9Y6L6,8PHW
Q9Y6L6,9CY1
Q9Y6L6,9CY3
Q9Y6L6,9CY4
Q9Y6M1,2CQH
Q9Y6M1,6ROL
Q9Y6M1,7Q98
Q9Y6M1,7Q99
Q9Y6N7,2EO9
Q9Y6N7,2V9Q
Q9Y6N7,2V9R
Q9Y6N7,2V9T
Q9Y6N7,3WIH
Q9Y6N7,4HLJ
Q9Y6N7,5O5G
Q9Y6N7,5O5I
Q9Y6N7,5OPE
Q9Y6N7,6A77
Q9Y6N7,6A78
Q9Y6N7,6A79
Q9Y6N9,1X5N
Q9Y6N9,2KBQ
Q9Y6N9,2KBR
Q9Y6N9,2KBS
Q9Y6N9,2LSR
Q9Y6N9,5F3X
Q9Y6N9,5MV8
Q9Y6N9,5MV9
Q9Y6N9,5XBF
Q9Y6N9,7X2E
Q9Y6Q6,1LB5
Q9Y6R1,6CAA
Q9Y6R9,6HXT
Q9Y6W5,2A40
Q9Y6X5,4LQY
Q9Y6X5,4LR2
Q9Y6X9,5OF9
Q9Y6X9,5OFA
Q9Y6X9,5OFB
Q9Y6X9,9CDF
Q9Y6X9,9CDG
Q9Y6X9,9CDH
Q9Y6X9,9CDI
Q9Y6X9,9CDJ
Q9Y6Y0,5YY8
Q9Y6Y0,6N34
Q9Y6Y0,6N3H
Q9Y6Y9,2E56
Q9Y6Y9,2E59
Q9Y7L8,9AXT
Q9Y7L8,9AXV
Q9Y7Q6,5H6Z
Q9Y7Q6,5WW0
Q9Y7R3,5OQR
Q9YGJ0,1MR6
Q9YHT1,1YQ3
Q9YHT1,1YQ4
Q9YHT1,2FBW
Q9YHT1,2H88
Q9YHT1,2H89
Q9YHT1,2WQY
Q9YHT1,6MYO
Q9YHT1,6MYP
Q9YHT1,6MYQ
Q9YHT1,6MYR
Q9YHT1,6MYS
Q9YHT1,6MYT
Q9YHT1,6MYU
Q9Z0F3,2KUA
Q9Z0G9,6AKE
Q9Z0G9,6AKF
Q9Z0G9,6AKG
Q9Z0J1,6WBH
Q9Z0J1,6WBJ
Q9Z0R4,3JV3
Q9Z0U4,1SRZ
Q9Z0U4,1SS2
Q9Z0X1,1GV4
Q9Z0X1,3GD3
Q9Z0X1,3GD4
Q9Z0X1,5MIU
Q9Z0X1,5MIV
Q9Z0X1,8QNS
Q9Z1B8,5XFQ
Q9Z1X4,4AT7
Q9Z1X4,4AT8
Q9Z1X4,4AT9
Q9Z1X4,4ATB
Q9Z1X4,5DV7
Q9Z214,1DDW
Q9Z214,1I2H
Q9Z214,3CVE
Q9Z270,1Z9L
Q9Z270,1Z9O
Q9Z272,2JX0
Q9Z272,2W6A
Q9Z2F5,1HKU
Q9Z2F5,1HL3
Q9Z2F5,2HU2
Q9Z2F5,3GA0
Q9Z2G0,7ROY
Q9Z2I6,5JMC
Q9Z2T2,7SK0
Q9Z2T2,7SK1
Q9Z2X8,1X2J
Q9Z2X8,2Z32
Q9Z2X8,4ZY3
Q9Z2X8,5CGJ
Q9Z2X8,5FNQ
Q9Z2X8,5FNR
Q9Z2X8,5FNS
Q9Z2X8,5FNT
Q9Z2X8,5FNU
Q9Z2X8,5FZJ
Q9Z2X8,5FZN
Q9Z2X8,6QMC
Q9Z2X8,6QMD
Q9Z2X8,6QME
Q9Z2X8,6QMJ
Q9Z2X8,6QMK
Q9Z2X8,6ZEW
Q9Z2X8,6ZEX
Q9Z2X8,6ZEY
Q9Z2X8,6ZEZ
Q9Z2X8,6ZF0
Q9Z2X8,6ZF1
Q9Z2X8,6ZF2
Q9Z2X8,6ZF3
Q9Z2X8,6ZF4
Q9Z2X8,6ZF5
Q9Z2X8,6ZF6
Q9Z2X8,6ZF7
Q9Z2X8,6ZF8
Q9Z2X8,7C5E
Q9Z2X8,7C60
Q9Z2X8,7OF8
Q9Z2X8,7OF9
Q9Z2X8,7OFA
Q9Z2X8,7OFB
Q9Z2X8,7OFC
Q9Z2X8,7OFD
Q9Z2X8,7OFE
Q9Z2X8,7OFF
Q9Z2X8,7P58
Q9Z2X8,7P5E
Q9Z2X8,7P5F
Q9Z2X8,7P5I
Q9Z2X8,7P5K
Q9Z2X8,7P5N
Q9Z2X8,7P5P
Q9Z2X8,7YEN
Q9Z2X8,8A46
Q9Z2X8,8Q1Q
Q9Z2X8,8Q1R
Q9Z2X8,9F2P
Q9Z2X8,9F2Q
Q9Z2X8,9HWQ
Q9Z2X8,9HWR
Q9Z2X8,9HWS
Q9Z2X8,9HWT
Q9Z2X8,9HWU
Q9Z2X8,9HWV
Q9Z2X8,9HWW
Q9Z2X8,9HWX
Q9ZNR6,6HX3
Q9ZNR6,6HXG
Q9ZNR6,6HYE
Q9ZNR6,7LB5
Q9ZNR6,7LB6
Q9ZNV8,4PAC
Q9ZNV9,9H6E
Q9ZPS9,9S9C
Q9ZR72,8ZPX
Q9ZR72,8ZPZ
Q9ZR72,8ZQ4
Q9ZR72,9JUJ
Q9ZR72,9JUK
Q9ZR72,9JUL
Q9ZR72,9JUM
Q9ZR72,9JUN
Q9ZR72,9JUO
Q9ZR72,9JUP
Q9ZVL6,3PTJ
Q9ZVL6,3PVH
Q9ZVL6,3PW9
Q9ZVR7,4Z63
Q9ZWC8,4J0M
Q9ZWR8,7DEV
Q9ZWR8,7DEX
R4ZCU1,2LZO
S4R2P9,2LT9
U3FAE1,4RUD
U3KRG1,4J4M
V9M2S5,5KU7
V9M398,6O0W
V9M398,7RTS
V9M398,7RX1
V9M398,7S2Z
W3VKA4,2VEO
W3VKA4,3GUU
W4VS16,6Q5Z
W5XKT8,7TA2
X5I9Y2,1NOT
X5I9Y2,1QS3
X5I9Y2,1XGA
X5I9Y2,1XGB
X5I9Y2,1XGC
X5I9Y2,2FR9
X5I9Y2,2FRB
X5IWS1,2N8H
X5IY26,6CEI
